state,county,county_id,year,prim_or_gen,pres,treat,cvap,ballots_cast,dem_share_pres,dem_share_gov,dem_share_sen,turnout_share,year2,state_year,state_year_id
CA,Alameda,1,1998,general,0,0,896920.0,397047.0,,0.7649454474449158,,0.44512438774108887,3992004.0,CA_1998,0
CA,Alameda,1,2000,general,1,0,,,0.7419142127037048,,,,4000000.0,CA_2000,1
CA,Alameda,1,2002,general,0,0,,346434.0,,0.7387482523918152,,0.3841375410556793,4008004.0,CA_2002,2
CA,Alameda,1,2004,general,1,0,,567915.0,0.7634834051132202,,,0.6263000965118408,4016016.0,CA_2004,3
CA,Alameda,1,2006,general,0,0,,415638.0,,0.6071346402168274,,0.455890029668808,4024036.0,CA_2006,4
CA,Alameda,1,2008,general,1,0,,628545.0,0.8035770058631897,,,0.6857087016105652,4032064.0,CA_2008,5
CA,Alameda,1,2010,general,0,0,937530.0,468483.0,,0.7659573554992676,,0.499699205160141,4040100.0,CA_2010,6
CA,Alameda,1,2012,general,1,0,970755.0,602479.0,0.8127905130386353,,,0.6206293106079102,4048144.0,CA_2012,7
CA,Alameda,1,2014,general,0,0,1005255.0,366599.0,,0.8217055201530457,,0.3646825850009918,4056196.0,CA_2014,8
CA,Alameda,1,2016,general,1,0,1040380.0,670245.0,0.8429475426673889,,,0.6442309617996216,4064256.0,CA_2016,9
CA,Alameda,1,2018,general,0,0,1069835.0,587501.0,,0.8055204153060913,,0.5491510629653931,4072324.0,CA_2018,10
CA,Alameda,1,2020,general,1,0,1083582.0,770070.0,0.8192111601553381,,,0.7106707198901422,4080400.0,CA_2020,11
CA,Alameda,1,2022,general,0,1,1083582.0,487969.0,,0.7931774354518423,,0.4503295551236547,4088484.0,CA_2022,12
CA,Alameda,1,2024,general,1,1,1083582.0,669907.0,0.7801339913171128,,,0.6182337838760703,4096576.0,CA_2024,13
CA,Alpine,2,1998,general,0,0,920.0,585.0,,0.5357142686843872,,0.6208726167678833,3992004.0,CA_1998,0
CA,Alpine,2,2000,general,1,0,,,0.4853479862213135,,,,4000000.0,CA_2000,1
CA,Alpine,2,2002,general,0,0,,582.0,,0.4810924232006073,,0.6482673287391663,4008004.0,CA_2002,2
CA,Alpine,2,2004,general,1,0,,714.0,0.5453216433525085,,,0.8154822587966919,4016016.0,CA_2004,3
CA,Alpine,2,2006,general,0,0,,556.0,,0.4249512553215027,,0.651562511920929,4024036.0,CA_2006,4
CA,Alpine,2,2008,general,1,0,,697.0,0.6261127591133118,,,0.8386363983154297,4032064.0,CA_2008,5
CA,Alpine,2,2010,general,0,0,835.0,566.0,,0.5831809639930725,,0.6778442859649658,4040100.0,CA_2010,6
CA,Alpine,2,2012,general,1,0,900.0,656.0,0.6223999857902527,,,0.7288888692855835,4048144.0,CA_2012,7
CA,Alpine,2,2014,general,0,0,950.0,468.0,,0.6187363862991333,,0.49263158440589905,4056196.0,CA_2014,8
CA,Alpine,2,2016,general,1,0,895.0,621.0,0.6061705946922302,,,0.6938547492027283,4064256.0,CA_2016,9
CA,Alpine,2,2018,general,0,0,895.0,626.0,,0.6276422739028931,,0.6994413137435913,4072324.0,CA_2018,10
CA,Alpine,2,2020,general,1,0,1273.0,741.0,0.6611111111111111,,,0.582089552238806,4080400.0,CA_2020,11
CA,Alpine,2,2022,general,0,0,1273.0,619.0,,0.5864297253634895,,0.48625294579732914,4088484.0,CA_2022,12
CA,Alpine,2,2024,general,1,0,1273.0,738.0,0.6634349030470914,,,0.579732914375491,4096576.0,CA_2024,13
CA,Amador,3,1998,general,0,0,27430.0,13651.0,,0.5051940083503723,,0.5096403956413269,3992004.0,CA_1998,0
CA,Amador,3,2000,general,1,0,,,0.40253543853759766,,,,4000000.0,CA_2000,1
CA,Amador,3,2002,general,0,0,,13472.0,,0.38805317878723145,,0.47986701130867004,4008004.0,CA_2002,2
CA,Amador,3,2004,general,1,0,,18088.0,0.370636910200119,,,0.6298294067382812,4016016.0,CA_2004,3
CA,Amador,3,2006,general,0,0,,15217.0,,0.23772060871124268,,0.5182313323020935,4024036.0,CA_2006,4
CA,Amador,3,2008,general,1,0,,19006.0,0.42522042989730835,,,0.6333691477775574,4032064.0,CA_2008,5
CA,Amador,3,2010,general,0,0,30500.0,16566.0,,0.44230392575263977,,0.5431475639343262,4040100.0,CA_2010,6
CA,Amador,3,2012,general,1,0,30475.0,17886.0,0.39915844798088074,,,0.5869073271751404,4048144.0,CA_2012,7
CA,Amador,3,2014,general,0,0,30145.0,13083.0,,0.44554221630096436,,0.4340023100376129,4056196.0,CA_2014,8
CA,Amador,3,2016,general,1,0,30240.0,18289.0,0.36412152647972107,,,0.604794979095459,4064256.0,CA_2016,9
CA,Amador,3,2018,general,0,0,31115.0,17784.0,,0.35451599955558777,,0.5715571045875549,4072324.0,CA_2018,10
CA,Amador,3,2020,general,1,1,34130.0,22304.0,0.3750575029901555,,,0.6535013184881336,4080400.0,CA_2020,11
CA,Amador,3,2022,general,0,1,34130.0,18655.0,,0.3230769230769231,,0.5465865807207735,4088484.0,CA_2022,12
CA,Amador,3,2024,general,1,1,34130.0,22403.0,0.35700197238658776,,,0.6564019923820685,4096576.0,CA_2024,13
CA,Butte,4,1998,general,0,0,146805.0,66217.0,,0.4798651933670044,,0.4619593918323517,3992004.0,CA_1998,0
CA,Butte,4,2000,general,1,0,,,0.4073997139930725,,,,4000000.0,CA_2000,1
CA,Butte,4,2002,general,0,0,,62511.0,,0.37276336550712585,,0.4159896671772003,4008004.0,CA_2002,2
CA,Butte,4,2004,general,1,0,,96967.0,0.4510466456413269,,,0.6307366490364075,4016016.0,CA_2004,3
CA,Butte,4,2006,general,0,0,,70298.0,,0.2905559837818146,,0.4471835494041443,4024036.0,CA_2006,4
CA,Butte,4,2008,general,1,0,,99392.0,0.5120509266853333,,,0.6186202764511108,4032064.0,CA_2008,5
CA,Butte,4,2010,general,0,0,163320.0,77434.0,,0.46611037850379944,,0.4741244316101074,4040100.0,CA_2010,6
CA,Butte,4,2012,general,1,0,165830.0,91722.0,0.48961538076400757,,,0.5531086325645447,4048144.0,CA_2012,7
CA,Butte,4,2014,general,0,0,168430.0,63489.0,,0.4779096245765686,,0.3769459128379822,4056196.0,CA_2014,8
CA,Butte,4,2016,general,1,0,170635.0,98879.0,0.4793740212917328,,,0.5794766545295715,4064256.0,CA_2016,9
CA,Butte,4,2018,general,0,0,173840.0,90118.0,,0.46773213148117065,,0.5183961987495422,4072324.0,CA_2018,10
CA,Butte,4,2020,general,1,1,157637.0,102066.0,0.508552180402598,,,0.6474748948533656,4080400.0,CA_2020,11
CA,Butte,4,2022,general,0,1,157637.0,72441.0,,0.4348642343424304,,0.45954312756522897,4088484.0,CA_2022,12
CA,Butte,4,2024,general,1,1,157637.0,94556.0,0.48385791022569385,,,0.5998337953653013,4096576.0,CA_2024,13
CA,Calaveras,5,1998,general,0,0,30920.0,16365.0,,0.4744648039340973,,0.5514640212059021,3992004.0,CA_1998,0
CA,Calaveras,5,2000,general,1,0,,,0.4009156823158264,,,,4000000.0,CA_2000,1
CA,Calaveras,5,2002,general,0,0,,15553.0,,0.3840073049068451,,0.48354634642601013,4008004.0,CA_2002,2
CA,Calaveras,5,2004,general,1,0,,22521.0,0.37858089804649353,,,0.6741020083427429,4016016.0,CA_2004,3
CA,Calaveras,5,2006,general,0,0,,18321.0,,0.25166577100753784,,0.5286937355995178,4024036.0,CA_2006,4
CA,Calaveras,5,2008,general,1,0,,23588.0,0.4332832992076874,,,0.657088041305542,4032064.0,CA_2008,5
CA,Calaveras,5,2010,general,0,0,35945.0,20117.0,,0.4206720292568207,,0.5596606135368347,4040100.0,CA_2010,6
CA,Calaveras,5,2012,general,1,0,35920.0,22077.0,0.4121702015399933,,,0.614615797996521,4048144.0,CA_2012,7
CA,Calaveras,5,2014,general,0,0,35490.0,16101.0,,0.437273234128952,,0.45367708802223206,4056196.0,CA_2014,8
CA,Calaveras,5,2016,general,1,0,35475.0,23975.0,0.37026333808898926,,,0.6758280396461487,4064256.0,CA_2016,9
CA,Calaveras,5,2018,general,0,0,36165.0,21927.0,,0.3593243956565857,,0.6063044667243958,4072324.0,CA_2018,10
CA,Calaveras,5,2020,general,1,1,37029.0,27164.0,0.37818099683782563,,,0.7335871884198871,4080400.0,CA_2020,11
CA,Calaveras,5,2022,general,0,1,37029.0,21240.0,,0.3344161958568738,,0.573604472170461,4088484.0,CA_2022,12
CA,Calaveras,5,2024,general,1,1,37029.0,26480.0,0.35576997597457954,,,0.7151151799940587,4096576.0,CA_2024,13
CA,Colusa,6,1998,general,0,0,9685.0,4966.0,,0.449022501707077,,0.5285165309906006,3992004.0,CA_1998,0
CA,Colusa,6,2000,general,1,0,,,0.32471156120300293,,,,4000000.0,CA_2000,1
CA,Colusa,6,2002,general,0,0,,4675.0,,0.2932295501232147,,0.4687238931655884,4008004.0,CA_2002,2
CA,Colusa,6,2004,general,1,0,,6280.0,0.3197569251060486,,,0.6119201183319092,4016016.0,CA_2004,3
CA,Colusa,6,2006,general,0,0,,5056.0,,0.23149506747722626,,0.4791660010814667,4024036.0,CA_2006,4
CA,Colusa,6,2008,general,1,0,,6532.0,0.40764835476875305,,,0.6025521159172058,4032064.0,CA_2008,5
CA,Colusa,6,2010,general,0,0,11335.0,5312.0,,0.3800849914550781,,0.46863695979118347,4040100.0,CA_2010,6
CA,Colusa,6,2012,general,1,0,11675.0,6092.0,0.39120879769325256,,,0.5217987298965454,4048144.0,CA_2012,7
CA,Colusa,6,2014,general,0,0,11955.0,4422.0,,0.4272749125957489,,0.3698870837688446,4056196.0,CA_2014,8
CA,Colusa,6,2016,general,1,0,12230.0,6814.0,0.42836445569992065,,,0.5571545362472534,4064256.0,CA_2016,9
CA,Colusa,6,2018,general,0,0,12370.0,5815.0,,0.34686794877052307,,0.470088928937912,4072324.0,CA_2018,10
CA,Colusa,6,2020,general,1,0,12676.0,7961.0,0.4153629135675814,,,0.6280372357210476,4080400.0,CA_2020,11
CA,Colusa,6,2022,general,0,0,12676.0,5562.0,,0.2792161093131967,,0.4387819501420006,4088484.0,CA_2022,12
CA,Colusa,6,2024,general,1,0,12676.0,7021.0,0.35514974433893354,,,0.5538813505837804,4096576.0,CA_2024,13
CA,Contra Costa,7,1998,general,0,0,613960.0,306712.0,,0.647189736366272,,0.5068112015724182,3992004.0,CA_1998,0
CA,Contra Costa,7,2000,general,1,0,,,0.6134297251701355,,,,4000000.0,CA_2000,1
CA,Contra Costa,7,2002,general,0,0,,274087.0,,0.5987165570259094,,0.44013071060180664,4008004.0,CA_2002,2
CA,Contra Costa,7,2004,general,1,0,,418335.0,0.630737841129303,,,0.6624255776405334,4016016.0,CA_2004,3
CA,Contra Costa,7,2006,general,0,0,,308206.0,,0.44778385758399963,,0.4813462495803833,4024036.0,CA_2006,4
CA,Contra Costa,7,2008,general,1,0,,456876.0,0.6923090815544128,,,0.7038823962211609,4032064.0,CA_2008,5
CA,Contra Costa,7,2010,general,0,0,659020.0,352687.0,,0.6307303309440613,,0.5351688861846924,4040100.0,CA_2010,6
CA,Contra Costa,7,2012,general,1,0,682915.0,442143.0,0.6805431842803955,,,0.6474348902702332,4048144.0,CA_2012,7
CA,Contra Costa,7,2014,general,0,0,709400.0,259007.0,,0.6864557266235352,,0.36510711908340454,4056196.0,CA_2014,8
CA,Contra Costa,7,2016,general,1,0,730755.0,481355.0,0.7335833311080933,,,0.6587091684341431,4064256.0,CA_2016,9
CA,Contra Costa,7,2018,general,0,0,752720.0,423348.0,,0.6819776296615601,,0.5624243021011353,4072324.0,CA_2018,10
CA,Contra Costa,7,2020,general,1,0,792622.0,581316.0,0.731447503175158,,,0.7334088632412423,4080400.0,CA_2020,11
CA,Contra Costa,7,2022,general,0,0,792622.0,388503.0,,0.6830603624682435,,0.4901491505408631,4088484.0,CA_2022,12
CA,Contra Costa,7,2024,general,1,0,792622.0,528987.0,0.6962582825493433,,,0.6673887426793604,4096576.0,CA_2024,13
CA,Del Norte,8,1998,general,0,0,19745.0,7570.0,,0.5530620813369751,,0.38972628116607666,3992004.0,CA_1998,0
CA,Del Norte,8,2000,general,1,0,,,0.40782415866851807,,,,4000000.0,CA_2000,1
CA,Del Norte,8,2002,general,0,0,,6963.0,,0.4857855439186096,,0.34700295329093933,4008004.0,CA_2002,2
CA,Del Norte,8,2004,general,1,0,,9491.0,0.42084774374961853,,,0.4655366837978363,4016016.0,CA_2004,3
CA,Del Norte,8,2006,general,0,0,,6828.0,,0.4102106988430023,,0.3297223150730133,4024036.0,CA_2006,4
CA,Del Norte,8,2008,general,1,0,,9684.0,0.4653390645980835,,,0.4604971706867218,4032064.0,CA_2008,5
CA,Del Norte,8,2010,general,0,0,20990.0,8344.0,,0.5482186079025269,,0.39752262830734253,4040100.0,CA_2010,6
CA,Del Norte,8,2012,general,1,0,21335.0,8879.0,0.451041042804718,,,0.416170597076416,4048144.0,CA_2012,7
CA,Del Norte,8,2014,general,0,0,21115.0,7332.0,,0.49637115001678467,,0.3472413122653961,4056196.0,CA_2014,8
CA,Del Norte,8,2016,general,1,0,21065.0,9790.0,0.4043392539024353,,,0.4647519588470459,4064256.0,CA_2016,9
CA,Del Norte,8,2018,general,0,0,20610.0,8439.0,,0.41318443417549133,,0.40946143865585327,4072324.0,CA_2018,10
CA,Del Norte,8,2020,general,1,0,20599.0,11453.0,0.4199138085832286,,,0.5559978639739793,4080400.0,CA_2020,11
CA,Del Norte,8,2022,general,0,0,20599.0,8375.0,,0.3897313432835821,,0.40657313461818534,4088484.0,CA_2022,12
CA,Del Norte,8,2024,general,1,0,20599.0,10565.0,0.4155869459327813,,,0.5128889751929705,4096576.0,CA_2024,13
CA,El Dorado,9,1998,general,0,0,109920.0,58603.0,,0.4543895125389099,,0.5527136325836182,3992004.0,CA_1998,0
CA,El Dorado,9,2000,general,1,0,,,0.38409140706062317,,,,4000000.0,CA_2000,1
CA,El Dorado,9,2002,general,0,0,,57060.0,,0.3326977789402008,,0.5013521313667297,4008004.0,CA_2002,2
CA,El Dorado,9,2004,general,1,0,,87314.0,0.37878289818763733,,,0.7418071627616882,4016016.0,CA_2004,3
CA,El Dorado,9,2006,general,0,0,,68840.0,,0.2260286808013916,,0.566133975982666,4024036.0,CA_2006,4
CA,El Dorado,9,2008,general,1,0,,93890.0,0.44614335894584656,,,0.7481937408447266,4032064.0,CA_2008,5
CA,El Dorado,9,2010,general,0,0,131425.0,78610.0,,0.407219797372818,,0.5981358289718628,4040100.0,CA_2010,6
CA,El Dorado,9,2012,general,1,0,133260.0,89601.0,0.4082471430301666,,,0.6723772883415222,4048144.0,CA_2012,7
CA,El Dorado,9,2014,general,0,0,134790.0,62973.0,,0.45496177673339844,,0.4671934247016907,4056196.0,CA_2014,8
CA,El Dorado,9,2016,general,1,0,136940.0,97024.0,0.42502713203430176,,,0.7085146903991699,4064256.0,CA_2016,9
CA,El Dorado,9,2018,general,0,0,141080.0,90730.0,,0.4058387577533722,,0.6431102752685547,4072324.0,CA_2018,10
CA,El Dorado,9,2020,general,1,1,148458.0,116159.0,0.4549749248627257,,,0.782436783467378,4080400.0,CA_2020,11
CA,El Dorado,9,2022,general,0,1,148458.0,88671.0,,0.38946216914210957,,0.5972800387988522,4088484.0,CA_2022,12
CA,El Dorado,9,2024,general,1,1,148458.0,111908.0,0.4383983384185568,,,0.7538024222338978,4096576.0,CA_2024,13
CA,Fresno,10,1998,general,0,0,446270.0,178119.0,,0.4908267855644226,,0.41109761595726013,3992004.0,CA_1998,0
CA,Fresno,10,2000,general,1,0,,,0.44754496216773987,,,,4000000.0,CA_2000,1
CA,Fresno,10,2002,general,0,0,,159728.0,,0.4072269797325134,,0.34779173135757446,4008004.0,CA_2002,2
CA,Fresno,10,2004,general,1,0,,249905.0,0.4207928478717804,,,0.5291720032691956,4016016.0,CA_2004,3
CA,Fresno,10,2006,general,0,0,,179578.0,,0.3150659203529358,,0.3700731694698334,4024036.0,CA_2006,4
CA,Fresno,10,2008,general,1,0,,275554.0,0.5106285810470581,,,0.5530510544776917,4032064.0,CA_2008,5
CA,Fresno,10,2010,general,0,0,516405.0,204251.0,,0.45004016160964966,,0.3955248296260834,4040100.0,CA_2010,6
CA,Fresno,10,2012,general,1,0,530090.0,261652.0,0.5091456174850464,,,0.49359920620918274,4048144.0,CA_2012,7
CA,Fresno,10,2014,general,0,0,549675.0,163420.0,,0.47623008489608765,,0.2973029613494873,4056196.0,CA_2014,8
CA,Fresno,10,2016,general,1,0,566160.0,291890.0,0.5325784683227539,,,0.5155609846115112,4064256.0,CA_2016,9
CA,Fresno,10,2018,general,0,0,581040.0,256972.0,,0.4908371567726135,,0.4422621428966522,4072324.0,CA_2018,10
CA,Fresno,10,2020,general,1,1,633991.0,364917.0,0.539946683674183,,,0.5755870351471867,4080400.0,CA_2020,11
CA,Fresno,10,2022,general,0,1,633991.0,219085.0,,0.4492183399137321,,0.34556484240312557,4088484.0,CA_2022,12
CA,Fresno,10,2024,general,1,1,633991.0,326049.0,0.47749030080112864,,,0.5142801711696223,4096576.0,CA_2024,13
CA,Glenn,11,1998,general,0,0,15375.0,7652.0,,0.43209877610206604,,0.5102277994155884,3992004.0,CA_1998,0
CA,Glenn,11,2000,general,1,0,,,0.3012178838253021,,,,4000000.0,CA_2000,1
CA,Glenn,11,2002,general,0,0,,6667.0,,0.2830505669116974,,0.4232269525527954,4008004.0,CA_2002,2
CA,Glenn,11,2004,general,1,0,,9523.0,0.3219391703605652,,,0.590370237827301,4016016.0,CA_2004,3
CA,Glenn,11,2006,general,0,0,,7665.0,,0.19747081398963928,,0.4643109440803528,4024036.0,CA_2006,4
CA,Glenn,11,2008,general,1,0,,10053.0,0.3871837556362152,,,0.5953413248062134,4032064.0,CA_2008,5
CA,Glenn,11,2010,general,0,0,17155.0,8118.0,,0.3320915997028351,,0.4732148051261902,4040100.0,CA_2010,6
CA,Glenn,11,2012,general,1,0,17420.0,9334.0,0.36952871084213257,,,0.5358209013938904,4048144.0,CA_2012,7
CA,Glenn,11,2014,general,0,0,17290.0,6171.0,,0.343965083360672,,0.3569115102291107,4056196.0,CA_2014,8
CA,Glenn,11,2016,general,1,0,16830.0,9736.0,0.3462103307247162,,,0.5784907937049866,4064256.0,CA_2016,9
CA,Glenn,11,2018,general,0,0,16890.0,8439.0,,0.2909265458583832,,0.49964475631713867,4072324.0,CA_2018,10
CA,Glenn,11,2020,general,1,0,17611.0,11297.0,0.36127690359920417,,,0.641474078700812,4080400.0,CA_2020,11
CA,Glenn,11,2022,general,0,0,17611.0,7930.0,,0.24337957124842372,,0.4502867525978082,4088484.0,CA_2022,12
CA,Glenn,11,2024,general,1,0,17611.0,10442.0,0.32073986619441164,,,0.5929248764976435,4096576.0,CA_2024,13
CA,Humboldt,12,1998,general,0,0,94715.0,47339.0,,0.5748952627182007,,0.505641520023346,3992004.0,CA_1998,0
CA,Humboldt,12,2000,general,1,0,,,0.5169752240180969,,,,4000000.0,CA_2000,1
CA,Humboldt,12,2002,general,0,0,,43886.0,,0.5474632978439331,,0.4580603539943695,4008004.0,CA_2002,2
CA,Humboldt,12,2004,general,1,0,,66435.0,0.596339225769043,,,0.6855919361114502,4016016.0,CA_2004,3
CA,Humboldt,12,2006,general,0,0,,49148.0,,0.46295443177223206,,0.5015357732772827,4024036.0,CA_2006,4
CA,Humboldt,12,2008,general,1,0,,64358.0,0.6463968753814697,,,0.6495012640953064,4032064.0,CA_2008,5
CA,Humboldt,12,2010,general,0,0,102665.0,51792.0,,0.6089728474617004,,0.5044757127761841,4040100.0,CA_2010,6
CA,Humboldt,12,2012,general,1,0,103770.0,58092.0,0.6466912031173706,,,0.559814989566803,4048144.0,CA_2012,7
CA,Humboldt,12,2014,general,0,0,104410.0,38529.0,,0.6461277604103088,,0.3690163791179657,4056196.0,CA_2014,8
CA,Humboldt,12,2016,general,1,0,105070.0,60983.0,0.6437476873397827,,,0.5804035663604736,4064256.0,CA_2016,9
CA,Humboldt,12,2018,general,0,0,105400.0,53435.0,,0.6449405550956726,,0.5069734454154968,4072324.0,CA_2018,10
CA,Humboldt,12,2020,general,1,0,105903.0,68843.0,0.6728185397817789,,,0.6500571277489778,4080400.0,CA_2020,11
CA,Humboldt,12,2022,general,0,0,105903.0,47798.0,,0.618038411649023,,0.45133754473433235,4088484.0,CA_2022,12
CA,Humboldt,12,2024,general,1,1,105903.0,64232.0,0.6486416010691178,,,0.606517284685042,4096576.0,CA_2024,13
CA,Imperial,13,1998,general,0,0,74450.0,24387.0,,0.6068454384803772,,0.3352932929992676,3992004.0,CA_1998,0
CA,Imperial,13,2000,general,1,0,,,0.5529218316078186,,,,4000000.0,CA_2000,1
CA,Imperial,13,2002,general,0,0,,22463.0,,0.5698624849319458,,0.29491904377937317,4008004.0,CA_2002,2
CA,Imperial,13,2004,general,1,0,,34771.0,0.5306315422058105,,,0.44644981622695923,4016016.0,CA_2004,3
CA,Imperial,13,2006,general,0,0,,22878.0,,0.4916858673095703,,0.28741204738616943,4024036.0,CA_2006,4
CA,Imperial,13,2008,general,1,0,,39823.0,0.63301020860672,,,0.4897274076938629,4032064.0,CA_2008,5
CA,Imperial,13,2010,general,0,0,88040.0,27391.0,,0.6372677683830261,,0.311119943857193,4040100.0,CA_2010,6
CA,Imperial,13,2012,general,1,0,92430.0,39535.0,0.6629915833473206,,,0.4277290999889374,4048144.0,CA_2012,7
CA,Imperial,13,2014,general,0,0,95735.0,21545.0,,0.6426149606704712,,0.22504830360412598,4056196.0,CA_2014,8
CA,Imperial,13,2016,general,1,0,99250.0,48895.0,0.7199973464012146,,,0.4926448464393616,4064256.0,CA_2016,9
CA,Imperial,13,2018,general,0,0,102620.0,33895.0,,0.6167336106300354,,0.33029624819755554,4072324.0,CA_2018,10
CA,Imperial,13,2020,general,1,0,103601.0,56743.0,0.6245475011256191,,,0.5477070684645902,4080400.0,CA_2020,11
CA,Imperial,13,2022,general,0,0,103601.0,29869.0,,0.5594763801935116,,0.2883080279147885,4088484.0,CA_2022,12
CA,Imperial,13,2024,general,1,0,103601.0,54038.0,0.49560128446293866,,,0.5215972818795186,4096576.0,CA_2024,13
CA,Inyo,14,1998,general,0,0,12850.0,6891.0,,0.4771636426448822,,0.5342320799827576,3992004.0,CA_1998,0
CA,Inyo,14,2000,general,1,0,,,0.3600814640522003,,,,4000000.0,CA_2000,1
CA,Inyo,14,2002,general,0,0,,6459.0,,0.3721175789833069,,0.5045655965805054,4008004.0,CA_2002,2
CA,Inyo,14,2004,general,1,0,,8726.0,0.3968724012374878,,,0.6842728853225708,4016016.0,CA_2004,3
CA,Inyo,14,2006,general,0,0,,6627.0,,0.3115941882133484,,0.5216740965843201,4024036.0,CA_2006,4
CA,Inyo,14,2008,general,1,0,,8625.0,0.45281878113746643,,,0.6815786957740784,4032064.0,CA_2008,5
CA,Inyo,14,2010,general,0,0,13225.0,7124.0,,0.46897411346435547,,0.5386767387390137,4040100.0,CA_2010,6
CA,Inyo,14,2012,general,1,0,13605.0,8146.0,0.44086575508117676,,,0.5987504720687866,4048144.0,CA_2012,7
CA,Inyo,14,2014,general,0,0,13615.0,5592.0,,0.42678210139274597,,0.410723477602005,4056196.0,CA_2014,8
CA,Inyo,14,2016,general,1,0,13695.0,8342.0,0.42617857456207275,,,0.609127402305603,4064256.0,CA_2016,9
CA,Inyo,14,2018,general,0,0,13660.0,7392.0,,0.44670888781547546,,0.5411420464515686,4072324.0,CA_2018,10
CA,Inyo,14,2020,general,1,0,14190.0,9484.0,0.5007564296520424,,,0.6683579985905568,4080400.0,CA_2020,11
CA,Inyo,14,2022,general,0,0,14190.0,7477.0,,0.4523204493780928,,0.5269203664552502,4088484.0,CA_2022,12
CA,Inyo,14,2024,general,1,0,14190.0,8953.0,0.4846002999192525,,,0.6309372797744891,4096576.0,CA_2024,13
CA,Kern,15,1998,general,0,0,385495.0,142972.0,,0.4305362403392792,,0.3830912411212921,3992004.0,CA_1998,0
CA,Kern,15,2000,general,1,0,,,0.37360328435897827,,,,4000000.0,CA_2000,1
CA,Kern,15,2002,general,0,0,,140024.0,,0.3587774336338043,,0.35201025009155273,4008004.0,CA_2002,2
CA,Kern,15,2004,general,1,0,,214747.0,0.3282126188278198,,,0.5236802101135254,4016016.0,CA_2004,3
CA,Kern,15,2006,general,0,0,,152683.0,,0.24701422452926636,,0.36149823665618896,4024036.0,CA_2006,4
CA,Kern,15,2008,general,1,0,,235854.0,0.4094501733779907,,,0.5426290035247803,4032064.0,CA_2008,5
CA,Kern,15,2010,general,0,0,461535.0,175843.0,,0.39692097902297974,,0.3809960186481476,4040100.0,CA_2010,6
CA,Kern,15,2012,general,1,0,477950.0,223998.0,0.41411206126213074,,,0.4686640799045563,4048144.0,CA_2012,7
CA,Kern,15,2014,general,0,0,492330.0,136006.0,,0.40900319814682007,,0.2762496769428253,4056196.0,CA_2014,8
CA,Kern,15,2016,general,1,0,504215.0,251056.0,0.43232882022857666,,,0.497914582490921,4064256.0,CA_2016,9
CA,Kern,15,2018,general,0,0,515640.0,205816.0,,0.41060197353363037,,0.39914670586586,4072324.0,CA_2018,10
CA,Kern,15,2020,general,1,0,550337.0,305292.0,0.4477622964579486,,,0.5547364614772403,4080400.0,CA_2020,11
CA,Kern,15,2022,general,0,0,550337.0,188712.0,,0.36937767603544025,,0.34290262148465395,4088484.0,CA_2022,12
CA,Kern,15,2024,general,1,0,550337.0,283284.0,0.39200709836303055,,,0.5147464190123506,4096576.0,CA_2024,13
CA,Kings,16,1998,general,0,0,79865.0,23051.0,,0.5150856375694275,,0.29460448026657104,3992004.0,CA_1998,0
CA,Kings,16,2000,general,1,0,,,0.40269166231155396,,,,4000000.0,CA_2000,1
CA,Kings,16,2002,general,0,0,,21806.0,,0.38903340697288513,,0.26760390400886536,4008004.0,CA_2002,2
CA,Kings,16,2004,general,1,0,,32983.0,0.3402751684188843,,,0.396872878074646,4016016.0,CA_2004,3
CA,Kings,16,2006,general,0,0,,23387.0,,0.2880101799964905,,0.27602335810661316,4024036.0,CA_2006,4
CA,Kings,16,2008,general,1,0,,35775.0,0.42798271775245667,,,0.4143049120903015,4032064.0,CA_2008,5
CA,Kings,16,2010,general,0,0,89120.0,26876.0,,0.43338099122047424,,0.30157092213630676,4040100.0,CA_2010,6
CA,Kings,16,2012,general,1,0,90385.0,32041.0,0.42345839738845825,,,0.3544946610927582,4048144.0,CA_2012,7
CA,Kings,16,2014,general,0,0,91225.0,22763.0,,0.3919917643070221,,0.24952590465545654,4056196.0,CA_2014,8
CA,Kings,16,2016,general,1,0,91830.0,35019.0,0.42942288517951965,,,0.3813459575176239,4064256.0,CA_2016,9
CA,Kings,16,2018,general,0,0,93040.0,30606.0,,0.4057717025279999,,0.3289552927017212,4072324.0,CA_2018,10
CA,Kings,16,2020,general,1,0,93805.0,43861.0,0.4371887493862664,,,0.46757635520494645,4080400.0,CA_2020,11
CA,Kings,16,2022,general,0,1,93805.0,26912.0,,0.34887782401902495,,0.2868930227599808,4088484.0,CA_2022,12
CA,Kings,16,2024,general,1,1,93805.0,41508.0,0.38230729436109673,,,0.4424924044560524,4096576.0,CA_2024,13
CA,Lake,17,1998,general,0,0,42605.0,19247.0,,0.6218553185462952,,0.4631940722465515,3992004.0,CA_1998,0
CA,Lake,17,2000,general,1,0,,,0.551967442035675,,,,4000000.0,CA_2000,1
CA,Lake,17,2002,general,0,0,,16287.0,,0.534754753112793,,0.37306541204452515,4008004.0,CA_2002,2
CA,Lake,17,2004,general,1,0,,25136.0,0.5422546863555908,,,0.562207818031311,4016016.0,CA_2004,3
CA,Lake,17,2006,general,0,0,,19761.0,,0.39145928621292114,,0.43182429671287537,4024036.0,CA_2006,4
CA,Lake,17,2008,general,1,0,,25863.0,0.599217414855957,,,0.5524642467498779,4032064.0,CA_2008,5
CA,Lake,17,2010,general,0,0,47130.0,21487.0,,0.5654966831207275,,0.45590919256210327,4040100.0,CA_2010,6
CA,Lake,17,2012,general,1,0,47945.0,23685.0,0.5886061787605286,,,0.4940035343170166,4048144.0,CA_2012,7
CA,Lake,17,2014,general,0,0,48140.0,18061.0,,0.6127907633781433,,0.3751765787601471,4056196.0,CA_2014,8
CA,Lake,17,2016,general,1,0,48020.0,25085.0,0.5202913880348206,,,0.5223864912986755,4064256.0,CA_2016,9
CA,Lake,17,2018,general,0,0,47800.0,21465.0,,0.5139250159263611,,0.44905856251716614,4072324.0,CA_2018,10
CA,Lake,17,2020,general,1,0,49770.0,28812.0,0.5323902508551881,,,0.5789029535864979,4080400.0,CA_2020,11
CA,Lake,17,2022,general,0,0,49770.0,20131.0,,0.4853708211216532,,0.40448061080972475,4088484.0,CA_2022,12
CA,Lake,17,2024,general,1,0,49770.0,26761.0,0.49293007127721056,,,0.5376933895921238,4096576.0,CA_2024,13
CA,Lassen,18,1998,general,0,0,26190.0,8400.0,,0.48262694478034973,,0.32134658098220825,3992004.0,CA_1998,0
CA,Lassen,18,2000,general,1,0,,,0.2963625490665436,,,,4000000.0,CA_2000,1
CA,Lassen,18,2002,general,0,0,,7871.0,,0.34994956851005554,,0.2999618947505951,4008004.0,CA_2002,2
CA,Lassen,18,2004,general,1,0,,11540.0,0.2798652946949005,,,0.43895018100738525,4016016.0,CA_2004,3
CA,Lassen,18,2006,general,0,0,,8773.0,,0.29346469044685364,,0.33306756615638733,4024036.0,CA_2006,4
CA,Lassen,18,2008,general,1,0,,11510.0,0.323967844247818,,,0.43615004420280457,4032064.0,CA_2008,5
CA,Lassen,18,2010,general,0,0,26975.0,9451.0,,0.45678433775901794,,0.3503614366054535,4040100.0,CA_2010,6
CA,Lassen,18,2012,general,1,0,27355.0,10810.0,0.29500433802604675,,,0.3951745629310608,4048144.0,CA_2012,7
CA,Lassen,18,2014,general,0,0,26760.0,6972.0,,0.3243916630744934,,0.26053813099861145,4056196.0,CA_2014,8
CA,Lassen,18,2016,general,1,0,25265.0,10807.0,0.22698509693145752,,,0.42774587869644165,4064256.0,CA_2016,9
CA,Lassen,18,2018,general,0,0,25145.0,9132.0,,0.2265971601009369,,0.36317360401153564,4072324.0,CA_2018,10
CA,Lassen,18,2020,general,1,0,23317.0,11987.0,0.23782819270966096,,,0.5140884333319038,4080400.0,CA_2020,11
CA,Lassen,18,2022,general,0,0,23317.0,9170.0,,0.1574700109051254,,0.3932752927048934,4088484.0,CA_2022,12
CA,Lassen,18,2024,general,1,0,23317.0,11371.0,0.22330359556636928,,,0.4876699403868422,4096576.0,CA_2024,13
CA,Los Angeles,19,1998,general,0,0,4992965.0,2058862.0,,0.6782702803611755,,0.4207468032836914,3992004.0,CA_1998,0
CA,Los Angeles,19,2000,general,1,0,,,0.6623613238334656,,,,4000000.0,CA_2000,1
CA,Los Angeles,19,2002,general,0,0,,1784320.0,,0.6157734990119934,,0.35037654638290405,4008004.0,CA_2002,2
CA,Los Angeles,19,2004,general,1,0,,3085582.0,0.6393300890922546,,,0.5942735075950623,4016016.0,CA_2004,3
CA,Los Angeles,19,2006,general,0,0,,2033119.0,,0.5157940983772278,,0.38420140743255615,4024036.0,CA_2006,4
CA,Los Angeles,19,2008,general,1,0,,3368057.0,0.7059215307235718,,,0.624707043170929,4032064.0,CA_2008,5
CA,Los Angeles,19,2010,general,0,0,5531465.0,2377105.0,,0.6600602269172668,,0.42974239587783813,4040100.0,CA_2010,6
CA,Los Angeles,19,2012,general,1,0,5713775.0,3236704.0,0.7146145701408386,,,0.5664738416671753,4048144.0,CA_2012,7
CA,Los Angeles,19,2014,general,0,0,5931645.0,1518835.0,,0.668436586856842,,0.2560562789440155,4056196.0,CA_2014,8
CA,Los Angeles,19,2016,general,1,0,6123490.0,3544115.0,0.7619920969009399,,,0.5787736773490906,4064256.0,CA_2016,9
CA,Los Angeles,19,2018,general,0,0,6272375.0,3023417.0,,0.7190161347389221,,0.4820210933685303,4072324.0,CA_2018,10
CA,Los Angeles,19,2020,general,1,1,6394560.0,4264365.0,0.7255831056567208,,,0.6668738740429365,4080400.0,CA_2020,11
CA,Los Angeles,19,2022,general,0,1,6394560.0,2389227.0,,0.6780657509730135,,0.37363430791172497,4088484.0,CA_2022,12
CA,Los Angeles,19,2024,general,1,1,6394560.0,3729089.0,0.6701215507416056,,,0.5831658472201371,4096576.0,CA_2024,13
CA,Madera,20,1998,general,0,0,71505.0,27181.0,,0.42237594723701477,,0.39344286918640137,3992004.0,CA_1998,0
CA,Madera,20,2000,general,1,0,,,0.36482635140419006,,,,4000000.0,CA_2000,1
CA,Madera,20,2002,general,0,0,,26874.0,,0.3393351137638092,,0.36353060603141785,4008004.0,CA_2002,2
CA,Madera,20,2004,general,1,0,,39211.0,0.3515070974826813,,,0.5136027336120605,4016016.0,CA_2004,3
CA,Madera,20,2006,general,0,0,,30795.0,,0.2586797773838043,,0.39097315073013306,4024036.0,CA_2006,4
CA,Madera,20,2008,general,1,0,,43032.0,0.43221378326416016,,,0.530048668384552,4032064.0,CA_2008,5
CA,Madera,20,2010,general,0,0,84615.0,34987.0,,0.3937765061855316,,0.4134846031665802,4040100.0,CA_2010,6
CA,Madera,20,2012,general,1,0,85805.0,40325.0,0.41209158301353455,,,0.4699609577655792,4048144.0,CA_2012,7
CA,Madera,20,2014,general,0,0,87235.0,27370.0,,0.3721780776977539,,0.3137502074241638,4056196.0,CA_2014,8
CA,Madera,20,2016,general,1,0,88435.0,44186.0,0.4216560125350952,,,0.49964380264282227,4064256.0,CA_2016,9
CA,Madera,20,2018,general,0,1,91295.0,38968.0,,0.39031797647476196,,0.4268360733985901,4072324.0,CA_2018,10
CA,Madera,20,2020,general,1,1,97627.0,53732.0,0.44090891790050624,,,0.5503805299763385,4080400.0,CA_2020,11
CA,Madera,20,2022,general,0,1,97627.0,36961.0,,0.3593788046860204,,0.37859403648580825,4088484.0,CA_2022,12
CA,Madera,20,2024,general,1,1,97627.0,54632.0,0.393455227379278,,,0.5595992911796941,4096576.0,CA_2024,13
CA,Marin,21,1998,general,0,0,175745.0,103369.0,,0.7190564274787903,,0.5863632559776306,3992004.0,CA_1998,0
CA,Marin,21,2000,general,1,0,,,0.6941240429878235,,,,4000000.0,CA_2000,1
CA,Marin,21,2002,general,0,0,,91828.0,,0.6687918901443481,,0.5241274237632751,4008004.0,CA_2002,2
CA,Marin,21,2004,general,1,0,,136625.0,0.742386519908905,,,0.7822415232658386,4016016.0,CA_2004,3
CA,Marin,21,2006,general,0,0,,108640.0,,0.5101233720779419,,0.6239554286003113,4024036.0,CA_2006,4
CA,Marin,21,2008,general,1,0,,141321.0,0.7938767075538635,,,0.8141939043998718,4032064.0,CA_2008,5
CA,Marin,21,2010,general,0,0,173395.0,115685.0,,0.7218323945999146,,0.6671761274337769,4040100.0,CA_2010,6
CA,Marin,21,2012,general,1,0,176330.0,135438.0,0.7638710737228394,,,0.7680939435958862,4048144.0,CA_2012,7
CA,Marin,21,2014,general,0,0,179150.0,89536.0,,0.7935447692871094,,0.4997822940349579,4056196.0,CA_2014,8
CA,Marin,21,2016,general,1,0,182750.0,143041.0,0.8331443071365356,,,0.7827140688896179,4064256.0,CA_2016,9
CA,Marin,21,2018,general,0,0,184545.0,132434.0,,0.7948949933052063,,0.7176244258880615,4072324.0,CA_2018,10
CA,Marin,21,2020,general,1,0,185340.0,155830.0,0.839032047089601,,,0.8407791086651559,4080400.0,CA_2020,11
CA,Marin,21,2022,general,0,1,185340.0,119064.0,,0.8003174763152591,,0.6424085464551634,4088484.0,CA_2022,12
CA,Marin,21,2024,general,1,1,185340.0,144129.0,0.8284381552857938,,,0.7776464875364195,4096576.0,CA_2024,13
CA,Mariposa,22,1998,general,0,0,13190.0,7249.0,,0.4380466341972351,,0.5585224032402039,3992004.0,CA_1998,0
CA,Mariposa,22,2000,general,1,0,,,0.37332627177238464,,,,4000000.0,CA_2000,1
CA,Mariposa,22,2002,general,0,0,,6682.0,,0.36366745829582214,,0.4986153542995453,4008004.0,CA_2002,2
CA,Mariposa,22,2004,general,1,0,,9329.0,0.3840066194534302,,,0.6853399276733398,4016016.0,CA_2004,3
CA,Mariposa,22,2006,general,0,0,,7758.0,,0.2812013030052185,,0.5612249970436096,4024036.0,CA_2006,4
CA,Mariposa,22,2008,general,1,0,,9756.0,0.4362630248069763,,,0.6951468586921692,4032064.0,CA_2008,5
CA,Mariposa,22,2010,general,0,0,14515.0,8379.0,,0.4054018557071686,,0.5772649049758911,4040100.0,CA_2010,6
CA,Mariposa,22,2012,general,1,0,14730.0,9102.0,0.40495485067367554,,,0.6179226040840149,4048144.0,CA_2012,7
CA,Mariposa,22,2014,general,0,0,14335.0,6696.0,,0.3822854459285736,,0.46710848808288574,4056196.0,CA_2014,8
CA,Mariposa,22,2016,general,1,0,14060.0,9243.0,0.3758276104927063,,,0.6573968529701233,4064256.0,CA_2016,9
CA,Mariposa,22,2018,general,0,0,14000.0,8333.0,,0.38694384694099426,,0.595214307308197,4072324.0,CA_2018,10
CA,Mariposa,22,2020,general,1,1,13315.0,10280.0,0.4072524407252441,,,0.7720615846789335,4080400.0,CA_2020,11
CA,Mariposa,22,2022,general,0,1,13315.0,7840.0,,0.37551020408163266,,0.588809613218175,4088484.0,CA_2022,12
CA,Mariposa,22,2024,general,1,1,13315.0,9509.0,0.39169460365523956,,,0.7141569658280135,4096576.0,CA_2024,13
CA,Mendocino,23,1998,general,0,0,59080.0,29518.0,,0.6551435589790344,,0.5032239556312561,3992004.0,CA_1998,0
CA,Mendocino,23,2000,general,1,0,,,0.5754514336585999,,,,4000000.0,CA_2000,1
CA,Mendocino,23,2002,general,0,0,,25792.0,,0.5652559399604797,,0.43346279859542847,4008004.0,CA_2002,2
CA,Mendocino,23,2004,general,1,0,,38902.0,0.6530530452728271,,,0.6491841673851013,4016016.0,CA_2004,3
CA,Mendocino,23,2006,general,0,0,,31521.0,,0.49618595838546753,,0.5223320722579956,4024036.0,CA_2006,4
CA,Mendocino,23,2008,general,1,0,,40580.0,0.7219945788383484,,,0.6677758693695068,4032064.0,CA_2008,5
CA,Mendocino,23,2010,general,0,0,61960.0,32500.0,,0.6794345378875732,,0.5245319604873657,4040100.0,CA_2010,6
CA,Mendocino,23,2012,general,1,0,61775.0,36080.0,0.7060059309005737,,,0.5840550661087036,4048144.0,CA_2012,7
CA,Mendocino,23,2014,general,0,0,61450.0,25017.0,,0.717566728591919,,0.4071114659309387,4056196.0,CA_2014,8
CA,Mendocino,23,2016,general,1,0,61790.0,38730.0,0.6697303652763367,,,0.6268004775047302,4064256.0,CA_2016,9
CA,Mendocino,23,2018,general,0,0,61745.0,33966.0,,0.6630945801734924,,0.5501012206077576,4072324.0,CA_2018,10
CA,Mendocino,23,2020,general,1,0,65431.0,43340.0,0.684487145948774,,,0.6623771606730755,4080400.0,CA_2020,11
CA,Mendocino,23,2022,general,0,0,65431.0,30394.0,,0.6261433177600843,,0.46451987589980287,4088484.0,CA_2022,12
CA,Mendocino,23,2024,general,1,0,65431.0,39219.0,0.6399925486334727,,,0.5993947822897403,4096576.0,CA_2024,13
CA,Merced,24,1998,general,0,0,109900.0,40449.0,,0.547308623790741,,0.3821471333503723,3992004.0,CA_1998,0
CA,Merced,24,2000,general,1,0,,,0.4654296636581421,,,,4000000.0,CA_2000,1
CA,Merced,24,2002,general,0,0,,41765.0,,0.484971284866333,,0.36650967597961426,4008004.0,CA_2002,2
CA,Merced,24,2004,general,1,0,,58752.0,0.42768579721450806,,,0.49787017703056335,4016016.0,CA_2004,3
CA,Merced,24,2006,general,0,0,,42937.0,,0.3484276533126831,,0.3517696261405945,4024036.0,CA_2006,4
CA,Merced,24,2008,general,1,0,,64688.0,0.5424563884735107,,,0.5129354596138,4032064.0,CA_2008,5
CA,Merced,24,2010,general,0,0,133425.0,48822.0,,0.4873741865158081,,0.36591342091560364,4040100.0,CA_2010,6
CA,Merced,24,2012,general,1,0,136915.0,62804.0,0.5447627902030945,,,0.4587079584598541,4048144.0,CA_2012,7
CA,Merced,24,2014,general,0,0,141870.0,38672.0,,0.5012832880020142,,0.2725875675678253,4056196.0,CA_2014,8
CA,Merced,24,2016,general,1,0,145565.0,72631.0,0.5650495290756226,,,0.4989592134952545,4064256.0,CA_2016,9
CA,Merced,24,2018,general,0,0,149115.0,60170.0,,0.5199216604232788,,0.4035140573978424,4072324.0,CA_2018,10
CA,Merced,24,2020,general,1,0,166079.0,90554.0,0.5542720731320994,,,0.5452465392975632,4080400.0,CA_2020,11
CA,Merced,24,2022,general,0,1,166079.0,55273.0,,0.4559188030322219,,0.3328114933254656,4088484.0,CA_2022,12
CA,Merced,24,2024,general,1,1,166079.0,86411.0,0.4776279042129657,,,0.5203005798445318,4096576.0,CA_2024,13
CA,Modoc,25,1998,general,0,0,6710.0,3586.0,,0.4348355531692505,,0.53691565990448,3992004.0,CA_1998,0
CA,Modoc,25,2000,general,1,0,,,0.24144098162651062,,,,4000000.0,CA_2000,1
CA,Modoc,25,2002,general,0,0,,3464.0,,0.2940215468406677,,0.5138618350028992,4008004.0,CA_2002,2
CA,Modoc,25,2004,general,1,0,,4507.0,0.26208940148353577,,,0.66551274061203,4016016.0,CA_2004,3
CA,Modoc,25,2006,general,0,0,,3843.0,,0.20354729890823364,,0.5648701190948486,4024036.0,CA_2006,4
CA,Modoc,25,2008,general,1,0,,4505.0,0.3057754933834076,,,0.6591611504554749,4032064.0,CA_2008,5
CA,Modoc,25,2010,general,0,0,7090.0,3869.0,,0.29056602716445923,,0.5456981658935547,4040100.0,CA_2010,6
CA,Modoc,25,2012,general,1,0,7110.0,4061.0,0.28575101494789124,,,0.5711673498153687,4048144.0,CA_2012,7
CA,Modoc,25,2014,general,0,0,6905.0,2910.0,,0.2719886898994446,,0.4214337468147278,4056196.0,CA_2014,8
CA,Modoc,25,2016,general,1,0,6790.0,3886.0,0.24545200169086456,,,0.5723122358322144,4064256.0,CA_2016,9
CA,Modoc,25,2018,general,0,0,6735.0,3497.0,,0.23781903088092804,,0.519227921962738,4072324.0,CA_2018,10
CA,Modoc,25,2020,general,1,0,6607.0,4343.0,0.2700164357830477,,,0.6573331315271681,4080400.0,CA_2020,11
CA,Modoc,25,2022,general,0,0,6607.0,3412.0,,0.20134818288393905,,0.5164219766913879,4088484.0,CA_2022,12
CA,Modoc,25,2024,general,1,0,6607.0,4016.0,0.2589928057553957,,,0.6078401695171788,4096576.0,CA_2024,13
CA,Mono,26,1998,general,0,0,8960.0,3531.0,,0.5001524090766907,,0.3949664533138275,3992004.0,CA_1998,0
CA,Mono,26,2000,general,1,0,,,0.43780606985092163,,,,4000000.0,CA_2000,1
CA,Mono,26,2002,general,0,0,,3104.0,,0.4067278206348419,,0.34565702080726624,4008004.0,CA_2002,2
CA,Mono,26,2004,general,1,0,,5412.0,0.5006667971611023,,,0.6013333201408386,4016016.0,CA_2004,3
CA,Mono,26,2006,general,0,0,,3864.0,,0.33686622977256775,,0.42838138341903687,4024036.0,CA_2006,4
CA,Mono,26,2008,general,1,0,,5621.0,0.5678355097770691,,,0.6217920184135437,4032064.0,CA_2008,5
CA,Mono,26,2010,general,0,0,9265.0,4511.0,,0.4937910735607147,,0.4868861436843872,4040100.0,CA_2010,6
CA,Mono,26,2012,general,1,0,9660.0,5223.0,0.5446392893791199,,,0.5406832098960876,4048144.0,CA_2012,7
CA,Mono,26,2014,general,0,0,9380.0,3155.0,,0.5309043526649475,,0.33635395765304565,4056196.0,CA_2014,8
CA,Mono,26,2016,general,1,0,9335.0,5485.0,0.5677723288536072,,,0.5875736474990845,4064256.0,CA_2016,9
CA,Mono,26,2018,general,0,0,9700.0,4928.0,,0.5575932264328003,,0.508041262626648,4072324.0,CA_2018,10
CA,Mono,26,2020,general,1,0,9616.0,6738.0,0.6149249157217285,,,0.7007071547420965,4080400.0,CA_2020,11
CA,Mono,26,2022,general,0,0,9616.0,4569.0,,0.5456336178594878,,0.47514559068219636,4088484.0,CA_2022,12
CA,Mono,26,2024,general,1,0,9616.0,6064.0,0.6055708390646493,,,0.6306156405990017,4096576.0,CA_2024,13
CA,Monterey,27,1998,general,0,0,217070.0,92431.0,,0.6223248243331909,,0.4258533716201782,3992004.0,CA_1998,0
CA,Monterey,27,2000,general,1,0,,,0.6070982813835144,,,,4000000.0,CA_2000,1
CA,Monterey,27,2002,general,0,0,,89434.0,,0.5987478494644165,,0.4119652807712555,4008004.0,CA_2002,2
CA,Monterey,27,2004,general,1,0,,126751.0,0.611322820186615,,,0.5838040709495544,4016016.0,CA_2004,3
CA,Monterey,27,2006,general,0,0,,89436.0,,0.4327715337276459,,0.41189438104629517,4024036.0,CA_2006,4
CA,Monterey,27,2008,general,1,0,,131381.0,0.6951119899749756,,,0.6050118207931519,4032064.0,CA_2008,5
CA,Monterey,27,2010,general,0,0,218410.0,101449.0,,0.6308470368385315,,0.46448880434036255,4040100.0,CA_2010,6
CA,Monterey,27,2012,general,1,0,223130.0,124902.0,0.6892195343971252,,,0.5597723126411438,4048144.0,CA_2012,7
CA,Monterey,27,2014,general,0,0,227375.0,75115.0,,0.6943279504776001,,0.3303573429584503,4056196.0,CA_2014,8
CA,Monterey,27,2016,general,1,0,229575.0,137102.0,0.7185501456260681,,,0.5971992015838623,4064256.0,CA_2016,9
CA,Monterey,27,2018,general,0,0,230715.0,117631.0,,0.6598257422447205,,0.5098541378974915,4072324.0,CA_2018,10
CA,Monterey,27,2020,general,1,0,241736.0,163923.0,0.7110862890946759,,,0.6781075222556839,4080400.0,CA_2020,11
CA,Monterey,27,2022,general,0,0,241736.0,102129.0,,0.6390153629233616,,0.4224815501207929,4088484.0,CA_2022,12
CA,Monterey,27,2024,general,1,0,241736.0,146754.0,0.6540348312553589,,,0.6070837607969024,4096576.0,CA_2024,13
CA,Napa,28,1998,general,0,0,81325.0,43680.0,,0.6294571161270142,,0.5426124334335327,3992004.0,CA_1998,0
CA,Napa,28,2000,general,1,0,,,0.5765852928161621,,,,4000000.0,CA_2000,1
CA,Napa,28,2002,general,0,0,,37889.0,,0.565050482749939,,0.46121418476104736,4008004.0,CA_2002,2
CA,Napa,28,2004,general,1,0,,57095.0,0.604145348072052,,,0.6880896091461182,4016016.0,CA_2004,3
CA,Napa,28,2006,general,0,0,,43472.0,,0.4158121347427368,,0.5187486410140991,4024036.0,CA_2006,4
CA,Napa,28,2008,general,1,0,,60366.0,0.6659866571426392,,,0.7133166193962097,4032064.0,CA_2008,5
CA,Napa,28,2010,general,0,0,86275.0,47821.0,,0.5996102094650269,,0.5542857050895691,4040100.0,CA_2010,6
CA,Napa,28,2012,general,1,0,87945.0,57672.0,0.6475196480751038,,,0.6557735204696655,4048144.0,CA_2012,7
CA,Napa,28,2014,general,0,0,90545.0,38766.0,,0.6818625330924988,,0.42814069986343384,4056196.0,CA_2014,8
CA,Napa,28,2016,general,1,0,92980.0,63255.0,0.6924394965171814,,,0.6803075671195984,4064256.0,CA_2016,9
CA,Napa,28,2018,general,0,1,94890.0,57132.0,,0.648002564907074,,0.60208660364151,4072324.0,CA_2018,10
CA,Napa,28,2020,general,1,1,96043.0,72150.0,0.7066942817017292,,,0.7512260133481878,4080400.0,CA_2020,11
CA,Napa,28,2022,general,0,1,96043.0,50108.0,,0.6473417418376307,,0.5217246441697989,4088484.0,CA_2022,12
CA,Napa,28,2024,general,1,1,96043.0,65561.0,0.6797652944045054,,,0.6826213258644566,4096576.0,CA_2024,13
CA,Nevada,29,1998,general,0,0,69110.0,39296.0,,0.47049030661582947,,0.5801384449005127,3992004.0,CA_1998,0
CA,Nevada,29,2000,general,1,0,,,0.4046441316604614,,,,4000000.0,CA_2000,1
CA,Nevada,29,2002,general,0,0,,40350.0,,0.393323689699173,,0.5724667310714722,4008004.0,CA_2002,2
CA,Nevada,29,2004,general,1,0,,54508.0,0.4568949341773987,,,0.7585421800613403,4016016.0,CA_2004,3
CA,Nevada,29,2006,general,0,0,,43996.0,,0.292874276638031,,0.6007646322250366,4024036.0,CA_2006,4
CA,Nevada,29,2008,general,1,0,,56177.0,0.5272107720375061,,,0.7529643774032593,4032064.0,CA_2008,5
CA,Nevada,29,2010,general,0,0,75850.0,49637.0,,0.47914981842041016,,0.6544100046157837,4040100.0,CA_2010,6
CA,Nevada,29,2012,general,1,0,77125.0,52173.0,0.4967471659183502,,,0.6764732599258423,4048144.0,CA_2012,7
CA,Nevada,29,2014,general,0,0,77610.0,39629.0,,0.5463211536407471,,0.510617196559906,4056196.0,CA_2014,8
CA,Nevada,29,2016,general,1,0,78225.0,56800.0,0.5271965861320496,,,0.726110577583313,4064256.0,CA_2016,9
CA,Nevada,29,2018,general,0,1,78930.0,54996.0,,0.5293472409248352,,0.6967692971229553,4072324.0,CA_2018,10
CA,Nevada,29,2020,general,1,1,81581.0,64750.0,0.5758655643194273,,,0.7936897071622069,4080400.0,CA_2020,11
CA,Nevada,29,2022,general,0,1,81581.0,50737.0,,0.5253562488913416,,0.6219217710006006,4088484.0,CA_2022,12
CA,Nevada,29,2024,general,1,1,81581.0,62144.0,0.5634328980503994,,,0.7617459947781959,4096576.0,CA_2024,13
CA,Orange,30,1998,general,0,0,1631415.0,721094.0,,0.46187007427215576,,0.4509422779083252,3992004.0,CA_1998,0
CA,Orange,30,2000,general,1,0,,,0.4199029505252838,,,,4000000.0,CA_2000,1
CA,Orange,30,2002,general,0,0,,662296.0,,0.37633174657821655,,0.3980748951435089,4008004.0,CA_2002,2
CA,Orange,30,2004,general,1,0,,1094405.0,0.39510929584503174,,,0.6452557444572449,4016016.0,CA_2004,3
CA,Orange,30,2006,general,0,0,,756348.0,,0.2675919830799103,,0.4375971555709839,4024036.0,CA_2006,4
CA,Orange,30,2008,general,1,0,,1167657.0,0.4869283139705658,,,0.6631611585617065,4032064.0,CA_2008,5
CA,Orange,30,2010,general,0,0,1793565.0,898205.0,,0.39667680859565735,,0.5007930994033813,4040100.0,CA_2010,6
CA,Orange,30,2012,general,1,0,1859565.0,1133204.0,0.46807920932769775,,,0.609391987323761,4048144.0,CA_2012,7
CA,Orange,30,2014,general,0,0,1934130.0,640358.0,,0.4443131983280182,,0.3310832381248474,4056196.0,CA_2014,8
CA,Orange,30,2016,general,1,0,1987335.0,1239405.0,0.5460174679756165,,,0.6236518025398254,4064256.0,CA_2016,9
CA,Orange,30,2018,general,0,0,2041825.0,1106729.0,,0.5014293789863586,,0.5420293211936951,4072324.0,CA_2018,10
CA,Orange,30,2020,general,1,1,2130945.0,1522113.0,0.5461289346510952,,,0.7142901388820453,4080400.0,CA_2020,11
CA,Orange,30,2022,general,0,1,2130945.0,956940.0,,0.48509415428344516,,0.44906837107480485,4088484.0,CA_2022,12
CA,Orange,30,2024,general,1,1,2130945.0,1391307.0,0.5137076639045379,,,0.6529061050379057,4096576.0,CA_2024,13
CA,Placer,31,1998,general,0,0,175125.0,89784.0,,0.447900652885437,,0.5557373762130737,3992004.0,CA_1998,0
CA,Placer,31,2000,general,1,0,,,0.378050297498703,,,,4000000.0,CA_2000,1
CA,Placer,31,2002,general,0,0,,99292.0,,0.32708510756492615,,0.5262129306793213,4008004.0,CA_2002,2
CA,Placer,31,2004,general,1,0,,154497.0,0.36671683192253113,,,0.763859748840332,4016016.0,CA_2004,3
CA,Placer,31,2006,general,0,0,,125662.0,,0.2251400649547577,,0.5822402238845825,4024036.0,CA_2006,4
CA,Placer,31,2008,general,1,0,,175215.0,0.4424625635147095,,,0.7638245820999146,4032064.0,CA_2008,5
CA,Placer,31,2010,general,0,0,238305.0,145180.0,,0.4013354182243347,,0.6092192530632019,4040100.0,CA_2010,6
CA,Placer,31,2012,general,1,0,250085.0,172757.0,0.4007340669631958,,,0.6907931566238403,4048144.0,CA_2012,7
CA,Placer,31,2014,general,0,0,261560.0,115547.0,,0.45408302545547485,,0.44176098704338074,4056196.0,CA_2014,8
CA,Placer,31,2016,general,1,0,271235.0,190550.0,0.43587493896484375,,,0.7025273442268372,4064256.0,CA_2016,9
CA,Placer,31,2018,general,0,0,280785.0,177725.0,,0.4119662344455719,,0.6329575777053833,4072324.0,CA_2018,10
CA,Placer,31,2020,general,1,0,311090.0,235084.0,0.46595046150760605,,,0.7556784210357131,4080400.0,CA_2020,11
CA,Placer,31,2022,general,0,0,311090.0,182069.0,,0.4043467037222152,,0.5852614998874923,4088484.0,CA_2022,12
CA,Placer,31,2024,general,1,1,311090.0,234871.0,0.4561582104353244,,,0.7549937317175094,4096576.0,CA_2024,13
CA,Plumas,32,1998,general,0,0,15885.0,8698.0,,0.4570179581642151,,0.5509131550788879,3992004.0,CA_1998,0
CA,Plumas,32,2000,general,1,0,,,0.35282114148139954,,,,4000000.0,CA_2000,1
CA,Plumas,32,2002,general,0,0,,8098.0,,0.37608569860458374,,0.5067055821418762,4008004.0,CA_2002,2
CA,Plumas,32,2004,general,1,0,,11293.0,0.3742069900035858,,,0.7023738026618958,4016016.0,CA_2004,3
CA,Plumas,32,2006,general,0,0,,8995.0,,0.2626286745071411,,0.5561050772666931,4024036.0,CA_2006,4
CA,Plumas,32,2008,general,1,0,,11169.0,0.4386046528816223,,,0.6864078640937805,4032064.0,CA_2008,5
CA,Plumas,32,2010,general,0,0,16010.0,9395.0,,0.39990711212158203,,0.5868207216262817,4040100.0,CA_2010,6
CA,Plumas,32,2012,general,1,0,15845.0,10146.0,0.41305017471313477,,,0.6403281688690186,4048144.0,CA_2012,7
CA,Plumas,32,2014,general,0,0,15475.0,7243.0,,0.41745248436927795,,0.4680452346801758,4056196.0,CA_2014,8
CA,Plumas,32,2016,general,1,0,15145.0,10044.0,0.3895708918571472,,,0.663189172744751,4064256.0,CA_2016,9
CA,Plumas,32,2018,general,0,0,15240.0,9390.0,,0.3715367913246155,,0.6161417365074158,4072324.0,CA_2018,10
CA,Plumas,32,2020,general,1,0,15821.0,11260.0,0.41441032164274033,,,0.7117122811453132,4080400.0,CA_2020,11
CA,Plumas,32,2022,general,0,0,15821.0,8633.0,,0.357118035445384,,0.5456671512546615,4088484.0,CA_2022,12
CA,Plumas,32,2024,general,1,0,15821.0,10070.0,0.4125192406362237,,,0.6364957967258706,4096576.0,CA_2024,13
CA,Riverside,33,1998,general,0,0,918775.0,343458.0,,0.5279732942581177,,0.40035280585289,3992004.0,CA_1998,0
CA,Riverside,33,2000,general,1,0,,,0.46619459986686707,,,,4000000.0,CA_2000,1
CA,Riverside,33,2002,general,0,0,,309952.0,,0.4331727623939514,,0.31638675928115845,4008004.0,CA_2002,2
CA,Riverside,33,2004,general,1,0,,562498.0,0.41504573822021484,,,0.5405784845352173,4016016.0,CA_2004,3
CA,Riverside,33,2006,general,0,0,,390958.0,,0.31488314270973206,,0.3549533188343048,4024036.0,CA_2006,4
CA,Riverside,33,2008,general,1,0,,657005.0,0.5117910504341125,,,0.5652523040771484,4032064.0,CA_2008,5
CA,Riverside,33,2010,general,0,0,1244760.0,492040.0,,0.4575873911380768,,0.3952890634536743,4040100.0,CA_2010,6
CA,Riverside,33,2012,general,1,0,1321020.0,669627.0,0.5084488391876221,,,0.5069015026092529,4048144.0,CA_2012,7
CA,Riverside,33,2014,general,0,0,1394565.0,357764.0,,0.4708596169948578,,0.2565416395664215,4056196.0,CA_2014,8
CA,Riverside,33,2016,general,1,0,1453255.0,769193.0,0.5286107063293457,,,0.5292897820472717,4064256.0,CA_2016,9
CA,Riverside,33,2018,general,0,0,1522140.0,650545.0,,0.4981326460838318,,0.42738839983940125,4072324.0,CA_2018,10
CA,Riverside,33,2020,general,1,0,1654262.0,997156.0,0.5405101259969473,,,0.6027799707664203,4080400.0,CA_2020,11
CA,Riverside,33,2022,general,0,1,1654262.0,595901.0,,0.47826736320294816,,0.36022165775433396,4088484.0,CA_2022,12
CA,Riverside,33,2024,general,1,1,1654262.0,940510.0,0.4935032590208846,,,0.5685375109867723,4096576.0,CA_2024,13
CA,Sacramento,34,1998,general,0,0,796640.0,369395.0,,0.5913274884223938,,0.47627338767051697,3992004.0,CA_1998,0
CA,Sacramento,34,2000,general,1,0,,,0.5210241675376892,,,,4000000.0,CA_2000,1
CA,Sacramento,34,2002,general,0,0,,331039.0,,0.466896116733551,,0.40484878420829773,4008004.0,CA_2002,2
CA,Sacramento,34,2004,general,1,0,,482012.0,0.501183807849884,,,0.574691891670227,4016016.0,CA_2004,3
CA,Sacramento,34,2006,general,0,0,,368162.0,,0.36104607582092285,,0.42820653319358826,4024036.0,CA_2006,4
CA,Sacramento,34,2008,general,1,0,,546660.0,0.5970808863639832,,,0.6206246614456177,4032064.0,CA_2008,5
CA,Sacramento,34,2010,general,0,0,907820.0,428543.0,,0.5960648655891418,,0.4720572233200073,4040100.0,CA_2010,6
CA,Sacramento,34,2012,general,1,0,938540.0,522045.0,0.5974012613296509,,,0.5562309622764587,4048144.0,CA_2012,7
CA,Sacramento,34,2014,general,0,0,970415.0,330817.0,,0.6232825517654419,,0.3409025967121124,4056196.0,CA_2014,8
CA,Sacramento,34,2016,general,1,0,999780.0,575711.0,0.632057785987854,,,0.5758376717567444,4064256.0,CA_2016,9
CA,Sacramento,34,2018,general,0,1,1027550.0,522652.0,,0.58809494972229,,0.5086389780044556,4072324.0,CA_2018,10
CA,Sacramento,34,2020,general,1,1,1104256.0,718440.0,0.6295341560353778,,,0.6506100034774545,4080400.0,CA_2020,11
CA,Sacramento,34,2022,general,0,1,1104256.0,477613.0,,0.5751099739747453,,0.43252017648081603,4088484.0,CA_2022,12
CA,Sacramento,34,2024,general,1,1,1104256.0,656747.0,0.6021170767424538,,,0.5947416178857077,4096576.0,CA_2024,13
CA,San Benito,35,1998,general,0,0,30395.0,13302.0,,0.6025764346122742,,0.4393724203109741,3992004.0,CA_1998,0
CA,San Benito,35,2000,general,1,0,,,0.565527081489563,,,,4000000.0,CA_2000,1
CA,San Benito,35,2002,general,0,0,,12706.0,,0.5395112633705139,,0.41638538241386414,4008004.0,CA_2002,2
CA,San Benito,35,2004,general,1,0,,19291.0,0.5310798287391663,,,0.6297045946121216,4016016.0,CA_2004,3
CA,San Benito,35,2006,general,0,0,,14646.0,,0.3968254029750824,,0.4762152433395386,4024036.0,CA_2006,4
CA,San Benito,35,2008,general,1,0,,19982.0,0.6161203384399414,,,0.647190272808075,4032064.0,CA_2008,5
CA,San Benito,35,2010,general,0,0,30685.0,16420.0,,0.5428515672683716,,0.5351148843765259,4040100.0,CA_2010,6
CA,San Benito,35,2012,general,1,0,32530.0,19249.0,0.6056179404258728,,,0.5917307138442993,4048144.0,CA_2012,7
CA,San Benito,35,2014,general,0,0,34455.0,14035.0,,0.6352491974830627,,0.40734291076660156,4056196.0,CA_2014,8
CA,San Benito,35,2016,general,1,0,35765.0,22544.0,0.6149199604988098,,,0.6303369402885437,4064256.0,CA_2016,9
CA,San Benito,35,2018,general,0,0,37200.0,20592.0,,0.5612026453018188,,0.5535483956336975,4072324.0,CA_2018,10
CA,San Benito,35,2020,general,1,0,43074.0,28830.0,0.6247076334254731,,,0.6693132748293634,4080400.0,CA_2020,11
CA,San Benito,35,2022,general,0,1,43074.0,19578.0,,0.5326386760649708,,0.4545201281515531,4088484.0,CA_2022,12
CA,San Benito,35,2024,general,1,1,43074.0,27652.0,0.5646739332614114,,,0.6419649904814969,4096576.0,CA_2024,13
CA,San Bernardino,36,1998,general,0,0,989410.0,342735.0,,0.5479674339294434,,0.35972270369529724,3992004.0,CA_1998,0
CA,San Bernardino,36,2000,general,1,0,,,0.4919726252555847,,,,4000000.0,CA_2000,1
CA,San Bernardino,36,2002,general,0,0,,294361.0,,0.4503297805786133,,0.28688913583755493,4008004.0,CA_2002,2
CA,San Bernardino,36,2004,general,1,0,,528387.0,0.44051674008369446,,,0.4972217082977295,4016016.0,CA_2004,3
CA,San Bernardino,36,2006,general,0,0,,358417.0,,0.350251704454422,,0.32603713870048523,4024036.0,CA_2006,4
CA,San Bernardino,36,2008,general,1,0,,616320.0,0.5322965979576111,,,0.5425601601600647,4032064.0,CA_2008,5
CA,San Bernardino,36,2010,general,0,0,1175860.0,445300.0,,0.4941982626914978,,0.3787015378475189,4040100.0,CA_2010,6
CA,San Bernardino,36,2012,general,1,0,1221670.0,589611.0,0.5376682877540588,,,0.4826270639896393,4048144.0,CA_2012,7
CA,San Bernardino,36,2014,general,0,0,1269345.0,293283.0,,0.4685559868812561,,0.23105065524578094,4056196.0,CA_2014,8
CA,San Bernardino,36,2016,general,1,0,1311445.0,672871.0,0.556850254535675,,,0.5130760073661804,4064256.0,CA_2016,9
CA,San Bernardino,36,2018,general,0,0,1347820.0,546041.0,,0.5153512358665466,,0.40512901544570923,4072324.0,CA_2018,10
CA,San Bernardino,36,2020,general,1,0,1425320.0,841130.0,0.5544947428343445,,,0.5901341453147363,4080400.0,CA_2020,11
CA,San Bernardino,36,2022,general,0,0,1425320.0,454500.0,,0.4739075907590759,,0.31887576123256534,4088484.0,CA_2022,12
CA,San Bernardino,36,2024,general,1,0,1425320.0,761846.0,0.48899301851376714,,,0.5345087418965566,4096576.0,CA_2024,13
CA,San Diego,37,1998,general,0,0,1788075.0,769911.0,,0.5165495872497559,,0.43825554847717285,3992004.0,CA_1998,0
CA,San Diego,37,2000,general,1,0,,,0.479160338640213,,,,4000000.0,CA_2000,1
CA,San Diego,37,2002,general,0,0,,684285.0,,0.43953123688697815,,0.376107394695282,4008004.0,CA_2002,2
CA,San Diego,37,2004,general,1,0,,1145035.0,0.4689987301826477,,,0.6187039017677307,4016016.0,CA_2004,3
CA,San Diego,37,2006,general,0,0,,789676.0,,0.3157781660556793,,0.4195914566516876,4024036.0,CA_2006,4
CA,San Diego,37,2008,general,1,0,,1245947.0,0.5519822835922241,,,0.6511950492858887,4032064.0,CA_2008,5
CA,San Diego,37,2010,general,0,0,1967030.0,926363.0,,0.46927410364151,,0.4709450304508209,4040100.0,CA_2010,6
CA,San Diego,37,2012,general,1,0,2033460.0,1203265.0,0.5387696027755737,,,0.5917328000068665,4048144.0,CA_2012,7
CA,San Diego,37,2014,general,0,0,2102710.0,692434.0,,0.51067054271698,,0.3293055295944214,4056196.0,CA_2014,8
CA,San Diego,37,2016,general,1,0,2174370.0,1346513.0,0.6062071919441223,,,0.6192657947540283,4064256.0,CA_2016,9
CA,San Diego,37,2018,general,0,0,2237310.0,1173924.0,,0.5685797929763794,,0.524703323841095,4072324.0,CA_2018,10
CA,San Diego,37,2020,general,1,0,2315394.0,1602143.0,0.6164906208299888,,,0.6919526439128718,4080400.0,CA_2020,11
CA,San Diego,37,2022,general,0,1,2315394.0,1029228.0,,0.5578171211820899,,0.4445152747221423,4088484.0,CA_2022,12
CA,San Diego,37,2024,general,1,1,2315394.0,1478028.0,0.5864682617684411,,,0.6383483761295053,4096576.0,CA_2024,13
CA,San Francisco,38,1998,general,0,0,553675.0,250719.0,,0.8407407402992249,,0.45854610204696655,3992004.0,CA_1998,0
CA,San Francisco,38,2000,general,1,0,,,0.8242900967597961,,,,4000000.0,CA_2000,1
CA,San Francisco,38,2002,general,0,0,,225102.0,,0.8116223216056824,,0.40155157446861267,4008004.0,CA_2002,2
CA,San Francisco,38,2004,general,1,0,,361822.0,0.8451984524726868,,,0.6375873684883118,4016016.0,CA_2004,3
CA,San Francisco,38,2006,general,0,0,,253719.0,,0.6783023476600647,,0.4417177438735962,4024036.0,CA_2006,4
CA,San Francisco,38,2008,general,1,0,,388112.0,0.8603729605674744,,,0.6676653027534485,4032064.0,CA_2008,5
CA,San Francisco,38,2010,general,0,0,581205.0,284625.0,,0.8169293403625488,,0.4897153377532959,4040100.0,CA_2010,6
CA,San Francisco,38,2012,general,1,0,593395.0,364875.0,0.8650340437889099,,,0.6148939728736877,4048144.0,CA_2012,7
CA,San Francisco,38,2014,general,0,0,608820.0,231214.0,,0.8815253376960754,,0.37977397441864014,4056196.0,CA_2014,8
CA,San Francisco,38,2016,general,1,0,627260.0,414528.0,0.9015393257141113,,,0.6608551740646362,4064256.0,CA_2016,9
CA,San Francisco,38,2018,general,0,0,646545.0,372848.0,,0.8639010190963745,,0.5766775608062744,4072324.0,CA_2018,10
CA,San Francisco,38,2020,general,1,0,616394.0,443553.0,0.8701783129646803,,,0.7195933120698774,4080400.0,CA_2020,11
CA,San Francisco,38,2022,general,0,0,616394.0,301466.0,,0.8538342632336648,,0.4890800364701798,4088484.0,CA_2022,12
CA,San Francisco,38,2024,general,1,0,616394.0,402997.0,0.8379707646390362,,,0.6537977332680072,4096576.0,CA_2024,13
CA,San Joaquin,39,1998,general,0,0,331050.0,130005.0,,0.5328163504600525,,0.4066171646118164,3992004.0,CA_1998,0
CA,San Joaquin,39,2000,general,1,0,,,0.4938192069530487,,,,4000000.0,CA_2000,1
CA,San Joaquin,39,2002,general,0,0,,126991.0,,0.4799439311027527,,0.3709102272987366,4008004.0,CA_2002,2
CA,San Joaquin,39,2004,general,1,0,,191741.0,0.46285441517829895,,,0.5420955419540405,4016016.0,CA_2004,3
CA,San Joaquin,39,2006,general,0,0,,141159.0,,0.37264981865882874,,0.3867051899433136,4024036.0,CA_2006,4
CA,San Joaquin,39,2008,general,1,0,,212214.0,0.5543994903564453,,,0.5638640522956848,4032064.0,CA_2008,5
CA,San Joaquin,39,2010,general,0,0,391655.0,161514.0,,0.5187940001487732,,0.4123884439468384,4040100.0,CA_2010,6
CA,San Joaquin,39,2012,general,1,0,406210.0,206843.0,0.57005774974823,,,0.5092021226882935,4048144.0,CA_2012,7
CA,San Joaquin,39,2014,general,0,0,421030.0,119172.0,,0.5354140996932983,,0.28304871916770935,4056196.0,CA_2014,8
CA,San Joaquin,39,2016,general,1,0,433295.0,230468.0,0.5766162276268005,,,0.5318962931632996,4064256.0,CA_2016,9
CA,San Joaquin,39,2018,general,0,0,448975.0,196635.0,,0.5218782424926758,,0.4379642605781555,4072324.0,CA_2018,10
CA,San Joaquin,39,2020,general,1,0,499410.0,288492.0,0.5709320247311638,,,0.5776656454616448,4080400.0,CA_2020,11
CA,San Joaquin,39,2022,general,0,0,499410.0,177325.0,,0.48215423657126744,,0.3550689813980497,4088484.0,CA_2022,12
CA,San Joaquin,39,2024,general,1,0,499410.0,263709.0,0.4954057024835415,,,0.5280410884844116,4096576.0,CA_2024,13
CA,San Luis Obispo,40,1998,general,0,0,182390.0,88049.0,,0.5131474137306213,,0.4928544759750366,3992004.0,CA_1998,0
CA,San Luis Obispo,40,2000,general,1,0,,,0.43917739391326904,,,,4000000.0,CA_2000,1
CA,San Luis Obispo,40,2002,general,0,0,,83903.0,,0.40570929646492004,,0.4507790207862854,4008004.0,CA_2002,2
CA,San Luis Obispo,40,2004,general,1,0,,130234.0,0.46349528431892395,,,0.6859194040298462,4016016.0,CA_2004,3
CA,San Luis Obispo,40,2006,general,0,0,,99209.0,,0.33078670501708984,,0.5124255418777466,4024036.0,CA_2006,4
CA,San Luis Obispo,40,2008,general,1,0,,134061.0,0.5275514125823975,,,0.6793210506439209,4032064.0,CA_2008,5
CA,San Luis Obispo,40,2010,general,0,0,200705.0,108002.0,,0.4779731035232544,,0.5381131768226624,4040100.0,CA_2010,6
CA,San Luis Obispo,40,2012,general,1,0,204525.0,126818.0,0.5053247809410095,,,0.6200610995292664,4048144.0,CA_2012,7
CA,San Luis Obispo,40,2014,general,0,0,208250.0,87705.0,,0.5432441234588623,,0.4211524724960327,4056196.0,CA_2014,8
CA,San Luis Obispo,40,2016,general,1,0,213215.0,139685.0,0.5443859696388245,,,0.6551368236541748,4064256.0,CA_2016,9
CA,San Luis Obispo,40,2018,general,0,0,217015.0,128353.0,,0.5157618522644043,,0.5914475917816162,4072324.0,CA_2018,10
CA,San Luis Obispo,40,2020,general,1,0,219609.0,159714.0,0.56701295699408,,,0.7272652760132782,4080400.0,CA_2020,11
CA,San Luis Obispo,40,2022,general,0,0,219609.0,119630.0,,0.5112931538911645,,0.5447408803828623,4088484.0,CA_2022,12
CA,San Luis Obispo,40,2024,general,1,0,219609.0,150812.0,0.5560083694596776,,,0.6867295966923032,4096576.0,CA_2024,13
CA,San Mateo,41,1998,general,0,0,443860.0,210282.0,,0.7058040499687195,,0.4744713306427002,3992004.0,CA_1998,0
CA,San Mateo,41,2000,general,1,0,,,0.6749846935272217,,,,4000000.0,CA_2000,1
CA,San Mateo,41,2002,general,0,0,,179279.0,,0.6596364974975586,,0.4033021330833435,4008004.0,CA_2002,2
CA,San Mateo,41,2004,general,1,0,,288533.0,0.7037551999092102,,,0.6481039524078369,4016016.0,CA_2004,3
CA,San Mateo,41,2006,general,0,0,,210538.0,,0.5015859603881836,,0.47220298647880554,4024036.0,CA_2006,4
CA,San Mateo,41,2008,general,1,0,,307350.0,0.7480319738388062,,,0.6883058547973633,4032064.0,CA_2008,5
CA,San Mateo,41,2010,general,0,0,447735.0,226259.0,,0.6783559918403625,,0.5053413510322571,4040100.0,CA_2010,6
CA,San Mateo,41,2012,general,1,0,457530.0,288592.0,0.739077091217041,,,0.6307608485221863,4048144.0,CA_2012,7
CA,San Mateo,41,2014,general,0,0,473285.0,164453.0,,0.7522436380386353,,0.3474713861942291,4056196.0,CA_2014,8
CA,San Mateo,41,2016,general,1,0,486010.0,323303.0,0.8041688799858093,,,0.6652188301086426,4064256.0,CA_2016,9
CA,San Mateo,41,2018,general,0,1,498140.0,290058.0,,0.7522537708282471,,0.5822820663452148,4072324.0,CA_2018,10
CA,San Mateo,41,2020,general,1,1,494554.0,374251.0,0.7940939304783698,,,0.7567444606655693,4080400.0,CA_2020,11
CA,San Mateo,41,2022,general,0,1,494554.0,247517.0,,0.7498434450967004,,0.5004852857321951,4088484.0,CA_2022,12
CA,San Mateo,41,2024,general,1,1,494554.0,330565.0,0.7602550903862342,,,0.668410325262762,4096576.0,CA_2024,13
CA,Santa Barbara,42,1998,general,0,0,252050.0,125168.0,,0.5549785494804382,,0.49702054262161255,3992004.0,CA_1998,0
CA,Santa Barbara,42,2000,general,1,0,,,0.5066182017326355,,,,4000000.0,CA_2000,1
CA,Santa Barbara,42,2002,general,0,0,,117417.0,,0.4899056851863861,,0.4654541015625,4008004.0,CA_2002,2
CA,Santa Barbara,42,2004,general,1,0,,171564.0,0.5404140949249268,,,0.6795241832733154,4016016.0,CA_2004,3
CA,Santa Barbara,42,2006,general,0,0,,125428.0,,0.3678886592388153,,0.4963710606098175,4024036.0,CA_2006,4
CA,Santa Barbara,42,2008,general,1,0,,176562.0,0.6169078350067139,,,0.6981402635574341,4032064.0,CA_2008,5
CA,Santa Barbara,42,2010,general,0,0,259045.0,134430.0,,0.5216487646102905,,0.5189445614814758,4040100.0,CA_2010,6
CA,Santa Barbara,42,2012,general,1,0,265655.0,164977.0,0.5929946303367615,,,0.621019721031189,4048144.0,CA_2012,7
CA,Santa Barbara,42,2014,general,0,0,272300.0,114106.0,,0.582614541053772,,0.41904518008232117,4056196.0,CA_2014,8
CA,Santa Barbara,42,2016,general,1,0,278445.0,182264.0,0.6552746891975403,,,0.6545780897140503,4064256.0,CA_2016,9
CA,Santa Barbara,42,2018,general,0,0,281700.0,157697.0,,0.6048755645751953,,0.5598047375679016,4072324.0,CA_2018,10
CA,Santa Barbara,42,2020,general,1,0,288340.0,200339.0,0.6640963929299588,,,0.6948012762710689,4080400.0,CA_2020,11
CA,Santa Barbara,42,2022,general,0,0,288340.0,135374.0,,0.5957421661471184,,0.4694943469515156,4088484.0,CA_2022,12
CA,Santa Barbara,42,2024,general,1,0,288340.0,184781.0,0.6376362285567454,,,0.6408441423319692,4096576.0,CA_2024,13
CA,Santa Clara,43,1998,general,0,0,974140.0,434600.0,,0.6700361967086792,,0.4508828818798065,3992004.0,CA_1998,0
CA,Santa Clara,43,2000,general,1,0,,,0.6378827691078186,,,,4000000.0,CA_2000,1
CA,Santa Clara,43,2002,general,0,0,,375050.0,,0.6304887533187866,,0.38099607825279236,4008004.0,CA_2002,2
CA,Santa Clara,43,2004,general,1,0,,610145.0,0.6486960649490356,,,0.6134288907051086,4016016.0,CA_2004,3
CA,Santa Clara,43,2006,general,0,0,,442511.0,,0.45112380385398865,,0.44035327434539795,4024036.0,CA_2006,4
CA,Santa Clara,43,2008,general,1,0,,678033.0,0.7086542844772339,,,0.667911946773529,4032064.0,CA_2008,5
CA,Santa Clara,43,2010,general,0,0,1029450.0,523427.0,,0.6373273134231567,,0.5084530711174011,4040100.0,CA_2010,6
CA,Santa Clara,43,2012,general,1,0,1068915.0,653239.0,0.7205467224121094,,,0.6111234426498413,4048144.0,CA_2012,7
CA,Santa Clara,43,2014,general,0,0,1111225.0,404166.0,,0.7294067144393921,,0.3637121319770813,4056196.0,CA_2014,8
CA,Santa Clara,43,2016,general,1,0,1142325.0,724596.0,0.7794001698493958,,,0.6343168616294861,4064256.0,CA_2016,9
CA,Santa Clara,43,2018,general,0,0,1170245.0,625425.0,,0.7139512300491333,,0.5344393849372864,4072324.0,CA_2018,10
CA,Santa Clara,43,2020,general,1,1,1164887.0,850741.0,0.7422322686495816,,,0.7303206233737694,4080400.0,CA_2020,11
CA,Santa Clara,43,2022,general,0,1,1164887.0,541895.0,,0.7000931914854354,,0.46519104428154834,4088484.0,CA_2022,12
CA,Santa Clara,43,2024,general,1,1,1164887.0,750606.0,0.7077270988875771,,,0.6443594958137571,4096576.0,CA_2024,13
CA,Santa Cruz,44,1998,general,0,0,167150.0,86634.0,,0.7029344439506531,,0.520300030708313,3992004.0,CA_1998,0
CA,Santa Cruz,44,2000,general,1,0,,,0.692171037197113,,,,4000000.0,CA_2000,1
CA,Santa Cruz,44,2002,general,0,0,,80023.0,,0.6784928441047668,,0.47691723704338074,4008004.0,CA_2002,2
CA,Santa Cruz,44,2004,general,1,0,,123275.0,0.7458980679512024,,,0.73188716173172,4016016.0,CA_2004,3
CA,Santa Cruz,44,2006,general,0,0,,92236.0,,0.5353009700775146,,0.5455276370048523,4024036.0,CA_2006,4
CA,Santa Cruz,44,2008,general,1,0,,128555.0,0.79640132188797,,,0.7574583888053894,4032064.0,CA_2008,5
CA,Santa Cruz,44,2010,general,0,0,172980.0,98037.0,,0.7334339022636414,,0.5667533874511719,4040100.0,CA_2010,6
CA,Santa Cruz,44,2012,general,1,0,177755.0,121323.0,0.7906261682510376,,,0.6825293302536011,4048144.0,CA_2012,7
CA,Santa Cruz,44,2014,general,0,0,183215.0,74040.0,,0.7861499190330505,,0.40411537885665894,4056196.0,CA_2014,8
CA,Santa Cruz,44,2016,general,1,0,187645.0,132165.0,0.8093417286872864,,,0.7043353319168091,4064256.0,CA_2016,9
CA,Santa Cruz,44,2018,general,0,0,190835.0,121700.0,,0.7678877115249634,,0.6377236843109131,4072324.0,CA_2018,10
CA,Santa Cruz,44,2020,general,1,0,191057.0,144837.0,0.8092050742653152,,,0.7580826664293902,4080400.0,CA_2020,11
CA,Santa Cruz,44,2022,general,0,1,191057.0,104169.0,,0.7595061870614098,,0.5452247235118316,4088484.0,CA_2022,12
CA,Santa Cruz,44,2024,general,1,1,191057.0,134155.0,0.7830759211016003,,,0.7021726500468447,4096576.0,CA_2024,13
CA,Shasta,45,1998,general,0,0,117895.0,54562.0,,0.45065030455589294,,0.4754191040992737,3992004.0,CA_1998,0
CA,Shasta,45,2000,general,1,0,,,0.31743553280830383,,,,4000000.0,CA_2000,1
CA,Shasta,45,2002,general,0,0,,50063.0,,0.34820228815078735,,0.4136621356010437,4008004.0,CA_2002,2
CA,Shasta,45,2004,general,1,0,,78360.0,0.31779131293296814,,,0.6311578154563904,4016016.0,CA_2004,3
CA,Shasta,45,2006,general,0,0,,59720.0,,0.2225523591041565,,0.4691956341266632,4024036.0,CA_2006,4
CA,Shasta,45,2008,general,1,0,,81378.0,0.3679434061050415,,,0.6240139007568359,4032064.0,CA_2008,5
CA,Shasta,45,2010,general,0,0,131930.0,66502.0,,0.3437577486038208,,0.5040703415870667,4040100.0,CA_2010,6
CA,Shasta,45,2012,general,1,0,133860.0,77178.0,0.3494437336921692,,,0.5765575766563416,4048144.0,CA_2012,7
CA,Shasta,45,2014,general,0,0,135760.0,58702.0,,0.3805824816226959,,0.43239539861679077,4056196.0,CA_2014,8
CA,Shasta,45,2016,general,1,0,136655.0,82426.0,0.30104348063468933,,,0.6031685471534729,4064256.0,CA_2016,9
CA,Shasta,45,2018,general,0,0,136015.0,70851.0,,0.28903695940971375,,0.5209057927131653,4072324.0,CA_2018,10
CA,Shasta,45,2020,general,1,0,138243.0,92930.0,0.330436506625252,,,0.6722221016615669,4080400.0,CA_2020,11
CA,Shasta,45,2022,general,0,0,138243.0,68520.0,,0.2715557501459428,,0.49564896595125973,4088484.0,CA_2022,12
CA,Shasta,45,2024,general,1,0,138243.0,88919.0,0.3130300338067821,,,0.6432079743639822,4096576.0,CA_2024,13
CA,Sierra,46,1998,general,0,0,2685.0,1806.0,,0.442702054977417,,0.6717917323112488,3992004.0,CA_1998,0
CA,Sierra,46,2000,general,1,0,,,0.31542056798934937,,,,4000000.0,CA_2000,1
CA,Sierra,46,2002,general,0,0,,1475.0,,0.34285715222358704,,0.5500310659408569,4008004.0,CA_2002,2
CA,Sierra,46,2004,general,1,0,,1983.0,0.3408970832824707,,,0.7403858304023743,4016016.0,CA_2004,3
CA,Sierra,46,2006,general,0,0,,1635.0,,0.23787061870098114,,0.6112149357795715,4024036.0,CA_2006,4
CA,Sierra,46,2008,general,1,0,,2012.0,0.3908469080924988,,,0.7530879378318787,4032064.0,CA_2008,5
CA,Sierra,46,2010,general,0,0,2675.0,1881.0,,0.3786523640155792,,0.7031775712966919,4040100.0,CA_2010,6
CA,Sierra,46,2012,general,1,0,2515.0,1822.0,0.3820948004722595,,,0.7244532704353333,4048144.0,CA_2012,7
CA,Sierra,46,2014,general,0,0,2400.0,1627.0,,0.4420572817325592,,0.6779166460037231,4056196.0,CA_2014,8
CA,Sierra,46,2016,general,1,0,2435.0,1902.0,0.36446329951286316,,,0.7811088562011719,4064256.0,CA_2016,9
CA,Sierra,46,2018,general,0,0,2450.0,1698.0,,0.35932812094688416,,0.6930612325668335,4072324.0,CA_2018,10
CA,Sierra,46,2020,general,1,0,2256.0,1931.0,0.38995726495726496,,,0.8559397163120568,4080400.0,CA_2020,11
CA,Sierra,46,2022,general,0,0,2256.0,1543.0,,0.34283862605314325,,0.6839539007092199,4088484.0,CA_2022,12
CA,Sierra,46,2024,general,1,0,2256.0,1755.0,0.37551259519625074,,,0.7779255319148937,4096576.0,CA_2024,13
CA,Siskiyou,47,1998,general,0,0,32665.0,16699.0,,0.4805361330509186,,0.5157992243766785,3992004.0,CA_1998,0
CA,Siskiyou,47,2000,general,1,0,,,0.3413962423801422,,,,4000000.0,CA_2000,1
CA,Siskiyou,47,2002,general,0,0,,15958.0,,0.3530247211456299,,0.48423609137535095,4008004.0,CA_2002,2
CA,Siskiyou,47,2004,general,1,0,,21695.0,0.38339900970458984,,,0.6525793075561523,4016016.0,CA_2004,3
CA,Siskiyou,47,2006,general,0,0,,17096.0,,0.29714763164520264,,0.5097957253456116,4024036.0,CA_2006,4
CA,Siskiyou,47,2008,general,1,0,,21723.0,0.4464731812477112,,,0.6422172784805298,4032064.0,CA_2008,5
CA,Siskiyou,47,2010,general,0,0,34345.0,18721.0,,0.42505696415901184,,0.5450866222381592,4040100.0,CA_2010,6
CA,Siskiyou,47,2012,general,1,0,34180.0,20180.0,0.42074987292289734,,,0.5904037356376648,4048144.0,CA_2012,7
CA,Siskiyou,47,2014,general,0,0,33975.0,14259.0,,0.4416063725948334,,0.41969093680381775,4056196.0,CA_2014,8
CA,Siskiyou,47,2016,general,1,0,33780.0,21162.0,0.3894481956958771,,,0.626465380191803,4064256.0,CA_2016,9
CA,Siskiyou,47,2018,general,0,0,33785.0,18408.0,,0.39737942814826965,,0.5448572039604187,4072324.0,CA_2018,10
CA,Siskiyou,47,2020,general,1,0,33874.0,23472.0,0.4192195079316523,,,0.6929208242309736,4080400.0,CA_2020,11
CA,Siskiyou,47,2022,general,0,0,33874.0,17723.0,,0.356937313095977,,0.5232036370077345,4088484.0,CA_2022,12
CA,Siskiyou,47,2024,general,1,0,33874.0,21498.0,0.4006253006253006,,,0.6346460412115487,4096576.0,CA_2024,13
CA,Solano,48,1998,general,0,0,256255.0,103684.0,,0.6504042744636536,,0.4083288609981537,3992004.0,CA_1998,0
CA,Solano,48,2000,general,1,0,,,0.5927714705467224,,,,4000000.0,CA_2000,1
CA,Solano,48,2002,general,0,0,,91280.0,,0.5805308818817139,,0.35299500823020935,4008004.0,CA_2002,2
CA,Solano,48,2004,general,1,0,,150057.0,0.577325165271759,,,0.575108528137207,4016016.0,CA_2004,3
CA,Solano,48,2006,general,0,0,,105414.0,,0.44104793667793274,,0.4004305303096771,4024036.0,CA_2006,4
CA,Solano,48,2008,general,1,0,,162638.0,0.6456396579742432,,,0.6123790740966797,4032064.0,CA_2008,5
CA,Solano,48,2010,general,0,0,270430.0,120282.0,,0.6163390278816223,,0.44478052854537964,4040100.0,CA_2010,6
CA,Solano,48,2012,general,1,0,276765.0,153923.0,0.6500957012176514,,,0.556150496006012,4048144.0,CA_2012,7
CA,Solano,48,2014,general,0,0,286335.0,91319.0,,0.6457133889198303,,0.3189236521720886,4056196.0,CA_2014,8
CA,Solano,48,2016,general,1,0,296030.0,170628.0,0.6634690165519714,,,0.5763875246047974,4064256.0,CA_2016,9
CA,Solano,48,2018,general,0,0,306065.0,148352.0,,0.6129947304725647,,0.4847075045108795,4072324.0,CA_2018,10
CA,Solano,48,2020,general,1,0,316980.0,205877.0,0.6550996541342158,,,0.6494952362925106,4080400.0,CA_2020,11
CA,Solano,48,2022,general,0,0,316980.0,130619.0,,0.5953881135210038,,0.41207331692851284,4088484.0,CA_2022,12
CA,Solano,48,2024,general,1,0,316980.0,189883.0,0.6183994965878639,,,0.5990377941825983,4096576.0,CA_2024,13
CA,Sonoma,49,1998,general,0,0,310645.0,162310.0,,0.6889176368713379,,0.524636447429657,3992004.0,CA_1998,0
CA,Sonoma,49,2000,general,1,0,,,0.648669421672821,,,,4000000.0,CA_2000,1
CA,Sonoma,49,2002,general,0,0,,149663.0,,0.627357542514801,,0.4798215627670288,4008004.0,CA_2002,2
CA,Sonoma,49,2004,general,1,0,,222538.0,0.6849190592765808,,,0.7105690836906433,4016016.0,CA_2004,3
CA,Sonoma,49,2006,general,0,0,,177328.0,,0.48674213886260986,,0.5639277100563049,4024036.0,CA_2006,4
CA,Sonoma,49,2008,general,1,0,,231817.0,0.7539138197898865,,,0.7342473864555359,4032064.0,CA_2008,5
CA,Sonoma,49,2010,general,0,0,323180.0,186920.0,,0.6822017431259155,,0.578377366065979,4040100.0,CA_2010,6
CA,Sonoma,49,2012,general,1,0,333255.0,218820.0,0.7375314831733704,,,0.6566143035888672,4048144.0,CA_2012,7
CA,Sonoma,49,2014,general,0,0,343330.0,146627.0,,0.7475292086601257,,0.42707309126853943,4056196.0,CA_2014,8
CA,Sonoma,49,2016,general,1,0,350055.0,237358.0,0.7573297023773193,,,0.6780591607093811,4064256.0,CA_2016,9
CA,Sonoma,49,2018,general,0,0,356020.0,213869.0,,0.7226991653442383,,0.6007218956947327,4072324.0,CA_2018,10
CA,Sonoma,49,2020,general,1,0,352389.0,268317.0,0.7638130675458334,,,0.7614227458859385,4080400.0,CA_2020,11
CA,Sonoma,49,2022,general,0,1,352389.0,197454.0,,0.7092335430024208,,0.5603296357150762,4088484.0,CA_2022,12
CA,Sonoma,49,2024,general,1,1,352389.0,251465.0,0.7390155785800696,,,0.7136005947972269,4096576.0,CA_2024,13
CA,Stanislaus,50,1998,general,0,0,265720.0,102206.0,,0.5188889503479004,,0.39561229944229126,3992004.0,CA_1998,0
CA,Stanislaus,50,2000,general,1,0,,,0.4565660357475281,,,,4000000.0,CA_2000,1
CA,Stanislaus,50,2002,general,0,0,,98693.0,,0.4762326776981354,,0.36139219999313354,4008004.0,CA_2002,2
CA,Stanislaus,50,2004,general,1,0,,147663.0,0.4078662693500519,,,0.5264987349510193,4016016.0,CA_2004,3
CA,Stanislaus,50,2006,general,0,0,,105674.0,,0.3217145502567291,,0.36713606119155884,4024036.0,CA_2006,4
CA,Stanislaus,50,2008,general,1,0,,162941.0,0.5088163018226624,,,0.5519598722457886,4032064.0,CA_2008,5
CA,Stanislaus,50,2010,general,0,0,305025.0,122490.0,,0.46636587381362915,,0.40157362818717957,4040100.0,CA_2010,6
CA,Stanislaus,50,2012,general,1,0,310185.0,156935.0,0.5141054391860962,,,0.5059400200843811,4048144.0,CA_2012,7
CA,Stanislaus,50,2014,general,0,0,320085.0,92738.0,,0.5153842568397522,,0.2897292971611023,4056196.0,CA_2014,8
CA,Stanislaus,50,2016,general,1,0,328050.0,176992.0,0.5098444223403931,,,0.5395275354385376,4064256.0,CA_2016,9
CA,Stanislaus,50,2018,general,0,0,335015.0,159226.0,,0.4919379949569702,,0.475280225276947,4072324.0,CA_2018,10
CA,Stanislaus,50,2020,general,1,0,349960.0,214954.0,0.5040383644623927,,,0.6142244827980341,4080400.0,CA_2020,11
CA,Stanislaus,50,2022,general,0,1,349960.0,130967.0,,0.4223277619553017,,0.3742341981940793,4088484.0,CA_2022,12
CA,Stanislaus,50,2024,general,1,1,349960.0,197525.0,0.44374600302600176,,,0.5644216481883644,4096576.0,CA_2024,13
CA,Sutter,51,1998,general,0,0,47805.0,22304.0,,0.43019112944602966,,0.48335760831832886,3992004.0,CA_1998,0
CA,Sutter,51,2000,general,1,0,,,0.32663199305534363,,,,4000000.0,CA_2000,1
CA,Sutter,51,2002,general,0,0,,21589.0,,0.3247219920158386,,0.43644022941589355,4008004.0,CA_2002,2
CA,Sutter,51,2004,general,1,0,,30784.0,0.32161039113998413,,,0.6021058559417725,4016016.0,CA_2004,3
CA,Sutter,51,2006,general,0,0,,24369.0,,0.23981642723083496,,0.46163609623908997,4024036.0,CA_2006,4
CA,Sutter,51,2008,general,1,0,,33337.0,0.41493672132492065,,,0.6122559905052185,4032064.0,CA_2008,5
CA,Sutter,51,2010,general,0,0,56435.0,26164.0,,0.4012520909309387,,0.46361300349235535,4040100.0,CA_2010,6
CA,Sutter,51,2012,general,1,0,58045.0,31300.0,0.4021904170513153,,,0.5392367839813232,4048144.0,CA_2012,7
CA,Sutter,51,2014,general,0,0,58795.0,21030.0,,0.4273067116737366,,0.3576834797859192,4056196.0,CA_2014,8
CA,Sutter,51,2016,general,1,0,59845.0,34422.0,0.4184052348136902,,,0.5751858949661255,4064256.0,CA_2016,9
CA,Sutter,51,2018,general,0,0,60875.0,30768.0,,0.3698088228702545,,0.5054291486740112,4072324.0,CA_2018,10
CA,Sutter,51,2020,general,1,0,64188.0,42644.0,0.41605577116573234,,,0.6643609397395152,4080400.0,CA_2020,11
CA,Sutter,51,2022,general,0,0,64188.0,28106.0,,0.32313385042339715,,0.4378700068548638,4088484.0,CA_2022,12
CA,Sutter,51,2024,general,1,0,64188.0,39339.0,0.33906429092424717,,,0.6128715647784633,4096576.0,CA_2024,13
CA,Tehama,52,1998,general,0,0,38145.0,18828.0,,0.4781613051891327,,0.5032505393028259,3992004.0,CA_1998,0
CA,Tehama,52,2000,general,1,0,,,0.32901856303215027,,,,4000000.0,CA_2000,1
CA,Tehama,52,2002,general,0,0,,15731.0,,0.35688793659210205,,0.4046328067779541,4008004.0,CA_2002,2
CA,Tehama,52,2004,general,1,0,,23604.0,0.3251863420009613,,,0.5959184765815735,4016016.0,CA_2004,3
CA,Tehama,52,2006,general,0,0,,18279.0,,0.2142857164144516,,0.453104704618454,4024036.0,CA_2006,4
CA,Tehama,52,2008,general,1,0,,24803.0,0.37602993845939636,,,0.6038629412651062,4032064.0,CA_2008,5
CA,Tehama,52,2010,general,0,0,42345.0,20565.0,,0.3540618121623993,,0.4856535494327545,4040100.0,CA_2010,6
CA,Tehama,52,2012,general,1,0,43965.0,23261.0,0.3578871488571167,,,0.5290799736976624,4048144.0,CA_2012,7
CA,Tehama,52,2014,general,0,0,44930.0,15791.0,,0.35208332538604736,,0.3514578342437744,4056196.0,CA_2014,8
CA,Tehama,52,2016,general,1,0,45460.0,24541.0,0.30529525876045227,,,0.5398372411727905,4064256.0,CA_2016,9
CA,Tehama,52,2018,general,0,0,45220.0,21147.0,,0.2754989564418793,,0.4676470458507538,4072324.0,CA_2018,10
CA,Tehama,52,2020,general,1,0,45658.0,28731.0,0.317660059888778,,,0.6292654080336414,4080400.0,CA_2020,11
CA,Tehama,52,2022,general,0,0,45658.0,20631.0,,0.24351703746788814,,0.4518594769810329,4088484.0,CA_2022,12
CA,Tehama,52,2024,general,1,0,45658.0,26536.0,0.2860946060652828,,,0.5811905909150642,4096576.0,CA_2024,13
CA,Trinity,53,1998,general,0,0,9940.0,5049.0,,0.530227541923523,,0.523272693157196,3992004.0,CA_1998,0
CA,Trinity,53,2000,general,1,0,,,0.3664643466472626,,,,4000000.0,CA_2000,1
CA,Trinity,53,2002,general,0,0,,5072.0,,0.4308885633945465,,0.4957428276538849,4008004.0,CA_2002,2
CA,Trinity,53,2004,general,1,0,,6579.0,0.43866288661956787,,,0.6252481341362,4016016.0,CA_2004,3
CA,Trinity,53,2006,general,0,0,,6073.0,,0.29707345366477966,,0.5616214871406555,4024036.0,CA_2006,4
CA,Trinity,53,2008,general,1,0,,6482.0,0.5237323641777039,,,0.5837302207946777,4032064.0,CA_2008,5
CA,Trinity,53,2010,general,0,0,10905.0,5712.0,,0.48946741223335266,,0.5237964391708374,4040100.0,CA_2010,6
CA,Trinity,53,2012,general,1,0,10790.0,5814.0,0.4961038827896118,,,0.5388322472572327,4048144.0,CA_2012,7
CA,Trinity,53,2014,general,0,0,10895.0,4003.0,,0.44166237115859985,,0.36741623282432556,4056196.0,CA_2014,8
CA,Trinity,53,2016,general,1,0,10470.0,5921.0,0.4405093491077423,,,0.5655205249786377,4064256.0,CA_2016,9
CA,Trinity,53,2018,general,0,0,10355.0,5424.0,,0.4225352108478546,,0.5238049030303955,4072324.0,CA_2018,10
CA,Trinity,53,2020,general,1,0,12915.0,6259.0,0.4720980294750787,,,0.4846302748741773,4080400.0,CA_2020,11
CA,Trinity,53,2022,general,0,0,12915.0,4527.0,,0.41086812458581845,,0.3505226480836237,4088484.0,CA_2022,12
CA,Trinity,53,2024,general,1,0,12915.0,5646.0,0.45117907148120856,,,0.43716608594657375,4096576.0,CA_2024,13
CA,Tulare,54,1998,general,0,0,193760.0,73765.0,,0.4516826272010803,,0.3925619125366211,3992004.0,CA_1998,0
CA,Tulare,54,2000,general,1,0,,,0.3790481984615326,,,,4000000.0,CA_2000,1
CA,Tulare,54,2002,general,0,0,,63767.0,,0.36421167850494385,,0.3194526135921478,4008004.0,CA_2002,2
CA,Tulare,54,2004,general,1,0,,99509.0,0.331933856010437,,,0.48430725932121277,4016016.0,CA_2004,3
CA,Tulare,54,2006,general,0,0,,70049.0,,0.2655111849308014,,0.33148306608200073,4024036.0,CA_2006,4
CA,Tulare,54,2008,general,1,0,,106551.0,0.4219963550567627,,,0.4906265437602997,4032064.0,CA_2008,5
CA,Tulare,54,2010,general,0,0,225910.0,83108.0,,0.3981761038303375,,0.36788100004196167,4040100.0,CA_2010,6
CA,Tulare,54,2012,general,1,0,233195.0,102184.0,0.4229849576950073,,,0.4381912052631378,4048144.0,CA_2012,7
CA,Tulare,54,2014,general,0,0,239425.0,62920.0,,0.3842214345932007,,0.2627962827682495,4056196.0,CA_2014,8
CA,Tulare,54,2016,general,1,0,245640.0,116106.0,0.4494068920612335,,,0.47266730666160583,4064256.0,CA_2016,9
CA,Tulare,54,2018,general,0,0,252875.0,101066.0,,0.42824476957321167,,0.3996678292751312,4072324.0,CA_2018,10
CA,Tulare,54,2020,general,1,0,273831.0,146885.0,0.4600721026697475,,,0.53640749221235,4080400.0,CA_2020,11
CA,Tulare,54,2022,general,0,0,273831.0,91326.0,,0.36433217265619866,,0.33351227581975745,4088484.0,CA_2022,12
CA,Tulare,54,2024,general,1,0,273831.0,138309.0,0.39401073477697574,,,0.505088905200653,4096576.0,CA_2024,13
CA,Tuolumne,55,1998,general,0,0,42630.0,20339.0,,0.498974472284317,,0.4823223948478699,3992004.0,CA_1998,0
CA,Tuolumne,55,2000,general,1,0,,,0.4153832495212555,,,,4000000.0,CA_2000,1
CA,Tuolumne,55,2002,general,0,0,,18400.0,,0.4252966344356537,,0.4270022213459015,4008004.0,CA_2002,2
CA,Tuolumne,55,2004,general,1,0,,26791.0,0.39088553190231323,,,0.6151465773582458,4016016.0,CA_2004,3
CA,Tuolumne,55,2006,general,0,0,,21522.0,,0.2560052275657654,,0.4889881908893585,4024036.0,CA_2006,4
CA,Tuolumne,55,2008,general,1,0,,27499.0,0.4348416328430176,,,0.6183101534843445,4032064.0,CA_2008,5
CA,Tuolumne,55,2010,general,0,0,44970.0,22835.0,,0.42995330691337585,,0.5077829957008362,4040100.0,CA_2010,6
CA,Tuolumne,55,2012,general,1,0,44360.0,25153.0,0.41871178150177,,,0.5670198202133179,4048144.0,CA_2012,7
CA,Tuolumne,55,2014,general,0,0,43925.0,17425.0,,0.4674583971500397,,0.396698921918869,4056196.0,CA_2014,8
CA,Tuolumne,55,2016,general,1,0,43960.0,26404.0,0.3853594660758972,,,0.6006369590759277,4064256.0,CA_2016,9
CA,Tuolumne,55,2018,general,0,0,44140.0,24191.0,,0.3892937898635864,,0.548051655292511,4072324.0,CA_2018,10
CA,Tuolumne,55,2020,general,1,1,44316.0,30408.0,0.40374827249132034,,,0.686163011102085,4080400.0,CA_2020,11
CA,Tuolumne,55,2022,general,0,1,44316.0,23230.0,,0.3646577701248386,,0.5241899088365376,4088484.0,CA_2022,12
CA,Tuolumne,55,2024,general,1,1,44316.0,28816.0,0.38795831999715497,,,0.6502391912627493,4096576.0,CA_2024,13
CA,Ventura,56,1998,general,0,0,458420.0,211113.0,,0.5475190877914429,,0.46741804480552673,3992004.0,CA_1998,0
CA,Ventura,56,2000,general,1,0,,,0.4945904612541199,,,,4000000.0,CA_2000,1
CA,Ventura,56,2002,general,0,0,,199708.0,,0.4781516492366791,,0.4293113350868225,4008004.0,CA_2002,2
CA,Ventura,56,2004,general,1,0,,316132.0,0.48147478699684143,,,0.6698500514030457,4016016.0,CA_2004,3
CA,Ventura,56,2006,general,0,0,,225660.0,,0.3597877025604248,,0.4713951647281647,4024036.0,CA_2006,4
CA,Ventura,56,2008,general,1,0,,343690.0,0.5625993609428406,,,0.7079547643661499,4032064.0,CA_2008,5
CA,Ventura,56,2010,general,0,0,499375.0,264831.0,,0.4790915846824646,,0.5303249359130859,4040100.0,CA_2010,6
CA,Ventura,56,2012,general,1,0,516215.0,330419.0,0.5360174775123596,,,0.6400802135467529,4048144.0,CA_2012,7
CA,Ventura,56,2014,general,0,0,531725.0,203783.0,,0.530707597732544,,0.38324886560440063,4056196.0,CA_2014,8
CA,Ventura,56,2016,general,1,0,542060.0,363285.0,0.5950019359588623,,,0.6701933145523071,4064256.0,CA_2016,9
CA,Ventura,56,2018,general,0,0,557875.0,313871.0,,0.5555379390716553,,0.5626188516616821,4072324.0,CA_2018,10
CA,Ventura,56,2020,general,1,0,573446.0,422825.0,0.6078119899902078,,,0.7373405691207193,4080400.0,CA_2020,11
CA,Ventura,56,2022,general,0,1,573446.0,280935.0,,0.5454144197056259,,0.4899066346264513,4088484.0,CA_2022,12
CA,Ventura,56,2024,general,1,1,573446.0,387704.0,0.5777559290506876,,,0.6760950464385487,4096576.0,CA_2024,13
CA,Yolo,57,1998,general,0,0,107965.0,51933.0,,0.6555354595184326,,0.5013402104377747,3992004.0,CA_1998,0
CA,Yolo,57,2000,general,1,0,,,0.5940954685211182,,,,4000000.0,CA_2000,1
CA,Yolo,57,2002,general,0,0,,47738.0,,0.5569970011711121,,0.42493584752082825,4008004.0,CA_2002,2
CA,Yolo,57,2004,general,1,0,,72953.0,0.6049513220787048,,,0.6250346302986145,4016016.0,CA_2004,3
CA,Yolo,57,2006,general,0,0,,55587.0,,0.4277644455432892,,0.45903629064559937,4024036.0,CA_2006,4
CA,Yolo,57,2008,general,1,0,,80674.0,0.6850410103797913,,,0.6429659128189087,4032064.0,CA_2008,5
CA,Yolo,57,2010,general,0,0,130325.0,60896.0,,0.6607497930526733,,0.4672626256942749,4040100.0,CA_2010,6
CA,Yolo,57,2012,general,1,0,133745.0,75313.0,0.675818145275116,,,0.5631089210510254,4048144.0,CA_2012,7
CA,Yolo,57,2014,general,0,0,137225.0,46456.0,,0.6911861896514893,,0.33853888511657715,4056196.0,CA_2014,8
CA,Yolo,57,2016,general,1,0,140945.0,84685.0,0.7252784967422485,,,0.600837230682373,4064256.0,CA_2016,9
CA,Yolo,57,2018,general,0,0,144525.0,75012.0,,0.6781927347183228,,0.5190243721008301,4072324.0,CA_2018,10
CA,Yolo,57,2020,general,1,0,154295.0,97294.0,0.7123827589840869,,,0.6305713082083023,4080400.0,CA_2020,11
CA,Yolo,57,2022,general,0,1,154295.0,67135.0,,0.6602815223058017,,0.4351080721993584,4088484.0,CA_2022,12
CA,Yolo,57,2024,general,1,1,154295.0,92621.0,0.6880189133771807,,,0.6002851680222949,4096576.0,CA_2024,13
CA,Yuba,58,1998,general,0,0,37330.0,13763.0,,0.4830969572067261,,0.3872174918651581,3992004.0,CA_1998,0
CA,Yuba,58,2000,general,1,0,,,0.3605044186115265,,,,4000000.0,CA_2000,1
CA,Yuba,58,2002,general,0,0,,11860.0,,0.33301129937171936,,0.3031955659389496,4008004.0,CA_2002,2
CA,Yuba,58,2004,general,1,0,,18238.0,0.3201598823070526,,,0.4458805322647095,4016016.0,CA_2004,3
CA,Yuba,58,2006,general,0,0,,14148.0,,0.22703321278095245,,0.33141249418258667,4024036.0,CA_2006,4
CA,Yuba,58,2008,general,1,0,,21681.0,0.42475926876068115,,,0.4874690771102905,4032064.0,CA_2008,5
CA,Yuba,58,2010,general,0,0,45235.0,16528.0,,0.4253946840763092,,0.36538079380989075,4040100.0,CA_2010,6
CA,Yuba,58,2012,general,1,0,46585.0,19973.0,0.40614137053489685,,,0.4287431538105011,4048144.0,CA_2012,7
CA,Yuba,58,2014,general,0,0,47490.0,12721.0,,0.41624364256858826,,0.26786690950393677,4056196.0,CA_2014,8
CA,Yuba,58,2016,general,1,0,48745.0,23558.0,0.37523719668388367,,,0.48329058289527893,4064256.0,CA_2016,9
CA,Yuba,58,2018,general,0,0,50180.0,19433.0,,0.35960617661476135,,0.3872658312320709,4072324.0,CA_2018,10
CA,Yuba,58,2020,general,1,0,57584.0,29796.0,0.38850065730298206,,,0.5174353987218672,4080400.0,CA_2020,11
CA,Yuba,58,2022,general,0,0,57584.0,19631.0,,0.33284091487952727,,0.3409106696304529,4088484.0,CA_2022,12
CA,Yuba,58,2024,general,1,0,57584.0,30072.0,0.3670933734939759,,,0.5222283967768825,4096576.0,CA_2024,13
