state,county,year,prim_or_gen,treat,vca18,vca20,vca_eligible18,vca_eligible20,all_mail2006,ut_all_mail_year,switch_year,registered,ballots_cast,eligible,cvap,vbm_share,turnout_share,turnout_of_reg,dem_share_gov,dem_share_pres,dem_share_sen,share_votes_dem,share_votes_rep,county_id,state_year_id,pres,prim
CA,Alameda,2000,general,0,0.0,0.0,0.0,1.0,,,,,,,,,,,,0.7419142127037048,,0.615645,0.1710544,1,2,1,0
CA,Alameda,2004,general,0,0.0,0.0,0.0,1.0,,,,742258.0,567915.0,955460.0,,0.365479,0.6263001,0.76511806,,0.7634834051132202,,0.6020465,0.15194906,1,4,1,0
CA,Alameda,2008,general,0,0.0,0.0,0.0,1.0,,,,803009.0,628545.0,987688.0,,0.48334965,0.6857087,0.7827372,,0.8035770058631897,,0.5999034,0.13471746,1,6,1,0
CA,Alameda,2012,general,0,0.0,0.0,0.0,1.0,,,,810836.0,602479.0,1004357.0,970755.0,0.5534616,0.6206293,0.74303436,,0.8127905130386353,,0.60467654,0.12840633,1,8,1,0
CA,Alameda,2016,general,0,0.0,0.0,0.0,1.0,,,,888664.0,670245.0,1069959.0,1040380.0,0.66391844,0.64423096,0.75421643,,0.8429475426673889,,0.59712166,0.11618918,1,10,1,0
CA,Alameda,2020,gen,0,,,,,,,,,,,,,,,,0.8192111601553381,,,,1,37,1,0
CA,Alameda,2024,gen,1,,,,,,,,,,,,,,,,,,,,1,39,1,0
CA,Alpine,2000,general,0,0.0,0.0,0.0,1.0,,,,,,,,,,,,0.4853479862213135,,0.46349207,0.30476192,2,2,1,0
CA,Alpine,2004,general,0,0.0,0.0,0.0,1.0,,,,827.0,714.0,965.0,,1.0,0.81548226,0.86336154,,0.5453216433525085,,0.44951922,0.29567307,2,4,1,0
CA,Alpine,2008,general,0,0.0,0.0,0.0,1.0,,,,816.0,697.0,901.0,,1.0,0.8386364,0.8541667,,0.6261127591133118,,0.4476386,0.28336754,2,6,1,0
CA,Alpine,2012,general,0,0.0,0.0,0.0,1.0,,,,773.0,656.0,869.0,900.0,1.0,0.72888887,0.84864163,,0.6223999857902527,,0.45124283,0.2715105,2,8,1,0
CA,Alpine,2016,general,0,0.0,0.0,0.0,1.0,,,,722.0,621.0,951.0,895.0,1.0,0.69385475,0.8601108,,0.6061705946922302,,0.44620812,0.27689594,2,10,1,0
CA,Alpine,2020,gen,0,,,,,,,,,,,,,,,,0.6611111111111111,,,,2,37,1,0
CA,Alpine,2024,gen,0,,,,,,,,,,,,,,,,,,,,2,39,1,0
CA,Amador,2000,general,0,0.0,1.0,0.0,1.0,,,,,,,,,,,,0.40253543853759766,,0.321756,0.49617085,3,2,1,0
CA,Amador,2004,general,0,0.0,1.0,0.0,1.0,,,,20475.0,18088.0,25240.0,,0.4050752,0.6298294,0.8834188,,0.370636910200119,,0.31101716,0.48649284,3,4,1,0
CA,Amador,2008,general,0,0.0,1.0,0.0,1.0,,,,21462.0,19006.0,25879.0,,0.51836264,0.63336915,0.88556516,,0.42522042989730835,,0.31263638,0.47358328,3,6,1,0
CA,Amador,2012,general,0,0.0,1.0,0.0,1.0,,,,21503.0,17886.0,27395.0,30475.0,0.6118193,0.5869073,0.8317909,,0.39915844798088074,,0.3078486,0.47148845,3,8,1,0
CA,Amador,2016,general,0,0.0,1.0,0.0,1.0,,,,22417.0,18289.0,27553.0,30240.0,0.6783859,0.604795,0.815854,,0.36412152647972107,,0.2968178,0.46724865,3,10,1,0
CA,Amador,2020,gen,1,,,,,,,,,,,,,,,,0.3750575029901555,,,,3,37,1,0
CA,Amador,2024,gen,1,,,,,,,,,,,,,,,,,,,,3,39,1,0
CA,Butte,2000,general,0,0.0,1.0,0.0,1.0,,,,,,,,,,,,0.4073997139930725,,0.35107183,0.46209076,4,2,1,0
CA,Butte,2004,general,0,0.0,1.0,0.0,1.0,,,,123318.0,96967.0,154305.0,,0.41442966,0.63073665,0.7863167,,0.4510466456413269,,0.3517789,0.434813,4,4,1,0
CA,Butte,2008,general,0,0.0,1.0,0.0,1.0,,,,122841.0,99392.0,159670.0,,0.4943758,0.6186203,0.80911094,,0.5120509266853333,,0.3591844,0.41080004,4,6,1,0
CA,Butte,2012,general,0,0.0,1.0,0.0,1.0,,,,122554.0,91722.0,166679.0,165830.0,0.6190227,0.55310863,0.74842113,,0.48961538076400757,,0.35975122,0.40613645,4,8,1,0
CA,Butte,2016,general,0,0.0,1.0,0.0,1.0,,,,129275.0,98879.0,169048.0,170635.0,0.6982676,0.57947665,0.7648733,,0.4793740212917328,,0.36175826,0.3815341,4,10,1,0
CA,Butte,2020,gen,1,,,,,,,,,,,,,,,,0.508552180402598,,,,4,37,1,0
CA,Butte,2024,gen,1,,,,,,,,,,,,,,,,,,,,4,39,1,0
CA,Calaveras,2000,general,0,0.0,1.0,1.0,1.0,,,,,,,,,,,,0.4009156823158264,,0.32199237,0.40990746,5,2,1,0
CA,Calaveras,2004,general,0,0.0,1.0,1.0,1.0,,,,27332.0,22521.0,33381.0,,0.46836287,0.674102,0.8239792,,0.37858089804649353,,0.30248833,0.45787972,5,4,1,0
CA,Calaveras,2008,general,0,0.0,1.0,1.0,1.0,,,,28388.0,23588.0,35290.0,,0.5852552,0.65708804,0.8309145,,0.4332832992076874,,0.30244064,0.44728452,5,6,1,0
CA,Calaveras,2012,general,0,0.0,1.0,1.0,1.0,,,,29014.0,22077.0,35672.0,35920.0,0.67051685,0.6146158,0.76090854,,0.4121702015399933,,0.29519415,0.45337364,5,8,1,0
CA,Calaveras,2016,general,0,0.0,1.0,1.0,1.0,,,,29555.0,23975.0,36098.0,35475.0,0.7021481,0.67582804,0.8111995,,0.37026333808898926,,0.28695253,0.44338456,5,10,1,0
CA,Calaveras,2020,gen,1,,,,,,,,,,,,,,,,0.37818099683782563,,,,5,37,1,0
CA,Calaveras,2024,gen,1,,,,,,,,,,,,,,,,,,,,5,39,1,0
CA,Colusa,2000,general,0,0.0,0.0,0.0,1.0,,,,,,,,,,,,0.32471156120300293,,0.342246,0.486631,6,2,1,0
CA,Colusa,2004,general,0,0.0,0.0,0.0,1.0,,,,8053.0,6280.0,10994.0,,0.34044585,0.6119201,0.7798336,,0.3197569251060486,,0.29718563,0.54583013,6,4,1,0
CA,Colusa,2008,general,0,0.0,0.0,0.0,1.0,,,,7866.0,6532.0,11912.0,,0.49341702,0.6025521,0.83040935,,0.40764835476875305,,0.3155806,0.49561402,6,6,1,0
CA,Colusa,2012,general,0,0.0,0.0,0.0,1.0,,,,7765.0,6092.0,12364.0,11675.0,0.558109,0.52179873,0.784546,,0.39120879769325256,,0.30363816,0.49577188,6,8,1,0
CA,Colusa,2016,general,0,0.0,0.0,0.0,1.0,,,,8638.0,6814.0,12496.0,12230.0,0.61740535,0.55715454,0.78884,,0.42836445569992065,,0.31741485,0.4469914,6,10,1,0
CA,Colusa,2020,gen,0,,,,,,,,,,,,,,,,0.4152542372881356,,,,6,37,1,0
CA,Colusa,2024,gen,0,,,,,,,,,,,,,,,,,,,,6,39,1,0
CA,Contra Costa,2000,general,0,0.0,0.0,0.0,1.0,,,,,,,,,,,,0.6134297251701355,,0.51918876,0.28400692,7,2,1,0
CA,Contra Costa,2004,general,0,0.0,0.0,0.0,1.0,,,,504505.0,418335.0,666026.0,,0.35880575,0.6624256,0.8291989,,0.630737841129303,,0.5148154,0.25905964,7,4,1,0
CA,Contra Costa,2008,general,0,0.0,0.0,0.0,1.0,,,,527145.0,456876.0,699136.0,,0.4758337,0.7038824,0.8666989,,0.6923090815544128,,0.51939803,0.2344698,7,6,1,0
CA,Contra Costa,2012,general,0,0.0,0.0,0.0,1.0,,,,556351.0,442143.0,703217.0,682915.0,0.5562748,0.6474349,0.7947195,,0.6805431842803955,,0.52084464,0.23010996,7,8,1,0
CA,Contra Costa,2016,general,0,0.0,0.0,0.0,1.0,,,,607515.0,481355.0,743816.0,730755.0,0.6426006,0.65870917,0.7923343,,0.7335833311080933,,0.51758015,0.21357769,7,10,1,0
CA,Contra Costa,2020,gen,0,,,,,,,,,,,,,,,,0.731447503175158,,,,7,37,1,0
CA,Contra Costa,2024,gen,0,,,,,,,,,,,,,,,,,,,,7,39,1,0
CA,Del Norte,2000,general,0,0.0,0.0,0.0,1.0,,,,,,,,,,,,0.40782415866851807,,0.35027948,0.45914292,8,2,1,0
CA,Del Norte,2004,general,0,0.0,0.0,0.0,1.0,,,,12860.0,9491.0,16932.0,,0.35075334,0.46553668,0.7380249,,0.42084774374961853,,0.3460026,0.43999252,8,4,1,0
CA,Del Norte,2008,general,0,0.0,0.0,0.0,1.0,,,,12681.0,9684.0,17812.0,,0.48440728,0.46049717,0.76366216,,0.4653390645980835,,0.34746796,0.42175108,8,6,1,0
CA,Del Norte,2012,general,0,0.0,0.0,0.0,1.0,,,,12516.0,8879.0,18250.0,21335.0,0.5922964,0.4161706,0.709412,,0.451041042804718,,0.34197566,0.42699885,8,8,1,0
CA,Del Norte,2016,general,0,0.0,0.0,0.0,1.0,,,,14318.0,9790.0,17996.0,21065.0,0.62686414,0.46475196,0.68375474,,0.4043392539024353,,0.32871807,0.41441873,8,10,1,0
CA,Del Norte,2020,gen,0,,,,,,,,,,,,,,,,0.4199138085832286,,,,8,37,1,0
CA,Del Norte,2024,gen,0,,,,,,,,,,,,,,,,,,,,8,39,1,0
CA,El Dorado,2000,general,0,0.0,1.0,0.0,1.0,,,,,,,,,,,,0.38409140706062317,,0.30821002,0.48036638,9,2,1,0
CA,El Dorado,2004,general,0,0.0,1.0,0.0,1.0,,,,105687.0,87314.0,119947.0,,0.39432395,0.74180716,0.8261565,,0.37878289818763733,,0.3004547,0.46260837,9,4,1,0
CA,El Dorado,2008,general,0,0.0,1.0,0.0,1.0,,,,111325.0,93890.0,127969.0,,0.5472255,0.74819374,0.8433865,,0.44614335894584656,,0.30217606,0.4461809,9,6,1,0
CA,El Dorado,2012,general,0,0.0,1.0,0.0,1.0,,,,110634.0,89601.0,134289.0,133260.0,0.7142108,0.6723773,0.80988663,,0.4082471430301666,,0.2988616,0.44927013,9,8,1,0
CA,El Dorado,2016,general,0,0.0,1.0,0.0,1.0,,,,116459.0,97024.0,137103.0,136940.0,0.7616157,0.7085147,0.83311725,,0.42502713203430176,,0.3000459,0.43274757,9,10,1,0
CA,El Dorado,2020,gen,1,,,,,,,,,,,,,,,,0.4549749248627257,,,,9,37,1,0
CA,El Dorado,2024,gen,1,,,,,,,,,,,,,,,,,,,,9,39,1,0
CA,Fresno,2000,general,0,0.0,1.0,0.0,1.0,,,,,,,,,,,,0.44754496216773987,,0.3839206,0.47361696,10,2,1,0
CA,Fresno,2004,general,0,0.0,1.0,0.0,1.0,,,,352197.0,249905.0,497537.0,,0.38460216,0.529172,0.7095603,,0.4207928478717804,,0.3762526,0.45858482,10,4,1,0
CA,Fresno,2008,general,0,0.0,1.0,0.0,1.0,,,,382827.0,275554.0,535683.0,,0.45320335,0.55305105,0.71978724,,0.5106285810470581,,0.39380857,0.4183157,10,6,1,0
CA,Fresno,2012,general,0,0.0,1.0,0.0,1.0,,,,410188.0,261652.0,559268.0,530090.0,0.5431222,0.4935992,0.6378831,,0.5091456174850464,,0.39361316,0.41323572,10,8,1,0
CA,Fresno,2016,general,0,0.0,1.0,0.0,1.0,,,,437423.0,291890.0,583238.0,566160.0,0.5485046,0.515561,0.66729456,,0.5325784683227539,,0.39636713,0.3797254,10,10,1,0
CA,Fresno,2020,gen,1,,,,,,,,,,,,,,,,0.539946683674183,,,,10,37,1,0
CA,Fresno,2024,gen,1,,,,,,,,,,,,,,,,,,,,10,39,1,0
CA,Glenn,2000,general,0,0.0,0.0,0.0,1.0,,,,,,,,,,,,0.3012178838253021,,0.28719053,0.5532831,11,2,1,0
CA,Glenn,2004,general,0,0.0,0.0,0.0,1.0,,,,11938.0,9523.0,16710.0,,0.43610206,0.59037024,0.7977048,,0.3219391703605652,,0.2729107,0.5406087,11,4,1,0
CA,Glenn,2008,general,0,0.0,0.0,0.0,1.0,,,,12421.0,10053.0,17568.0,,0.3678504,0.5953413,0.80935514,,0.3871837556362152,,0.28402367,0.50722444,11,6,1,0
CA,Glenn,2012,general,0,0.0,0.0,0.0,1.0,,,,12542.0,9334.0,18059.0,17420.0,0.74105424,0.5358209,0.7442194,,0.36952871084213257,,0.27765444,0.50933784,11,8,1,0
CA,Glenn,2016,general,0,0.0,0.0,0.0,1.0,,,,12835.0,9736.0,18459.0,16830.0,0.7830731,0.5784908,0.7585508,,0.3462103307247162,,0.27968103,0.45855483,11,10,1,0
CA,Glenn,2020,gen,0,,,,,,,,,,,,,,,,0.36127690359920417,,,,11,37,1,0
CA,Glenn,2024,gen,0,,,,,,,,,,,,,,,,,,,,11,39,1,0
CA,Humboldt,2000,general,0,0.0,0.0,0.0,1.0,,,,,,,,,,,,0.5169752240180969,,0.47936398,0.3178403,12,2,1,0
CA,Humboldt,2004,general,0,0.0,0.0,0.0,1.0,,,,84924.0,66435.0,97610.0,,0.29112667,0.68559194,0.7822877,,0.596339225769043,,0.4727547,0.2877115,12,4,1,0
CA,Humboldt,2008,general,0,0.0,0.0,0.0,1.0,,,,79140.0,64358.0,99474.0,,0.40633643,0.64950126,0.8132171,,0.6463968753814697,,0.47526518,0.2712586,12,6,1,0
CA,Humboldt,2012,general,0,0.0,0.0,0.0,1.0,,,,80038.0,58092.0,104544.0,103770.0,0.51946914,0.559815,0.7258052,,0.6466912031173706,,0.47638002,0.26897648,12,8,1,0
CA,Humboldt,2016,general,0,0.0,0.0,0.0,1.0,,,,82917.0,60983.0,105164.0,105070.0,0.5762262,0.58040357,0.7354704,,0.6437476873397827,,0.4763183,0.25212026,12,10,1,0
CA,Humboldt,2020,gen,0,,,,,,,,,,,,,,,,0.6728185397817789,,,,12,37,1,0
CA,Humboldt,2024,gen,1,,,,,,,,,,,,,,,,,,,,12,39,1,0
CA,Imperial,2000,general,0,0.0,0.0,0.0,1.0,,,,,,,,,,,,0.5529218316078186,,0.50463337,0.32035574,13,2,1,0
CA,Imperial,2004,general,0,0.0,0.0,0.0,1.0,,,,54780.0,34771.0,78693.0,,0.24048777,0.44644982,0.634739,,0.5306315422058105,,0.50162476,0.2966726,13,4,1,0
CA,Imperial,2008,general,0,0.0,0.0,0.0,1.0,,,,58150.0,39823.0,89429.0,,0.32250208,0.4897274,0.68483233,,0.63301020860672,,0.50365174,0.27217126,13,6,1,0
CA,Imperial,2012,general,0,0.0,0.0,0.0,1.0,,,,61086.0,39535.0,92947.0,92430.0,0.49955735,0.4277291,0.6472023,,0.6629915833473206,,0.5027579,0.25720665,13,8,1,0
CA,Imperial,2016,general,0,0.0,0.0,0.0,1.0,,,,70189.0,48895.0,97282.0,99250.0,0.551447,0.49264485,0.69661915,,0.7199973464012146,,0.5030191,0.21501766,13,10,1,0
CA,Imperial,2020,gen,0,,,,,,,,,,,,,,,,0.6245475011256191,,,,13,37,1,0
CA,Imperial,2024,gen,0,,,,,,,,,,,,,,,,,,,,13,39,1,0
CA,Inyo,2000,general,0,0.0,0.0,1.0,1.0,,,,,,,,,,,,0.3600814640522003,,0.3292299,0.4987117,14,2,1,0
CA,Inyo,2004,general,0,0.0,0.0,1.0,1.0,,,,10709.0,8726.0,13335.0,,0.32615173,0.6842729,0.81482863,,0.3968724012374878,,0.31283772,0.47438046,14,4,1,0
CA,Inyo,2008,general,0,0.0,0.0,1.0,1.0,,,,10258.0,8625.0,13013.0,,0.43188405,0.6815787,0.8408072,,0.45281878113746643,,0.31204668,0.46073794,14,6,1,0
CA,Inyo,2012,general,0,0.0,0.0,1.0,1.0,,,,9956.0,8146.0,13583.0,13605.0,0.63577217,0.5987505,0.81820005,,0.44086575508117676,,0.3122749,0.45498198,14,8,1,0
CA,Inyo,2016,general,0,0.0,0.0,1.0,1.0,,,,10167.0,8342.0,13771.0,13695.0,0.6062095,0.6091274,0.8204977,,0.42617857456207275,,0.31407368,0.43692023,14,10,1,0
CA,Inyo,2020,gen,0,,,,,,,,,,,,,,,,0.5007564296520424,,,,14,37,1,0
CA,Inyo,2024,gen,0,,,,,,,,,,,,,,,,,,,,14,39,1,0
CA,Kern,2000,general,0,0.0,0.0,0.0,1.0,,,,,,,,,,,,0.37360328435897827,,0.31356212,0.52144974,15,2,1,0
CA,Kern,2004,general,0,0.0,0.0,0.0,1.0,,,,295106.0,214747.0,422433.0,,0.25456467,0.5236802,0.72769445,,0.3282126188278198,,0.3073828,0.5028582,15,4,1,0
CA,Kern,2008,general,0,0.0,0.0,0.0,1.0,,,,311137.0,235854.0,473181.0,,0.41197944,0.542629,0.75803906,,0.4094501733779907,,0.32639185,0.45931897,15,6,1,0
CA,Kern,2012,general,0,0.0,0.0,0.0,1.0,,,,332864.0,223998.0,485910.0,477950.0,0.5639693,0.46866408,0.6729415,,0.41411206126213074,,0.3255557,0.45938167,15,8,1,0
CA,Kern,2016,general,0,0.0,0.0,0.0,1.0,,,,370804.0,251056.0,505303.0,504215.0,0.53588843,0.49791458,0.6770585,,0.43232882022857666,,0.3272736,0.427887,15,10,1,0
CA,Kern,2020,gen,0,,,,,,,,,,,,,,,,0.4477622964579486,,,,15,37,1,0
CA,Kern,2024,gen,0,,,,,,,,,,,,,,,,,,,,15,39,1,0
CA,Kings,2000,general,0,0.0,0.0,0.0,1.0,,,,,,,,,,,,0.40269166231155396,,0.3421606,0.50854254,16,2,1,0
CA,Kings,2004,general,0,0.0,0.0,0.0,1.0,,,,51695.0,32983.0,71162.0,,0.34672406,0.39687288,0.63803077,,0.3402751684188843,,0.33303338,0.50124973,16,4,1,0
CA,Kings,2008,general,0,0.0,0.0,0.0,1.0,,,,49658.0,35775.0,78291.0,,0.642348,0.4143049,0.72042775,,0.42798271775245667,,0.3438085,0.46914434,16,6,1,0
CA,Kings,2012,general,0,0.0,0.0,0.0,1.0,,,,47655.0,32041.0,77937.0,90385.0,0.758216,0.35449466,0.6723534,,0.42345839738845825,,0.33856037,0.4736653,16,8,1,0
CA,Kings,2016,general,0,0.0,0.0,0.0,1.0,,,,52124.0,35019.0,80492.0,91830.0,0.77612156,0.38134596,0.67184025,,0.42942288517951965,,0.3337664,0.44764194,16,10,1,0
CA,Kings,2020,gen,0,,,,,,,,,,,,,,,,0.4371887493862664,,,,16,37,1,0
CA,Kings,2024,gen,1,,,,,,,,,,,,,,,,,,,,16,39,1,0
CA,Lake,2000,general,0,0.0,0.0,0.0,1.0,,,,,,,,,,,,0.551967442035675,,0.42631835,0.35268506,17,2,1,0
CA,Lake,2004,general,0,0.0,0.0,0.0,1.0,,,,33427.0,25136.0,46504.0,,0.43694302,0.5622078,0.75196695,,0.5422546863555908,,0.41678804,0.33205348,17,4,1,0
CA,Lake,2008,general,0,0.0,0.0,0.0,1.0,,,,35154.0,25863.0,46758.0,,0.5325755,0.55246425,0.73570573,,0.599217414855957,,0.41970444,0.31406677,17,6,1,0
CA,Lake,2012,general,0,0.0,0.0,0.0,1.0,,,,34936.0,23685.0,47135.0,47945.0,0.62056154,0.49400353,0.67795396,,0.5886061787605286,,0.41762555,0.3143857,17,8,1,0
CA,Lake,2016,general,0,0.0,0.0,0.0,1.0,,,,34706.0,25085.0,48487.0,48020.0,0.6745864,0.5223865,0.7227857,,0.5202913880348206,,0.4032112,0.30502036,17,10,1,0
CA,Lake,2020,gen,0,,,,,,,,,,,,,,,,0.5323902508551881,,,,17,37,1,0
CA,Lake,2024,gen,0,,,,,,,,,,,,,,,,,,,,17,39,1,0
CA,Lassen,2000,general,0,0.0,0.0,0.0,1.0,,,,,,,,,,,,0.2963625490665436,,0.2528935,0.55594134,18,2,1,0
CA,Lassen,2004,general,0,0.0,0.0,0.0,1.0,,,,14821.0,11540.0,16375.0,,0.3545927,0.43895018,0.77862495,,0.2798652946949005,,0.2342476,0.5592291,18,4,1,0
CA,Lassen,2008,general,0,0.0,0.0,0.0,1.0,,,,14097.0,11510.0,17366.0,,0.4420504,0.43615004,0.81648576,,0.323967844247818,,0.22654666,0.55311865,18,6,1,0
CA,Lassen,2012,general,0,0.0,0.0,0.0,1.0,,,,14130.0,10810.0,18671.0,27355.0,0.7495837,0.39517456,0.7650389,,0.29500433802604675,,0.21481222,0.55773956,18,8,1,0
CA,Lassen,2016,general,0,0.0,0.0,0.0,1.0,,,,14280.0,10807.0,16295.0,25265.0,0.42731562,0.42774588,0.7567927,,0.22698509693145752,,0.20189242,0.55353284,18,10,1,0
CA,Lassen,2020,gen,0,,,,,,,,,,,,,,,,0.23782819270966096,,,,18,37,1,0
CA,Lassen,2024,gen,0,,,,,,,,,,,,,,,,,,,,18,39,1,0
CA,Los Angeles,2000,general,0,0.0,1.0,0.0,1.0,,,,,,,,,,,,0.6623613238334656,,0.54292566,0.26083687,19,2,1,0
CA,Los Angeles,2004,general,0,0.0,1.0,0.0,1.0,,,,3972738.0,3085582.0,5656610.0,,0.22741026,0.5942735,0.77668905,,0.6393300890922546,,0.5308093,0.24252315,19,4,1,0
CA,Los Angeles,2008,general,0,0.0,1.0,0.0,1.0,,,,4298440.0,3368057.0,5775838.0,,0.24056065,0.62470704,0.78355336,,0.7059215307235718,,0.536841,0.21608335,19,6,1,0
CA,Los Angeles,2012,general,0,0.0,1.0,0.0,1.0,,,,4758437.0,3236704.0,5976156.0,5713775.0,0.3014882,0.56647384,0.6802032,,0.7146145701408386,,0.53988034,0.20784593,19,8,1,0
CA,Los Angeles,2016,general,0,0.0,1.0,0.0,1.0,,,,5253427.0,3544115.0,6222266.0,6123490.0,0.3621914,0.5787737,0.67462915,,0.7619920969009399,,0.5407505,0.18495585,19,10,1,0
CA,Los Angeles,2020,gen,1,,,,,,,,,,,,,,,,0.7255831056567208,,,,19,37,1,0
CA,Los Angeles,2024,gen,1,,,,,,,,,,,,,,,,,,,,19,39,1,0
CA,Madera,2000,general,0,1.0,1.0,1.0,1.0,,,,,,,,,,,,0.36482635140419006,,0.31585532,0.5147131,20,2,1,0
CA,Madera,2004,general,0,1.0,1.0,1.0,1.0,,,,49997.0,39211.0,74632.0,,0.4569126,0.51360273,0.78426707,,0.3515070974826813,,0.31128514,0.5017689,20,4,1,0
CA,Madera,2008,general,0,1.0,1.0,1.0,1.0,,,,54003.0,43032.0,82749.0,,0.54003996,0.53004867,0.7968446,,0.43221378326416016,,0.3232445,0.46943182,20,6,1,0
CA,Madera,2012,general,0,1.0,1.0,1.0,1.0,,,,53779.0,40325.0,86894.0,85805.0,0.6117049,0.46996096,0.749828,,0.41209158301353455,,0.31913623,0.47107315,20,8,1,0
CA,Madera,2016,general,0,1.0,1.0,1.0,1.0,,,,58086.0,44186.0,87254.0,88435.0,0.6557507,0.4996438,0.7606996,,0.4216560125350952,,0.31960905,0.43936658,20,10,1,0
CA,Madera,2020,gen,1,,,,,,,,,,,,,,,,0.44090891790050624,,,,20,37,1,0
CA,Madera,2024,gen,1,,,,,,,,,,,,,,,,,,,,20,39,1,0
CA,Marin,2000,general,0,0.0,0.0,0.0,1.0,,,,,,,,,,,,0.6941240429878235,,0.5939856,0.18753679,21,2,1,0
CA,Marin,2004,general,0,0.0,0.0,0.0,1.0,,,,152658.0,136625.0,174327.0,,0.48701188,0.7822415,0.8949744,,0.742386519908905,,0.58206934,0.17162292,21,4,1,0
CA,Marin,2008,general,0,0.0,0.0,0.0,1.0,,,,155640.0,141321.0,181193.0,,0.5869616,0.8141939,0.9079992,,0.7938767075538635,,0.5797999,0.16142058,21,6,1,0
CA,Marin,2012,general,0,0.0,0.0,0.0,1.0,,,,155025.0,135438.0,176604.0,176330.0,0.6505486,0.76809394,0.87365264,,0.7638710737228394,,0.58203036,0.15983586,21,8,1,0
CA,Marin,2016,general,0,0.0,0.0,0.0,1.0,,,,160795.0,143041.0,181279.0,182750.0,0.7021903,0.78271407,0.8895861,,0.8331443071365356,,0.58012205,0.14889275,21,10,1,0
CA,Marin,2020,gen,0,,,,,,,,,,,,,,,,0.839032047089601,,,,21,37,1,0
CA,Marin,2024,gen,1,,,,,,,,,,,,,,,,,,,,21,39,1,0
CA,Mariposa,2000,general,0,0.0,1.0,0.0,1.0,,,,,,,,,,,,0.37332627177238464,,0.31084338,0.49975905,22,2,1,0
CA,Mariposa,2004,general,0,0.0,1.0,0.0,1.0,,,,11235.0,9329.0,13748.0,,0.36434773,0.6853399,0.8303516,,0.3840066194534302,,0.30061018,0.4838478,22,4,1,0
CA,Mariposa,2008,general,0,0.0,1.0,0.0,1.0,,,,11693.0,9756.0,14351.0,,0.5524805,0.69514686,0.83434534,,0.4362630248069763,,0.30085748,0.47176227,22,6,1,0
CA,Mariposa,2012,general,0,0.0,1.0,0.0,1.0,,,,10792.0,9102.0,14443.0,14730.0,0.5807515,0.6179226,0.8434025,,0.40495485067367554,,0.2990099,0.47553042,22,8,1,0
CA,Mariposa,2016,general,0,0.0,1.0,0.0,1.0,,,,10975.0,9243.0,14954.0,14060.0,0.70691335,0.65739685,0.8421868,,0.3758276104927063,,0.29305398,0.46377355,22,10,1,0
CA,Mariposa,2020,gen,1,,,,,,,,,,,,,,,,0.4072524407252441,,,,22,37,1,0
CA,Mariposa,2024,gen,1,,,,,,,,,,,,,,,,,,,,22,39,1,0
CA,Mendocino,2000,general,0,0.0,0.0,0.0,1.0,,,,,,,,,,,,0.5754514336585999,,0.5210211,0.253764,23,2,1,0
CA,Mendocino,2004,general,0,0.0,0.0,0.0,1.0,,,,50713.0,38902.0,61717.0,,0.30818468,0.64918417,0.7671011,,0.6530530452728271,,0.5188994,0.23338698,23,4,1,0
CA,Mendocino,2008,general,0,0.0,0.0,0.0,1.0,,,,50721.0,40580.0,62281.0,,0.22195663,0.66777587,0.8000631,,0.7219945788383484,,0.5152189,0.22056627,23,6,1,0
CA,Mendocino,2012,general,0,0.0,0.0,0.0,1.0,,,,49765.0,36080.0,62910.0,61775.0,0.80471176,0.58405507,0.72500753,,0.7060059309005737,,0.51537675,0.2191722,23,8,1,0
CA,Mendocino,2016,general,0,0.0,0.0,0.0,1.0,,,,51061.0,38730.0,63741.0,61790.0,0.8441518,0.6268005,0.7585045,,0.6697303652763367,,0.5079519,0.21383092,23,10,1,0
CA,Mendocino,2020,gen,0,,,,,,,,,,,,,,,,0.684487145948774,,,,23,37,1,0
CA,Mendocino,2024,gen,0,,,,,,,,,,,,,,,,,,,,23,39,1,0
CA,Merced,2000,general,0,0.0,0.0,0.0,1.0,,,,,,,,,,,,0.4654296636581421,,0.4144061,0.42298666,24,2,1,0
CA,Merced,2004,general,0,0.0,0.0,0.0,1.0,,,,99036.0,58752.0,127979.0,,0.35151145,0.49787018,0.59323883,,0.42768579721450806,,0.4109709,0.40983415,24,4,1,0
CA,Merced,2008,general,0,0.0,0.0,0.0,1.0,,,,97179.0,64688.0,140353.0,,0.40294954,0.51293546,0.66565824,,0.5424563884735107,,0.42684755,0.37322628,24,6,1,0
CA,Merced,2012,general,0,0.0,0.0,0.0,1.0,,,,98890.0,62804.0,147138.0,136915.0,0.5266703,0.45870796,0.6350895,,0.5447627902030945,,0.43144512,0.36151734,24,8,1,0
CA,Merced,2016,general,0,0.0,0.0,0.0,1.0,,,,99145.0,72631.0,154971.0,145565.0,0.47808787,0.4989592,0.7325735,,0.5650495290756226,,0.4390049,0.32230058,24,10,1,0
CA,Merced,2020,gen,0,,,,,,,,,,,,,,,,0.5542720731320994,,,,24,37,1,0
CA,Merced,2024,gen,1,,,,,,,,,,,,,,,,,,,,24,39,1,0
CA,Modoc,2000,general,0,0.0,0.0,0.0,1.0,,,,,,,,,,,,0.24144098162651062,,0.25220093,0.5691352,25,2,1,0
CA,Modoc,2004,general,0,0.0,0.0,0.0,1.0,,,,5525.0,4507.0,6915.0,,0.2334147,0.66551274,0.8157466,,0.26208940148353577,,0.24024251,0.55892384,25,4,1,0
CA,Modoc,2008,general,0,0.0,0.0,0.0,1.0,,,,5507.0,4505.0,6901.0,,0.31831297,0.65916115,0.8180497,,0.3057754933834076,,0.23774432,0.5469401,25,6,1,0
CA,Modoc,2012,general,0,0.0,0.0,0.0,1.0,,,,5359.0,4061.0,7301.0,7110.0,0.69835013,0.57116735,0.7577906,,0.28575101494789124,,0.22355348,0.5414962,25,8,1,0
CA,Modoc,2016,general,0,0.0,0.0,0.0,1.0,,,,5166.0,3886.0,7385.0,6790.0,0.7159032,0.57231224,0.7522261,,0.24545200169086456,,0.21952613,0.5443905,25,10,1,0
CA,Modoc,2020,gen,0,,,,,,,,,,,,,,,,0.2700164357830477,,,,25,37,1,0
CA,Modoc,2024,gen,0,,,,,,,,,,,,,,,,,,,,25,39,1,0
CA,Mono,2000,general,0,0.0,0.0,0.0,1.0,,,,,,,,,,,,0.43780606985092163,,0.36453414,0.40747103,26,2,1,0
CA,Mono,2004,general,0,0.0,0.0,0.0,1.0,,,,6972.0,5412.0,9457.0,,0.28806356,0.6013333,0.77624786,,0.5006667971611023,,0.35758707,0.37562189,26,4,1,0
CA,Mono,2008,general,0,0.0,0.0,0.0,1.0,,,,6722.0,5621.0,9599.0,,0.33730653,0.621792,0.8362095,,0.5678355097770691,,0.36403295,0.35191467,26,6,1,0
CA,Mono,2012,general,0,0.0,0.0,0.0,1.0,,,,5983.0,5223.0,9917.0,9660.0,0.5986981,0.5406832,0.87297344,,0.5446392893791199,,0.36333406,0.35025492,26,8,1,0
CA,Mono,2016,general,0,0.0,0.0,0.0,1.0,,,,6471.0,5485.0,9414.0,9335.0,0.61020964,0.58757365,0.8476279,,0.5677723288536072,,0.37039226,0.32643408,26,10,1,0
CA,Mono,2020,gen,0,,,,,,,,,,,,,,,,0.6149249157217285,,,,26,37,1,0
CA,Mono,2024,gen,0,,,,,,,,,,,,,,,,,,,,26,39,1,0
CA,Monterey,2000,general,0,0.0,0.0,0.0,1.0,,,,,,,,,,,,0.6070982813835144,,0.51388866,0.29674208,27,2,1,0
CA,Monterey,2004,general,0,0.0,0.0,0.0,1.0,,,,156233.0,126751.0,228973.0,,0.50164497,0.5838041,0.8112947,,0.611322820186615,,0.51077485,0.2786683,27,4,1,0
CA,Monterey,2008,general,0,0.0,0.0,0.0,1.0,,,,158391.0,131381.0,233761.0,,0.5880074,0.6050118,0.82947266,,0.6951119899749756,,0.52133596,0.25223014,27,6,1,0
CA,Monterey,2012,general,0,0.0,0.0,0.0,1.0,,,,166290.0,124902.0,232233.0,223130.0,0.70314324,0.5597723,0.7511095,,0.6892195343971252,,0.52267444,0.24700716,27,8,1,0
CA,Monterey,2016,general,0,0.0,0.0,0.0,1.0,,,,185786.0,137102.0,242584.0,229575.0,0.7483188,0.5971992,0.7379566,,0.7185501456260681,,0.5188396,0.22637543,27,10,1,0
CA,Monterey,2020,gen,0,,,,,,,,,,,,,,,,0.7110862890946759,,,,27,37,1,0
CA,Monterey,2024,gen,0,,,,,,,,,,,,,,,,,,,,27,39,1,0
CA,Napa,2000,general,0,1.0,1.0,1.0,1.0,,,,,,,,,,,,0.5765852928161621,,0.4816858,0.3058763,28,2,1,0
CA,Napa,2004,general,0,1.0,1.0,1.0,1.0,,,,69251.0,57095.0,88230.0,,0.38201243,0.6880896,0.8244646,,0.604145348072052,,0.4767854,0.27919486,28,4,1,0
CA,Napa,2008,general,0,1.0,1.0,1.0,1.0,,,,71517.0,60366.0,91802.0,,0.27503893,0.7133166,0.844079,,0.6659866571426392,,0.48329285,0.25802326,28,6,1,0
CA,Napa,2012,general,0,1.0,1.0,1.0,1.0,,,,72592.0,57672.0,91138.0,87945.0,0.89161116,0.6557735,0.7944677,,0.6475196480751038,,0.48118556,0.2568911,28,8,1,0
CA,Napa,2016,general,0,1.0,1.0,1.0,1.0,,,,76833.0,63255.0,93686.0,92980.0,0.9283851,0.68030757,0.8232791,,0.6924394965171814,,0.48187032,0.23645687,28,10,1,0
CA,Napa,2020,gen,1,,,,,,,,,,,,,,,,0.7066942817017292,,,,28,37,1,0
CA,Napa,2024,gen,1,,,,,,,,,,,,,,,,,,,,28,39,1,0
CA,Nevada,2000,general,0,1.0,1.0,1.0,1.0,,,,,,,,,,,,0.4046441316604614,,0.3758181,0.40783125,29,2,1,0
CA,Nevada,2004,general,0,1.0,1.0,1.0,1.0,,,,65411.0,54508.0,72742.0,,0.49611065,0.7585422,0.8333155,,0.4568949341773987,,0.37579808,0.38747612,29,4,1,0
CA,Nevada,2008,general,0,1.0,1.0,1.0,1.0,,,,63769.0,56177.0,74577.0,,0.69505316,0.7529644,0.88094527,,0.5272107720375061,,0.3813117,0.36896777,29,6,1,0
CA,Nevada,2012,general,0,1.0,1.0,1.0,1.0,,,,62853.0,52173.0,76187.0,77125.0,0.7355337,0.67647326,0.83007973,,0.4967471659183502,,0.38174793,0.3713604,29,8,1,0
CA,Nevada,2016,general,0,1.0,1.0,1.0,1.0,,,,68829.0,56800.0,77443.0,78225.0,0.77917254,0.7261106,0.8252336,,0.5271965861320496,,0.38496837,0.35073122,29,10,1,0
CA,Nevada,2020,gen,1,,,,,,,,,,,,,,,,0.5758655643194273,,,,29,37,1,0
CA,Nevada,2024,gen,1,,,,,,,,,,,,,,,,,,,,29,39,1,0
CA,Orange,2000,general,0,0.0,1.0,1.0,1.0,,,,,,,,,,,,0.4199029505252838,,0.30889753,0.4969915,30,2,1,0
CA,Orange,2004,general,0,0.0,1.0,1.0,1.0,,,,1495824.0,1094405.0,1808058.0,,0.3903016,0.64525574,0.7316402,,0.39510929584503174,,0.30811632,0.470687,30,4,1,0
CA,Orange,2008,general,0,0.0,1.0,1.0,1.0,,,,1607989.0,1167657.0,1860951.0,,0.46544147,0.66316116,0.7261598,,0.4869283139705658,,0.3256207,0.43211994,30,6,1,0
CA,Orange,2012,general,0,0.0,1.0,1.0,1.0,,,,1683001.0,1133204.0,1925205.0,1859565.0,0.5128697,0.609392,0.67332345,,0.46807920932769775,,0.3289497,0.42430732,30,8,1,0
CA,Orange,2016,general,0,0.0,1.0,1.0,1.0,,,,1535691.0,1239405.0,2009188.0,1987335.0,0.5830249,0.6236518,0.8070667,,0.5460174679756165,,0.34525692,0.38158655,30,10,1,0
CA,Orange,2020,gen,1,,,,,,,,,,,,,,,,0.5461289346510952,,,,30,37,1,0
CA,Orange,2024,gen,1,,,,,,,,,,,,,,,,,,,,30,39,1,0
CA,Placer,2000,general,0,0.0,0.0,0.0,1.0,,,,,,,,,,,,0.378050297498703,,0.30439582,0.4932935,31,2,1,0
CA,Placer,2004,general,0,0.0,0.0,0.0,1.0,,,,183202.0,154497.0,211077.0,,0.39419535,0.76385975,0.843315,,0.36671683192253113,,0.29669476,0.4818328,31,4,1,0
CA,Placer,2008,general,0,0.0,0.0,0.0,1.0,,,,198963.0,175215.0,239314.0,,0.55577433,0.7638246,0.8806411,,0.4424625635147095,,0.30025768,0.46157062,31,6,1,0
CA,Placer,2012,general,0,0.0,0.0,0.0,1.0,,,,208604.0,172757.0,251135.0,250085.0,0.66906697,0.69079316,0.82815766,,0.4007340669631958,,0.2963961,0.46334797,31,8,1,0
CA,Placer,2016,general,0,0.0,0.0,0.0,1.0,,,,226249.0,190550.0,264101.0,271235.0,0.6935975,0.70252734,0.8422137,,0.43587493896484375,,0.29776195,0.44316912,31,10,1,0
CA,Placer,2020,gen,0,,,,,,,,,,,,,,,,0.46595046150760605,,,,31,37,1,0
CA,Placer,2024,gen,1,,,,,,,,,,,,,,,,,,,,31,39,1,0
CA,Plumas,2000,general,0,0.0,0.0,0.0,1.0,,,,,,,,,,,,0.35282114148139954,,0.3127355,0.48040694,32,2,1,0
CA,Plumas,2004,general,0,0.0,0.0,0.0,1.0,,,,14225.0,11293.0,16129.0,,0.46382716,0.7023738,0.793884,,0.3742069900035858,,0.3081129,0.4680065,32,4,1,0
CA,Plumas,2008,general,0,0.0,0.0,0.0,1.0,,,,13744.0,11169.0,15909.0,,0.58742946,0.68640786,0.8126455,,0.4386046528816223,,0.3050095,0.45897272,32,6,1,0
CA,Plumas,2012,general,0,0.0,0.0,0.0,1.0,,,,13229.0,10146.0,15798.0,15845.0,0.7105263,0.64032817,0.7669514,,0.41305017471313477,,0.30142787,0.4607938,32,8,1,0
CA,Plumas,2016,general,0,0.0,0.0,0.0,1.0,,,,11985.0,10044.0,16052.0,15145.0,1.0,0.6631892,0.83804756,,0.3895708918571472,,0.29577157,0.45455536,32,10,1,0
CA,Plumas,2020,gen,0,,,,,,,,,,,,,,,,0.41441032164274033,,,,32,37,1,0
CA,Plumas,2024,gen,0,,,,,,,,,,,,,,,,,,,,32,39,1,0
CA,Riverside,2000,general,0,0.0,0.0,0.0,1.0,,,,,,,,,,,,0.46619459986686707,,0.3725711,0.44430527,33,2,1,0
CA,Riverside,2004,general,0,0.0,0.0,0.0,1.0,,,,769328.0,562498.0,1095533.0,,0.34299678,0.5405785,0.731155,,0.41504573822021484,,0.35935295,0.43584278,33,4,1,0
CA,Riverside,2008,general,0,0.0,0.0,0.0,1.0,,,,837389.0,657005.0,1284401.0,,0.4152769,0.5652523,0.78458756,,0.5117910504341125,,0.37785244,0.39966556,33,6,1,0
CA,Riverside,2012,general,0,0.0,0.0,0.0,1.0,,,,943405.0,669627.0,1358695.0,1321020.0,0.55480886,0.5069015,0.70979804,,0.5084488391876221,,0.38253444,0.39352188,33,8,1,0
CA,Riverside,2016,general,0,0.0,0.0,0.0,1.0,,,,1019130.0,769193.0,1438117.0,1453255.0,0.6559537,0.5292898,0.75475454,,0.5286107063293457,,0.38840726,0.36221063,33,10,1,0
CA,Riverside,2020,gen,0,,,,,,,,,,,,,,,,0.5405689056537316,,,,33,37,1,0
CA,Riverside,2024,gen,1,,,,,,,,,,,,,,,,,,,,33,39,1,0
CA,Sacramento,2000,general,0,1.0,1.0,1.0,1.0,,,,,,,,,,,,0.5210241675376892,,0.45077363,0.35139763,34,2,1,0
CA,Sacramento,2004,general,0,1.0,1.0,1.0,1.0,,,,650701.0,482012.0,876713.0,,0.33286515,0.5746919,0.74075806,,0.501183807849884,,0.44144028,0.33284995,34,4,1,0
CA,Sacramento,2008,general,0,1.0,1.0,1.0,1.0,,,,684588.0,546660.0,931394.0,,0.4418688,0.62062466,0.7985241,,0.5970808863639832,,0.45113572,0.30219558,34,6,1,0
CA,Sacramento,2012,general,0,1.0,1.0,1.0,1.0,,,,698899.0,522045.0,944243.0,938540.0,0.5862023,0.55623096,0.7469534,,0.5974012613296509,,0.4539373,0.2981255,34,8,1,0
CA,Sacramento,2016,general,0,1.0,1.0,1.0,1.0,,,,772865.0,575711.0,989090.0,999780.0,0.6471945,0.5758377,0.744905,,0.632057785987854,,0.45204914,0.27769822,34,10,1,0
CA,Sacramento,2020,gen,1,,,,,,,,,,,,,,,,0.6295341560353778,,,,34,37,1,0
CA,Sacramento,2024,gen,1,,,,,,,,,,,,,,,,,,,,34,39,1,0
CA,San Benito,2000,general,0,0.0,0.0,0.0,1.0,,,,,,,,,,,,0.565527081489563,,0.4823093,0.3401483,35,2,1,0
CA,San Benito,2004,general,0,0.0,0.0,0.0,1.0,,,,26477.0,19291.0,34110.0,,0.31885335,0.6297046,0.7285946,,0.5310798287391663,,0.4654686,0.32823408,35,4,1,0
CA,San Benito,2008,general,0,0.0,0.0,0.0,1.0,,,,25355.0,19982.0,34330.0,,0.4329897,0.6471903,0.78808916,,0.6161203384399414,,0.47131374,0.30551636,35,6,1,0
CA,San Benito,2012,general,0,0.0,0.0,0.0,1.0,,,,26580.0,19249.0,33536.0,32530.0,0.64699465,0.5917307,0.7241911,,0.6056179404258728,,0.47564706,0.3062941,35,8,1,0
CA,San Benito,2016,general,0,0.0,0.0,0.0,1.0,,,,28224.0,22544.0,33990.0,35765.0,0.7091022,0.63033694,0.79875284,,0.6149199604988098,,0.47237423,0.28463513,35,10,1,0
CA,San Benito,2020,gen,0,,,,,,,,,,,,,,,,0.6247076334254731,,,,35,37,1,0
CA,San Benito,2024,gen,1,,,,,,,,,,,,,,,,,,,,35,39,1,0
CA,San Bernardino,2000,general,0,0.0,0.0,0.0,1.0,,,,,,,,,,,,0.4919726252555847,,0.4012772,0.41746187,36,2,1,0
CA,San Bernardino,2004,general,0,0.0,0.0,0.0,1.0,,,,727138.0,528387.0,1135368.0,,0.2702205,0.4972217,0.72666675,,0.44051674008369446,,0.39204594,0.4042704,36,4,1,0
CA,San Bernardino,2008,general,0,0.0,0.0,0.0,1.0,,,,829756.0,616320.0,1229616.0,,0.37186038,0.54256016,0.7427726,,0.5322965979576111,,0.40788853,0.36595598,36,6,1,0
CA,San Bernardino,2012,general,0,0.0,0.0,0.0,1.0,,,,851581.0,589611.0,1259676.0,1221670.0,0.48046425,0.48262706,0.6923722,,0.5376682877540588,,0.40955055,0.35928938,36,8,1,0
CA,San Bernardino,2016,general,0,0.0,0.0,0.0,1.0,,,,888019.0,672871.0,1308522.0,1311445.0,0.5730014,0.513076,0.7577214,,0.556850254535675,,0.41382673,0.3312331,36,10,1,0
CA,San Bernardino,2020,gen,0,,,,,,,,,,,,,,,,0.5544947428343445,,,,36,37,1,0
CA,San Bernardino,2024,gen,0,,,,,,,,,,,,,,,,,,,,36,39,1,0
CA,San Diego,2000,general,0,0.0,0.0,0.0,1.0,,,,,,,,,,,,0.479160338640213,,0.36312407,0.41205102,37,2,1,0
CA,San Diego,2004,general,0,0.0,0.0,0.0,1.0,,,,1513300.0,1145035.0,1966240.0,,0.30169296,0.6187039,0.7566477,,0.4689987301826477,,0.35789856,0.38600847,37,4,1,0
CA,San Diego,2008,general,0,0.0,0.0,0.0,1.0,,,,1488157.0,1245947.0,2052145.0,,0.4600268,0.65119505,0.83724165,,0.5519822835922241,,0.36950785,0.35273275,37,6,1,0
CA,San Diego,2012,general,0,0.0,0.0,0.0,1.0,,,,1563093.0,1203265.0,2094093.0,2033460.0,0.5609795,0.5917328,0.76979744,,0.5387696027755737,,0.3707896,0.3460753,37,8,1,0
CA,San Diego,2016,general,0,0.0,0.0,0.0,1.0,,,,1652570.0,1346513.0,2191191.0,2174370.0,0.63641196,0.6192658,0.81479937,,0.6062071919441223,,0.38032553,0.3092966,37,10,1,0
CA,San Diego,2020,gen,0,,,,,,,,,,,,,,,,0.6164906208299888,,,,37,37,1,0
CA,San Diego,2024,gen,1,,,,,,,,,,,,,,,,,,,,37,39,1,0
CA,San Francisco,2000,general,0,0.0,0.0,0.0,1.0,,,,,,,,,,,,0.8242900967597961,,0.63516957,0.10014896,38,2,1,0
CA,San Francisco,2004,general,0,0.0,0.0,0.0,1.0,,,,486822.0,361822.0,571538.0,,0.3744051,0.63758737,0.74323267,,0.8451984524726868,,0.6170902,0.088922426,38,4,1,0
CA,San Francisco,2008,general,0,0.0,0.0,0.0,1.0,,,,477356.0,388112.0,599667.0,,0.46013778,0.6676653,0.8130452,,0.8603729605674744,,0.6131473,0.079886384,38,6,1,0
CA,San Francisco,2012,general,0,0.0,0.0,0.0,1.0,,,,500107.0,364875.0,603201.0,593395.0,0.52948546,0.614894,0.7295939,,0.8650340437889099,,0.61410046,0.07613229,38,8,1,0
CA,San Francisco,2016,general,0,0.0,0.0,0.0,1.0,,,,512723.0,414528.0,646945.0,627260.0,0.63467604,0.6608552,0.80848336,,0.9015393257141113,,0.6054972,0.06760854,38,10,1,0
CA,San Francisco,2020,gen,0,,,,,,,,,,,,,,,,0.8701783129646803,,,,38,37,1,0
CA,San Francisco,2024,gen,0,,,,,,,,,,,,,,,,,,,,38,39,1,0
CA,San Joaquin,2000,general,0,0.0,0.0,0.0,1.0,,,,,,,,,,,,0.4938192069530487,,0.4235449,0.41452974,39,2,1,0
CA,San Joaquin,2004,general,0,0.0,0.0,0.0,1.0,,,,276939.0,191741.0,381812.0,,0.3354838,0.54209554,0.69235826,,0.46285441517829895,,0.41684657,0.39591658,39,4,1,0
CA,San Joaquin,2008,general,0,0.0,0.0,0.0,1.0,,,,268476.0,212214.0,412690.0,,0.47954893,0.56386405,0.79043937,,0.5543994903564453,,0.43345207,0.35823047,39,6,1,0
CA,San Joaquin,2012,general,0,0.0,0.0,0.0,1.0,,,,293004.0,206843.0,419824.0,406210.0,0.64269036,0.5092021,0.7059392,,0.57005774974823,,0.439235,0.3473195,39,8,1,0
CA,San Joaquin,2016,general,0,0.0,0.0,0.0,1.0,,,,334253.0,230468.0,442435.0,433295.0,0.66297275,0.5318963,0.68950164,,0.5766162276268005,,0.4349902,0.32449558,39,10,1,0
CA,San Joaquin,2020,gen,0,,,,,,,,,,,,,,,,0.5709320247311638,,,,39,37,1,0
CA,San Joaquin,2024,gen,0,,,,,,,,,,,,,,,,,,,,39,39,1,0
CA,San Luis Obispo,2000,general,0,0.0,0.0,1.0,1.0,,,,,,,,,,,,0.43917739391326904,,0.35550848,0.4030367,40,2,1,0
CA,San Luis Obispo,2004,general,0,0.0,0.0,1.0,1.0,,,,162459.0,130234.0,185569.0,,0.42541885,0.6859194,0.80164224,,0.46349528431892395,,0.3576293,0.41365486,40,4,1,0
CA,San Luis Obispo,2008,general,0,0.0,0.0,1.0,1.0,,,,161256.0,134061.0,193800.0,,0.5103945,0.67932105,0.8313551,,0.5275514125823975,,0.35884959,0.3944782,40,6,1,0
CA,San Luis Obispo,2012,general,0,0.0,0.0,1.0,1.0,,,,158603.0,126818.0,201390.0,204525.0,0.6327177,0.6200611,0.7995939,,0.5053247809410095,,0.35902876,0.39415175,40,8,1,0
CA,San Luis Obispo,2016,general,0,0.0,0.0,1.0,1.0,,,,168257.0,139685.0,207947.0,213215.0,0.7065254,0.6551368,0.83018833,,0.5443859696388245,,0.36300212,0.3719114,40,10,1,0
CA,San Luis Obispo,2020,gen,0,,,,,,,,,,,,,,,,0.56701295699408,,,,40,37,1,0
CA,San Luis Obispo,2024,gen,0,,,,,,,,,,,,,,,,,,,,40,39,1,0
CA,San Mateo,2000,general,0,1.0,1.0,1.0,1.0,,,,,,,,,,,,0.6749846935272217,,0.54404765,0.22521827,41,2,1,0
CA,San Mateo,2004,general,0,1.0,1.0,1.0,1.0,,,,368410.0,288533.0,458990.0,,0.43148616,0.64810395,0.78318447,,0.7037551999092102,,0.53325754,0.2032955,41,4,1,0
CA,San Mateo,2008,general,0,1.0,1.0,1.0,1.0,,,,389718.0,307350.0,479470.0,,0.4809468,0.68830585,0.7886472,,0.7480319738388062,,0.53340095,0.18390359,41,6,1,0
CA,San Mateo,2012,general,0,1.0,1.0,1.0,1.0,,,,361486.0,288592.0,479562.0,457530.0,0.58691853,0.63076085,0.798349,,0.739077091217041,,0.5379104,0.17988732,41,8,1,0
CA,San Mateo,2016,general,0,1.0,1.0,1.0,1.0,,,,395928.0,323303.0,503843.0,486010.0,0.67518395,0.66521883,0.81657016,,0.8041688799858093,,0.53543484,0.1599092,41,10,1,0
CA,San Mateo,2020,gen,1,,,,,,,,,,,,,,,,0.7940911184201562,,,,41,37,1,0
CA,San Mateo,2024,gen,1,,,,,,,,,,,,,,,,,,,,41,39,1,0
CA,Santa Barbara,2000,general,0,0.0,0.0,0.0,1.0,,,,,,,,,,,,0.5066182017326355,,0.42553383,0.37526742,42,2,1,0
CA,Santa Barbara,2004,general,0,0.0,0.0,0.0,1.0,,,,213194.0,171564.0,268167.0,,0.42522907,0.6795242,0.80473185,,0.5404140949249268,,0.42440128,0.35106635,42,4,1,0
CA,Santa Barbara,2008,general,0,0.0,0.0,0.0,1.0,,,,204440.0,176562.0,277157.0,,0.5216185,0.69814026,0.86363727,,0.6169078350067139,,0.4325581,0.32742918,42,6,1,0
CA,Santa Barbara,2012,general,0,0.0,0.0,0.0,1.0,,,,203994.0,164977.0,276452.0,265655.0,0.5890821,0.6210197,0.8087346,,0.5929946303367615,,0.43363896,0.32083803,42,8,1,0
CA,Santa Barbara,2016,general,0,0.0,0.0,0.0,1.0,,,,222983.0,182264.0,290071.0,278445.0,0.6617434,0.6545781,0.81738967,,0.6552746891975403,,0.44373924,0.28445238,42,10,1,0
CA,Santa Barbara,2020,gen,0,,,,,,,,,,,,,,,,0.6640963929299588,,,,42,37,1,0
CA,Santa Barbara,2024,gen,0,,,,,,,,,,,,,,,,,,,,42,39,1,0
CA,Santa Clara,2000,general,0,0.0,1.0,1.0,1.0,,,,,,,,,,,,0.6378827691078186,,0.49680778,0.26966575,43,2,1,0
CA,Santa Clara,2004,general,0,0.0,1.0,1.0,1.0,,,,865271.0,610145.0,1043872.0,,0.30215767,0.6134289,0.705149,,0.6486960649490356,,0.48640206,0.24538136,43,4,1,0
CA,Santa Clara,2008,general,0,0.0,1.0,1.0,1.0,,,,788821.0,678033.0,1117301.0,,0.572888,0.66791195,0.85955244,,0.7086542844772339,,0.4830629,0.22004522,43,6,1,0
CA,Santa Clara,2012,general,0,0.0,1.0,1.0,1.0,,,,817837.0,653239.0,1122390.0,1068915.0,0.7009456,0.61112344,0.79873985,,0.7205467224121094,,0.484619,0.21020918,43,8,1,0
CA,Santa Clara,2016,general,0,0.0,1.0,1.0,1.0,,,,875176.0,724596.0,1193225.0,1142325.0,0.7372619,0.63431686,0.8279432,,0.7794001698493958,,0.4847553,0.18556583,43,10,1,0
CA,Santa Clara,2020,gen,1,,,,,,,,,,,,,,,,0.7422322686495816,,,,43,37,1,0
CA,Santa Clara,2024,gen,1,,,,,,,,,,,,,,,,,,,,43,39,1,0
CA,Santa Cruz,2000,general,0,0.0,0.0,0.0,1.0,,,,,,,,,,,,0.692171037197113,,0.58741546,0.19702256,44,2,1,0
CA,Santa Cruz,2004,general,0,0.0,0.0,0.0,1.0,,,,146157.0,123275.0,173715.0,,0.38120463,0.73188716,0.8434423,,0.7458980679512024,,0.5806408,0.18166879,44,4,1,0
CA,Santa Cruz,2008,general,0,0.0,0.0,0.0,1.0,,,,148364.0,128555.0,178855.0,,0.47063124,0.7574584,0.8664838,,0.79640132188797,,0.57886314,0.16869739,44,6,1,0
CA,Santa Cruz,2012,general,0,0.0,0.0,0.0,1.0,,,,158524.0,121323.0,183151.0,177755.0,0.5305836,0.68252933,0.7653289,,0.7906261682510376,,0.58341384,0.16432166,44,8,1,0
CA,Santa Cruz,2016,general,0,0.0,0.0,0.0,1.0,,,,157186.0,132165.0,190283.0,187645.0,0.6281618,0.70433533,0.8408192,,0.8093417286872864,,0.58031404,0.14972813,44,10,1,0
CA,Santa Cruz,2020,gen,0,,,,,,,,,,,,,,,,0.8092050742653152,,,,44,37,1,0
CA,Santa Cruz,2024,gen,1,,,,,,,,,,,,,,,,,,,,44,39,1,0
CA,Shasta,2000,general,0,0.0,0.0,1.0,1.0,,,,,,,,,,,,0.31743553280830383,,0.26408443,0.5544702,45,2,1,0
CA,Shasta,2004,general,0,0.0,0.0,1.0,1.0,,,,94718.0,78360.0,127700.0,,0.44472945,0.6311578,0.82729787,,0.31779131293296814,,0.2574154,0.53923017,45,4,1,0
CA,Shasta,2008,general,0,0.0,0.0,1.0,1.0,,,,96804.0,81378.0,131621.0,,0.51784265,0.6240139,0.8406471,,0.3679434061050415,,0.2565314,0.5208803,45,6,1,0
CA,Shasta,2012,general,0,0.0,0.0,1.0,1.0,,,,100235.0,77178.0,133808.0,133860.0,0.62918186,0.5765576,0.7699706,,0.3494437336921692,,0.25140303,0.5208789,45,8,1,0
CA,Shasta,2016,general,0,0.0,0.0,1.0,1.0,,,,102000.0,82426.0,134078.0,136655.0,0.691129,0.60316855,0.808098,,0.30104348063468933,,0.24116217,0.50755405,45,10,1,0
CA,Shasta,2020,gen,0,,,,,,,,,,,,,,,,0.330436506625252,,,,45,37,1,0
CA,Shasta,2024,gen,0,,,,,,,,,,,,,,,,,,,,45,39,1,0
CA,Sierra,2000,general,0,0.0,0.0,1.0,1.0,,,,,,,,,,,,0.31542056798934937,,0.33064517,0.47715053,46,2,1,0
CA,Sierra,2004,general,0,0.0,0.0,1.0,1.0,,,,2404.0,1983.0,2629.0,,1.0,0.74038583,0.82487524,,0.3408970832824707,,0.3009434,0.4537736,46,4,1,0
CA,Sierra,2008,general,0,0.0,0.0,1.0,1.0,,,,2321.0,2012.0,2515.0,,1.0,0.75308794,0.8668677,,0.3908469080924988,,0.30444282,0.44573927,46,6,1,0
CA,Sierra,2012,general,0,0.0,0.0,1.0,1.0,,,,2326.0,1822.0,2548.0,2515.0,1.0,0.7244533,0.783319,,0.3820948004722595,,0.28772637,0.44936284,46,8,1,0
CA,Sierra,2016,general,0,0.0,0.0,1.0,1.0,,,,2257.0,1902.0,2614.0,2435.0,1.0,0.78110886,0.84271157,,0.36446329951286316,,0.29073858,0.42790154,46,10,1,0
CA,Sierra,2020,gen,0,,,,,,,,,,,,,,,,0.38995726495726496,,,,46,37,1,0
CA,Sierra,2024,gen,0,,,,,,,,,,,,,,,,,,,,46,39,1,0
CA,Siskiyou,2000,general,0,0.0,0.0,0.0,1.0,,,,,,,,,,,,0.3413962423801422,,0.32770082,0.47229916,47,2,1,0
CA,Siskiyou,2004,general,0,0.0,0.0,0.0,1.0,,,,27287.0,21695.0,33102.0,,0.30080664,0.6525793,0.79506725,,0.38339900970458984,,0.32770583,0.4534659,47,4,1,0
CA,Siskiyou,2008,general,0,0.0,0.0,0.0,1.0,,,,26643.0,21723.0,33953.0,,0.61326706,0.6422173,0.8153361,,0.4464731812477112,,0.32593867,0.4410373,47,6,1,0
CA,Siskiyou,2012,general,0,0.0,0.0,0.0,1.0,,,,25868.0,20180.0,34444.0,34180.0,0.67913777,0.59040374,0.7801144,,0.42074987292289734,,0.32487705,0.44374475,47,8,1,0
CA,Siskiyou,2016,general,0,0.0,0.0,0.0,1.0,,,,27619.0,21162.0,34631.0,33780.0,0.7284756,0.6264654,0.7662117,,0.3894481956958771,,0.3188223,0.42828602,47,10,1,0
CA,Siskiyou,2020,gen,0,,,,,,,,,,,,,,,,0.4192195079316523,,,,47,37,1,0
CA,Siskiyou,2024,gen,0,,,,,,,,,,,,,,,,,,,,47,39,1,0
CA,Solano,2000,general,0,0.0,0.0,0.0,1.0,,,,,,,,,,,,0.5927714705467224,,0.49480745,0.2986532,48,2,1,0
CA,Solano,2004,general,0,0.0,0.0,0.0,1.0,,,,195049.0,150057.0,266449.0,,0.3125279,0.5751085,0.7693298,,0.577325165271759,,0.48570496,0.2798802,48,4,1,0
CA,Solano,2008,general,0,0.0,0.0,0.0,1.0,,,,190477.0,162638.0,273794.0,,0.51088923,0.6123791,0.8538459,,0.6456396579742432,,0.49320298,0.25363863,48,6,1,0
CA,Solano,2012,general,0,0.0,0.0,0.0,1.0,,,,209484.0,153923.0,274284.0,276765.0,0.57224715,0.5561505,0.7347721,,0.6500957012176514,,0.49567994,0.25128996,48,8,1,0
CA,Solano,2016,general,0,0.0,0.0,0.0,1.0,,,,224930.0,170628.0,289271.0,296030.0,0.6614506,0.5763875,0.75858265,,0.6634690165519714,,0.48502272,0.24134015,48,10,1,0
CA,Solano,2020,gen,0,,,,,,,,,,,,,,,,0.6550996541342158,,,,48,37,1,0
CA,Solano,2024,gen,0,,,,,,,,,,,,,,,,,,,,48,39,1,0
CA,Sonoma,2000,general,0,0.0,0.0,0.0,1.0,,,,,,,,,,,,0.648669421672821,,0.5626356,0.23489992,49,2,1,0
CA,Sonoma,2004,general,0,0.0,0.0,0.0,1.0,,,,248998.0,222538.0,323999.0,,0.505963,0.7105691,0.8937341,,0.6849190592765808,,0.5528333,0.21682219,49,4,1,0
CA,Sonoma,2008,general,0,0.0,0.0,0.0,1.0,,,,248122.0,231817.0,332700.0,,0.5942791,0.7342474,0.93428636,,0.7539138197898865,,0.5514841,0.20202522,49,6,1,0
CA,Sonoma,2012,general,0,0.0,0.0,0.0,1.0,,,,260315.0,218820.0,339309.0,333255.0,0.71087193,0.6566143,0.840597,,0.7375314831733704,,0.55337656,0.1993943,49,8,1,0
CA,Sonoma,2016,general,0,0.0,0.0,0.0,1.0,,,,273432.0,237358.0,350393.0,350055.0,0.7613647,0.67805916,0.8680696,,0.7573297023773193,,0.5482134,0.18879537,49,10,1,0
CA,Sonoma,2020,gen,0,,,,,,,,,,,,,,,,0.7638130675458334,,,,49,37,1,0
CA,Sonoma,2024,gen,1,,,,,,,,,,,,,,,,,,,,49,39,1,0
CA,Stanislaus,2000,general,0,0.0,0.0,0.0,1.0,,,,,,,,,,,,0.4565660357475281,,0.38642198,0.4524697,50,2,1,0
CA,Stanislaus,2004,general,0,0.0,0.0,0.0,1.0,,,,217598.0,147663.0,303251.0,,0.39544097,0.52649873,0.6786046,,0.4078662693500519,,0.3770567,0.44127247,50,4,1,0
CA,Stanislaus,2008,general,0,0.0,0.0,0.0,1.0,,,,230046.0,162941.0,322828.0,,0.52891535,0.5519599,0.7082975,,0.5088163018226624,,0.39184022,0.403785,50,6,1,0
CA,Stanislaus,2012,general,0,0.0,0.0,0.0,1.0,,,,232909.0,156935.0,322964.0,310185.0,0.6824609,0.50594,0.6738039,,0.5141054391860962,,0.39614883,0.39684066,50,8,1,0
CA,Stanislaus,2016,general,0,0.0,0.0,0.0,1.0,,,,241144.0,176992.0,336794.0,328050.0,0.7067212,0.53952754,0.7339681,,0.5098444223403931,,0.3937709,0.37309232,50,10,1,0
CA,Stanislaus,2020,gen,0,,,,,,,,,,,,,,,,0.5040383644623927,,,,50,37,1,0
CA,Stanislaus,2024,gen,1,,,,,,,,,,,,,,,,,,,,50,39,1,0
CA,Sutter,2000,general,0,0.0,0.0,1.0,1.0,,,,,,,,,,,,0.32663199305534363,,0.2835321,0.55471855,51,2,1,0
CA,Sutter,2004,general,0,0.0,0.0,1.0,1.0,,,,42372.0,30784.0,53658.0,,0.4897999,0.60210586,0.7265175,,0.32161039113998413,,0.28342614,0.5293026,51,4,1,0
CA,Sutter,2008,general,0,0.0,0.0,1.0,1.0,,,,41604.0,33337.0,60233.0,,0.68317485,0.612256,0.80129313,,0.41493672132492065,,0.30120382,0.48710793,51,6,1,0
CA,Sutter,2012,general,0,0.0,0.0,1.0,1.0,,,,42194.0,31300.0,59275.0,58045.0,0.6801278,0.5392368,0.74181163,,0.4021904170513153,,0.30252135,0.48205447,51,8,1,0
CA,Sutter,2016,general,0,0.0,0.0,1.0,1.0,,,,45665.0,34422.0,60761.0,59845.0,0.73516935,0.5751859,0.75379395,,0.4184052348136902,,0.30338615,0.44748902,51,10,1,0
CA,Sutter,2020,gen,0,,,,,,,,,,,,,,,,0.41605577116573234,,,,51,37,1,0
CA,Sutter,2024,gen,0,,,,,,,,,,,,,,,,,,,,51,39,1,0
CA,Tehama,2000,general,0,0.0,0.0,0.0,1.0,,,,,,,,,,,,0.32901856303215027,,0.27004072,0.5404281,52,2,1,0
CA,Tehama,2004,general,0,0.0,0.0,0.0,1.0,,,,30310.0,23604.0,40448.0,,0.34223014,0.5959185,0.77875286,,0.3251863420009613,,0.26663166,0.5251936,52,4,1,0
CA,Tehama,2008,general,0,0.0,0.0,0.0,1.0,,,,31259.0,24803.0,42952.0,,0.5483208,0.60386294,0.79346746,,0.37602993845939636,,0.26960328,0.5057182,52,6,1,0
CA,Tehama,2012,general,0,0.0,0.0,0.0,1.0,,,,31174.0,23261.0,43306.0,43965.0,0.654701,0.52908,0.7461667,,0.3578871488571167,,0.26443136,0.50633574,52,8,1,0
CA,Tehama,2016,general,0,0.0,0.0,0.0,1.0,,,,32555.0,24541.0,43753.0,45460.0,0.6948372,0.53983724,0.753832,,0.30529525876045227,,0.25687057,0.49530143,52,10,1,0
CA,Tehama,2020,gen,0,,,,,,,,,,,,,,,,0.317660059888778,,,,52,37,1,0
CA,Tehama,2024,gen,0,,,,,,,,,,,,,,,,,,,,52,39,1,0
CA,Trinity,2000,general,0,0.0,0.0,0.0,1.0,,,,,,,,,,,,0.3664643466472626,,0.37376532,0.4211774,53,2,1,0
CA,Trinity,2004,general,0,0.0,0.0,0.0,1.0,,,,8074.0,6579.0,10358.0,,0.30764553,0.62524813,0.81483775,,0.43866288661956787,,0.35422778,0.39823952,53,4,1,0
CA,Trinity,2008,general,0,0.0,0.0,0.0,1.0,,,,8397.0,6482.0,10665.0,,0.36624497,0.5837302,0.7719424,,0.5237323641777039,,0.3561095,0.37703094,53,6,1,0
CA,Trinity,2012,general,0,0.0,0.0,0.0,1.0,,,,8046.0,5814.0,11343.0,10790.0,0.6974544,0.53883225,0.7225951,,0.4961038827896118,,0.34847826,0.38108695,53,8,1,0
CA,Trinity,2016,general,0,0.0,0.0,0.0,1.0,,,,8079.0,5921.0,11312.0,10470.0,0.741091,0.5655205,0.73288774,,0.4405093491077423,,0.34297127,0.36617842,53,10,1,0
CA,Trinity,2020,gen,0,,,,,,,,,,,,,,,,0.4720980294750787,,,,53,37,1,0
CA,Trinity,2024,gen,0,,,,,,,,,,,,,,,,,,,,53,39,1,0
CA,Tulare,2000,general,0,0.0,0.0,0.0,1.0,,,,,,,,,,,,0.3790481984615326,,0.32362,0.5255074,54,2,1,0
CA,Tulare,2004,general,0,0.0,0.0,0.0,1.0,,,,141883.0,99509.0,221107.0,,0.32877427,0.48430726,0.7013455,,0.331933856010437,,0.31350163,0.51698655,54,4,1,0
CA,Tulare,2008,general,0,0.0,0.0,0.0,1.0,,,,146415.0,106551.0,242201.0,,0.36806786,0.49062654,0.72773284,,0.4219963550567627,,0.33064103,0.4819037,54,6,1,0
CA,Tulare,2012,general,0,0.0,0.0,0.0,1.0,,,,145348.0,102184.0,252258.0,233195.0,0.5997025,0.4381912,0.70303,,0.4229849576950073,,0.3298147,0.47540098,54,8,1,0
CA,Tulare,2016,general,0,0.0,0.0,0.0,1.0,,,,154000.0,116106.0,260926.0,245640.0,0.6468658,0.4726673,0.75393504,,0.4494068920612335,,0.33328915,0.43985686,54,10,1,0
CA,Tulare,2020,gen,0,,,,,,,,,,,,,,,,0.4600721026697475,,,,54,37,1,0
CA,Tulare,2024,gen,0,,,,,,,,,,,,,,,,,,,,54,39,1,0
CA,Tuolumne,2000,general,0,0.0,1.0,1.0,1.0,,,,,,,,,,,,0.4153832495212555,,0.33491668,0.4684808,55,2,1,0
CA,Tuolumne,2004,general,0,0.0,1.0,1.0,1.0,,,,33373.0,26791.0,38388.0,,0.315815,0.6151466,0.8027747,,0.39088553190231323,,0.3211679,0.46255532,55,4,1,0
CA,Tuolumne,2008,general,0,0.0,1.0,1.0,1.0,,,,33640.0,27499.0,38362.0,,0.5158733,0.61831015,0.81744945,,0.4348416328430176,,0.31943306,0.44660848,55,6,1,0
CA,Tuolumne,2012,general,0,0.0,1.0,1.0,1.0,,,,31769.0,25153.0,39259.0,44360.0,0.7639248,0.5670198,0.7917467,,0.41871178150177,,0.3130224,0.4524601,55,8,1,0
CA,Tuolumne,2016,general,0,0.0,1.0,1.0,1.0,,,,31402.0,26404.0,41222.0,43960.0,0.77711713,0.60063696,0.84083813,,0.3853594660758972,,0.30410582,0.44552797,55,10,1,0
CA,Tuolumne,2020,gen,1,,,,,,,,,,,,,,,,0.40374827249132034,,,,55,37,1,0
CA,Tuolumne,2024,gen,1,,,,,,,,,,,,,,,,,,,,55,39,1,0
CA,Ventura,2000,general,0,0.0,0.0,0.0,1.0,,,,,,,,,,,,0.4945904612541199,,0.392843,0.40508988,56,2,1,0
CA,Ventura,2004,general,0,0.0,0.0,0.0,1.0,,,,398652.0,316132.0,506350.0,,0.3555382,0.66985005,0.7930024,,0.48147478699684143,,0.3910647,0.3832281,56,4,1,0
CA,Ventura,2008,general,0,0.0,0.0,0.0,1.0,,,,425968.0,343690.0,523404.0,,0.43523523,0.70795476,0.80684465,,0.5625993609428406,,0.40275115,0.355103,56,6,1,0
CA,Ventura,2012,general,0,0.0,0.0,0.0,1.0,,,,426948.0,330419.0,534607.0,516215.0,0.49915713,0.6400802,0.7739092,,0.5360174775123596,,0.40275764,0.35228658,56,8,1,0
CA,Ventura,2016,general,0,0.0,0.0,0.0,1.0,,,,442951.0,363285.0,550625.0,542060.0,0.6019957,0.6701933,0.82014716,,0.5950019359588623,,0.4113018,0.32202378,56,10,1,0
CA,Ventura,2020,gen,0,,,,,,,,,,,,,,,,0.6078119899902078,,,,56,37,1,0
CA,Ventura,2024,gen,1,,,,,,,,,,,,,,,,,,,,56,39,1,0
CA,Yolo,2000,general,0,0.0,0.0,0.0,1.0,,,,,,,,,,,,0.5940954685211182,,0.5088123,0.28308225,57,2,1,0
CA,Yolo,2004,general,0,0.0,0.0,0.0,1.0,,,,94519.0,72953.0,120916.0,,0.3927049,0.62503463,0.77183425,,0.6049513220787048,,0.49940422,0.26490036,57,4,1,0
CA,Yolo,2008,general,0,0.0,0.0,0.0,1.0,,,,106295.0,80674.0,130638.0,,0.4705977,0.6429659,0.7589633,,0.6850410103797913,,0.50269294,0.24320377,57,6,1,0
CA,Yolo,2012,general,0,0.0,0.0,0.0,1.0,,,,102186.0,75313.0,137680.0,133745.0,0.54852414,0.5631089,0.73701876,,0.675818145275116,,0.50424737,0.24080321,57,8,1,0
CA,Yolo,2016,general,0,0.0,0.0,0.0,1.0,,,,111222.0,84685.0,147156.0,140945.0,0.5773632,0.60083723,0.7614051,,0.7252784967422485,,0.5070037,0.21364194,57,10,1,0
CA,Yolo,2020,gen,0,,,,,,,,,,,,,,,,0.7123827589840869,,,,57,37,1,0
CA,Yolo,2024,gen,1,,,,,,,,,,,,,,,,,,,,57,39,1,0
CA,Yuba,2000,general,0,0.0,0.0,0.0,1.0,,,,,,,,,,,,0.3605044186115265,,0.30088085,0.50486785,58,2,1,0
CA,Yuba,2004,general,0,0.0,0.0,0.0,1.0,,,,27908.0,18238.0,40851.0,,0.32448733,0.44588053,0.6535044,,0.3201598823070526,,0.28451064,0.49038297,58,4,1,0
CA,Yuba,2008,general,0,0.0,0.0,0.0,1.0,,,,29771.0,21681.0,45419.0,,0.47977492,0.48746908,0.728259,,0.42475926876068115,,0.30137902,0.4449912,58,6,1,0
CA,Yuba,2012,general,0,0.0,0.0,0.0,1.0,,,,30115.0,19973.0,47074.0,46585.0,0.5867922,0.42874315,0.6632243,,0.40614137053489685,,0.29672483,0.45235553,58,8,1,0
CA,Yuba,2016,general,0,0.0,0.0,0.0,1.0,,,,33694.0,23558.0,48269.0,48745.0,0.6455557,0.48329058,0.69917494,,0.37523719668388367,,0.2841725,0.42734727,58,10,1,0
CA,Yuba,2020,gen,0,,,,,,,,,,,,,,,,0.38850065730298206,,,,58,37,1,0
CA,Yuba,2024,gen,0,,,,,,,,,,,,,,,,,,,,58,39,1,0
