state,county,county_fips,year,dem_share_pres,total_votes_pres,dem_share_gov,total_votes_gov,dem_share_sen,total_votes_sen,vca_adopted,vca_year,vca_first_year,fips,cvap_2020,treat,treat_new_ca,turnout_pres,turnout_gov,turnout_sen,state_year,county_id
California,ALAMEDA,6001,2020,0.8022962497272246,769864.0,,,,,1.0,2022.0,2022.0,0500000US06001,1090920,0,0,0.7057016096505702,,,California_2020,California_ALAMEDA
California,ALAMEDA,6001,2022,,,0.7931774354518423,487969.0,,,1.0,2022.0,2022.0,0500000US06001,1090920,1,1,,0.44730044366223004,,California_2022,California_ALAMEDA
California,ALAMEDA,6001,2024,0.7458211406389967,669800.0,,,,,1.0,2022.0,2022.0,0500000US06001,1090920,1,1,0.6139771935613977,,,California_2024,California_ALAMEDA
California,ALPINE,6003,2020,0.6423751686909581,741.0,,,,,0.0,,9999.0,0500000US06003,885,0,0,0.8372881355932204,,,California_2020,California_ALPINE
California,ALPINE,6003,2022,,,0.5864297253634895,619.0,,,0.0,,9999.0,0500000US06003,885,0,0,,0.6994350282485876,,California_2022,California_ALPINE
California,ALPINE,6003,2024,0.6490514905149052,738.0,,,,,0.0,,9999.0,0500000US06003,885,0,0,0.8338983050847457,,,California_2024,California_ALPINE
California,AMADOR,6005,2020,0.3655725943861537,22302.0,,,,,1.0,2020.0,2020.0,0500000US06005,32155,1,1,0.6935779816513762,,,California_2020,California_AMADOR
California,AMADOR,6005,2022,,,0.3230769230769231,18655.0,,,1.0,2020.0,2020.0,0500000US06005,32155,1,1,,0.5801586067485617,,California_2022,California_AMADOR
California,AMADOR,6005,2024,0.3474243371127578,22402.0,,,,,1.0,2020.0,2020.0,0500000US06005,32155,1,1,0.6966879178976831,,,California_2024,California_AMADOR
California,BUTTE,6007,2020,0.4941690676388154,102042.0,,,,,1.0,2020.0,2020.0,0500000US06007,170880,1,1,0.5971558988764045,,,California_2020,California_BUTTE
California,BUTTE,6007,2022,,,0.4348642343424304,72441.0,,,1.0,2020.0,2020.0,0500000US06007,170880,1,1,,0.42392907303370786,,California_2022,California_BUTTE
California,BUTTE,6007,2024,0.46790728182558744,94523.0,,,,,1.0,2020.0,2020.0,0500000US06007,170880,1,1,0.5531542602996254,,,California_2024,California_BUTTE
California,CALAVERAS,6009,2020,0.36982771314975704,27164.0,,,,,1.0,2020.0,2020.0,0500000US06009,37375,1,1,0.7267959866220736,,,California_2020,California_CALAVERAS
California,CALAVERAS,6009,2022,,,0.3344161958568738,21240.0,,,1.0,2020.0,2020.0,0500000US06009,37375,1,1,,0.5682943143812709,,California_2022,California_CALAVERAS
California,CALAVERAS,6009,2024,0.34672759545300047,26479.0,,,,,1.0,2020.0,2020.0,0500000US06009,37375,1,1,0.7084682274247491,,,California_2024,California_CALAVERAS
California,COLUSA,6011,2020,0.4067412904037228,7951.0,,,,,0.0,,9999.0,0500000US06011,12660,0,0,0.6280410742496051,,,California_2020,California_COLUSA
California,COLUSA,6011,2022,,,0.2792161093131967,5562.0,,,0.0,,9999.0,0500000US06011,12660,0,0,,0.43933649289099524,,California_2022,California_COLUSA
California,COLUSA,6011,2024,0.34624697336561744,7021.0,,,,,0.0,,9999.0,0500000US06011,12660,0,0,0.5545813586097946,,,California_2024,California_COLUSA
California,CONTRA COSTA,6013,2020,0.716387660650689,581230.0,,,,,0.0,,9999.0,0500000US06013,773975,0,0,0.7509674085080268,,,California_2020,California_CONTRA COSTA
California,CONTRA COSTA,6013,2022,,,0.6830603624682435,388503.0,,,0.0,,9999.0,0500000US06013,773975,0,0,,0.501958073581188,,California_2022,California_CONTRA COSTA
California,CONTRA COSTA,6013,2024,0.6731051381725228,528904.0,,,,,0.0,,9999.0,0500000US06013,773975,0,0,0.68336057366194,,,California_2024,California_CONTRA COSTA
California,DEL NORTE,6015,2020,0.4084002794271743,11452.0,,,,,0.0,,9999.0,0500000US06015,20510,0,0,0.5583617747440273,,,California_2020,California_DEL NORTE
California,DEL NORTE,6015,2022,,,0.3897313432835821,8375.0,,,0.0,,9999.0,0500000US06015,20510,0,0,,0.4083373963920039,,California_2022,California_DEL NORTE
California,DEL NORTE,6015,2024,0.40382430897387356,10564.0,,,,,0.0,,9999.0,0500000US06015,20510,0,0,0.5150658215504632,,,California_2024,California_DEL NORTE
California,EL DORADO,6017,2020,0.44447984294546145,116138.0,,,,,1.0,2020.0,2020.0,0500000US06017,145560,1,1,0.7978702940368233,,,California_2020,California_EL DORADO
California,EL DORADO,6017,2022,,,0.38946216914210957,88671.0,,,1.0,2020.0,2020.0,0500000US06017,145560,1,1,,0.6091714756801319,,California_2022,California_EL DORADO
California,EL DORADO,6017,2024,0.42633836804003933,111890.0,,,,,1.0,2020.0,2020.0,0500000US06017,145560,1,1,0.7686864523220664,,,California_2024,California_EL DORADO
California,FRESNO,6019,2020,0.5291124944834146,364809.0,,,,,1.0,2020.0,2020.0,0500000US06019,603615,1,1,0.6043736487661837,,,California_2020,California_FRESNO
California,FRESNO,6019,2022,,,0.4492183399137321,219085.0,,,1.0,2020.0,2020.0,0500000US06019,603615,1,1,,0.36295486361339596,,California_2022,California_FRESNO
California,FRESNO,6019,2024,0.46512512500230063,325994.0,,,,,1.0,2020.0,2020.0,0500000US06019,603615,1,1,0.5400694151073118,,,California_2024,California_FRESNO
California,GLENN,6021,2020,0.35379029401346085,11292.0,,,,,0.0,,9999.0,0500000US06021,17465,0,0,0.6465502433438305,,,California_2020,California_GLENN
California,GLENN,6021,2022,,,0.24337957124842372,7930.0,,,0.0,,9999.0,0500000US06021,17465,0,0,,0.4540509590609791,,California_2022,California_GLENN
California,GLENN,6021,2024,0.31220072782991765,10442.0,,,,,0.0,,9999.0,0500000US06021,17465,0,0,0.5978814772401947,,,California_2024,California_GLENN
California,HUMBOLDT,6023,2020,0.6504329633288778,68828.0,,,,,1.0,2022.0,2022.0,0500000US06023,106930,0,0,0.6436734312166839,,,California_2020,California_HUMBOLDT
California,HUMBOLDT,6023,2022,,,0.618038411649023,47798.0,,,1.0,2022.0,2022.0,0500000US06023,106930,1,1,,0.44700271205461517,,California_2022,California_HUMBOLDT
California,HUMBOLDT,6023,2024,0.6196674347636545,64228.0,,,,,1.0,2022.0,2022.0,0500000US06023,106930,1,1,0.600654633872627,,,California_2024,California_HUMBOLDT
California,IMPERIAL,6025,2020,0.6114108395923693,56718.0,,,,,1.0,2022.0,2022.0,0500000US06025,103405,0,0,0.5485034572796287,,,California_2020,California_IMPERIAL
California,IMPERIAL,6025,2022,,,0.5594763801935116,29869.0,,,1.0,2022.0,2022.0,0500000US06025,103405,1,1,,0.2888545041342295,,California_2022,California_IMPERIAL
California,IMPERIAL,6025,2024,0.4827950023137436,54025.0,,,,,1.0,2022.0,2022.0,0500000US06025,103405,1,1,0.5224602291958803,,,California_2024,California_IMPERIAL
California,INYO,6027,2020,0.48876700769960973,9481.0,,,,,0.0,,9999.0,0500000US06027,13580,0,0,0.6981590574374079,,,California_2020,California_INYO
California,INYO,6027,2022,,,0.4523204493780928,7477.0,,,0.0,,9999.0,0500000US06027,13580,0,0,,0.5505891016200295,,California_2022,California_INYO
California,INYO,6027,2024,0.4693330354150374,8951.0,,,,,0.0,,9999.0,0500000US06027,13580,0,0,0.6591310751104565,,,California_2024,California_INYO
California,KERN,6029,2020,0.4369418070544449,305226.0,,,,,0.0,,9999.0,0500000US06029,529780,0,0,0.5761372645248971,,,California_2020,California_KERN
California,KERN,6029,2022,,,0.3693687964685246,188703.0,,,0.0,,9999.0,0500000US06029,529780,0,0,,0.3561912491977802,,California_2022,California_KERN
California,KERN,6029,2024,0.38214484935356546,283246.0,,,,,0.0,,9999.0,0500000US06029,529780,0,0,0.53464834459587,,,California_2024,California_KERN
California,KINGS,6031,2020,0.42635323088148114,43858.0,,,,,1.0,2022.0,2022.0,0500000US06031,93220,0,0,0.4704784381034113,,,California_2020,California_KINGS
California,KINGS,6031,2022,,,0.34887782401902495,26912.0,,,1.0,2022.0,2022.0,0500000US06031,93220,1,1,,0.2886934134305943,,California_2022,California_KINGS
California,KINGS,6031,2024,0.37394279655911905,41501.0,,,,,1.0,2022.0,2022.0,0500000US06031,93220,1,1,0.44519416434241577,,,California_2024,California_KINGS
California,LAKE,6033,2020,0.5187847222222223,28800.0,,,,,0.0,,9999.0,0500000US06033,48080,0,0,0.5990016638935108,,,California_2020,California_LAKE
California,LAKE,6033,2022,,,0.4853708211216532,20131.0,,,0.0,,9999.0,0500000US06033,48080,0,0,,0.418698003327787,,California_2022,California_LAKE
California,LAKE,6033,2024,0.47811951119249596,26759.0,,,,,0.0,,9999.0,0500000US06033,48080,0,0,0.5565515806988353,,,California_2024,California_LAKE
California,LASSEN,6035,2020,0.23354192740926158,11985.0,,,,,0.0,,9999.0,0500000US06035,24475,0,0,0.48968335035750765,,,California_2020,California_LASSEN
California,LASSEN,6035,2022,,,0.1574700109051254,9170.0,,,0.0,,9999.0,0500000US06035,24475,0,0,,0.3746680286006129,,California_2022,California_LASSEN
California,LASSEN,6035,2024,0.21792278603464954,11371.0,,,,,0.0,,9999.0,0500000US06035,24475,0,0,0.4645965270684372,,,California_2024,California_LASSEN
California,LOS ANGELES,6037,2020,0.7104316863154967,4263443.0,,,,,1.0,2020.0,2020.0,0500000US06037,6367650,1,1,0.6695473212252557,,,California_2020,California_LOS ANGELES
California,LOS ANGELES,6037,2022,,,0.6780657509730135,2389227.0,,,1.0,2020.0,2020.0,0500000US06037,6367650,1,1,,0.3752133047513604,,California_2022,California_LOS ANGELES
California,LOS ANGELES,6037,2024,0.648291893605534,3728427.0,,,,,1.0,2020.0,2020.0,0500000US06037,6367650,1,1,0.5855263715813526,,,California_2024,California_LOS ANGELES
California,MADERA,6039,2020,0.4312572130598265,53722.0,,,,,1.0,2018.0,2018.0,0500000US06039,93350,1,1,0.5754900910551687,,,California_2020,California_MADERA
California,MADERA,6039,2022,,,0.3593788046860204,36961.0,,,1.0,2018.0,2018.0,0500000US06039,93350,1,1,,0.3959400107123728,,California_2022,California_MADERA
California,MADERA,6039,2024,0.3840985647334505,54624.0,,,,,1.0,2018.0,2018.0,0500000US06039,93350,1,1,0.5851526513122657,,,California_2024,California_MADERA
California,MARIN,6041,2020,0.8234093491055898,155801.0,,,,,1.0,2022.0,2022.0,0500000US06041,185435,0,0,0.8401919810176073,,,California_2020,California_MARIN
California,MARIN,6041,2022,,,0.8003174763152591,119064.0,,,1.0,2022.0,2022.0,0500000US06041,185435,1,1,,0.6420794348423976,,California_2022,California_MARIN
California,MARIN,6041,2024,0.8059786417602853,144113.0,,,,,1.0,2022.0,2022.0,0500000US06041,185435,1,1,0.7771618087200367,,,California_2024,California_MARIN
California,MARIPOSA,6043,2020,0.3976653696498054,10280.0,,,,,1.0,2020.0,2020.0,0500000US06043,14065,1,1,0.730892285815855,,,California_2020,California_MARIPOSA
California,MARIPOSA,6043,2022,,,0.37551020408163266,7840.0,,,1.0,2020.0,2020.0,0500000US06043,14065,1,1,,0.5574120156416636,,California_2022,California_MARIPOSA
California,MARIPOSA,6043,2024,0.3809023030812914,9509.0,,,,,1.0,2020.0,2020.0,0500000US06043,14065,1,1,0.6760753643796659,,,California_2024,California_MARIPOSA
California,MENDOCINO,6045,2020,0.664159128669005,43336.0,,,,,0.0,,9999.0,0500000US06045,62395,0,0,0.694542831957689,,,California_2020,California_MENDOCINO
California,MENDOCINO,6045,2022,,,0.6261433177600843,30394.0,,,0.0,,9999.0,0500000US06045,62395,0,0,,0.4871223655741646,,California_2022,California_MENDOCINO
California,MENDOCINO,6045,2024,0.6132445940432476,39216.0,,,,,0.0,,9999.0,0500000US06045,62395,0,0,0.6285118999919865,,,California_2024,California_MENDOCINO
California,MERCED,6047,2020,0.5410918810262754,90541.0,,,,,1.0,2022.0,2022.0,0500000US06047,152160,0,0,0.5950381177707676,,,California_2020,California_MERCED
California,MERCED,6047,2022,,,0.4559188030322219,55273.0,,,1.0,2022.0,2022.0,0500000US06047,152160,1,1,,0.3632557833859096,,California_2022,California_MERCED
California,MERCED,6047,2024,0.465205111584406,86392.0,,,,,1.0,2022.0,2022.0,0500000US06047,152160,1,1,0.5677707676130389,,,California_2024,California_MERCED
California,MODOC,6049,2020,0.26509912402028585,4338.0,,,,,0.0,,9999.0,0500000US06049,6800,0,0,0.6379411764705882,,,California_2020,California_MODOC
California,MODOC,6049,2022,,,0.20134818288393905,3412.0,,,0.0,,9999.0,0500000US06049,6800,0,0,,0.5017647058823529,,California_2022,California_MODOC
California,MODOC,6049,2024,0.250996015936255,4016.0,,,,,0.0,,9999.0,0500000US06049,6800,0,0,0.5905882352941176,,,California_2024,California_MODOC
California,MONO,6051,2020,0.5956657265845332,6737.0,,,,,0.0,,9999.0,0500000US06051,10185,0,0,0.6614629356897398,,,California_2020,California_MONO
California,MONO,6051,2022,,,0.5456336178594878,4569.0,,,0.0,,9999.0,0500000US06051,10185,0,0,,0.44860088365243006,,California_2022,California_MONO
California,MONO,6051,2024,0.5808047493403694,6064.0,,,,,0.0,,9999.0,0500000US06051,10185,0,0,0.5953853706431026,,,California_2024,California_MONO
California,MONTEREY,6053,2020,0.6953314254681694,163883.0,,,,,0.0,,9999.0,0500000US06053,236780,0,0,0.6921319368189881,,,California_2020,California_MONTEREY
California,MONTEREY,6053,2022,,,0.6390153629233616,102129.0,,,0.0,,9999.0,0500000US06053,236780,0,0,,0.43132443618548866,,California_2022,California_MONTEREY
California,MONTEREY,6053,2024,0.6342780026990553,146718.0,,,,,0.0,,9999.0,0500000US06053,236780,0,0,0.6196384829799814,,,California_2024,California_MONTEREY
California,NAPA,6055,2020,0.6907323701505782,72122.0,,,,,1.0,2018.0,2018.0,0500000US06055,96215,1,1,0.7495920594501897,,,California_2020,California_NAPA
California,NAPA,6055,2022,,,0.6473417418376307,50108.0,,,1.0,2018.0,2018.0,0500000US06055,96215,1,1,,0.5207919763030713,,California_2022,California_NAPA
California,NAPA,6055,2024,0.659232024897405,65549.0,,,,,1.0,2018.0,2018.0,0500000US06055,96215,1,1,0.6812763082679416,,,California_2024,California_NAPA
California,NEVADA,6057,2020,0.5616330439618153,64738.0,,,,,1.0,2018.0,2018.0,0500000US06057,79685,1,1,0.8124239191817783,,,California_2020,California_NEVADA
California,NEVADA,6057,2022,,,0.5253562488913416,50737.0,,,1.0,2018.0,2018.0,0500000US06057,79685,1,1,,0.636719583359478,,California_2022,California_NEVADA
California,NEVADA,6057,2024,0.543745573939355,62132.0,,,,,1.0,2018.0,2018.0,0500000US06057,79685,1,1,0.7797201480830771,,,California_2024,California_NEVADA
California,ORANGE,6059,2020,0.5349251671622665,1521725.0,,,,,1.0,2020.0,2020.0,0500000US06059,2094495,1,1,0.726535513333763,,,California_2020,California_ORANGE
California,ORANGE,6059,2022,,,0.48509415428344516,956940.0,,,1.0,2020.0,2020.0,0500000US06059,2094495,1,1,,0.4568834014881869,,California_2022,California_ORANGE
California,ORANGE,6059,2024,0.497302951548026,1390965.0,,,,,1.0,2020.0,2020.0,0500000US06059,2094495,1,1,0.6641051900338745,,,California_2024,California_ORANGE
California,PLACER,6061,2020,0.45472880685227024,235017.0,,,,,1.0,2022.0,2022.0,0500000US06061,290875,0,0,0.8079656209712076,,,California_2020,California_PLACER
California,PLACER,6061,2022,,,0.4043467037222152,182069.0,,,1.0,2022.0,2022.0,0500000US06061,290875,1,1,,0.6259355393210142,,California_2022,California_PLACER
California,PLACER,6061,2024,0.44273430745840237,234809.0,,,,,1.0,2022.0,2022.0,0500000US06061,290875,1,1,0.8072505371723249,,,California_2024,California_PLACER
California,PLUMAS,6063,2020,0.40520611229566456,11256.0,,,,,0.0,,9999.0,0500000US06063,15450,0,0,0.7285436893203884,,,California_2020,California_PLUMAS
California,PLUMAS,6063,2022,,,0.357118035445384,8633.0,,,0.0,,9999.0,0500000US06063,15450,0,0,,0.5587702265372169,,California_2022,California_PLUMAS
California,PLUMAS,6063,2024,0.3993245256779577,10067.0,,,,,0.0,,9999.0,0500000US06063,15450,0,0,0.6515857605177994,,,California_2024,California_PLUMAS
California,RIVERSIDE,6065,2020,0.5299822517758263,996156.0,,,,,1.0,2022.0,2022.0,0500000US06065,1590050,0,0,0.6264935064935065,,,California_2020,California_RIVERSIDE
California,RIVERSIDE,6065,2022,,,0.47826736320294816,595901.0,,,1.0,2022.0,2022.0,0500000US06065,1590050,1,1,,0.3747687179648439,,California_2022,California_RIVERSIDE
California,RIVERSIDE,6065,2024,0.4804121628447318,940405.0,,,,,1.0,2022.0,2022.0,0500000US06065,1590050,1,1,0.5914310870727335,,,California_2024,California_RIVERSIDE
California,SACRAMENTO,6067,2020,0.6136908490999458,718290.0,,,,,1.0,2018.0,2018.0,0500000US06067,1055095,1,1,0.6807822992242405,,,California_2020,California_SACRAMENTO
California,SACRAMENTO,6067,2022,,,0.5751099739747453,477613.0,,,1.0,2018.0,2018.0,0500000US06067,1055095,1,1,,0.45267298205374873,,California_2022,California_SACRAMENTO
California,SACRAMENTO,6067,2024,0.5810979157084855,656626.0,,,,,1.0,2018.0,2018.0,0500000US06067,1055095,1,1,0.6223382728569465,,,California_2024,California_SACRAMENTO
California,SAN BENITO,6069,2020,0.6116373477672531,28821.0,,,,,1.0,2022.0,2022.0,0500000US06069,39680,0,0,0.726335685483871,,,California_2020,California_SAN BENITO
California,SAN BENITO,6069,2022,,,0.5326386760649708,19578.0,,,1.0,2022.0,2022.0,0500000US06069,39680,1,1,,0.49339717741935485,,California_2022,California_SAN BENITO
California,SAN BENITO,6069,2024,0.5489891135303266,27649.0,,,,,1.0,2022.0,2022.0,0500000US06069,39680,1,1,0.6967993951612903,,,California_2024,California_SAN BENITO
California,SAN BERNARDINO,6071,2020,0.5420884709922693,840931.0,,,,,0.0,,9999.0,0500000US06071,1384075,0,0,0.6075761790365406,,,California_2020,California_SAN BERNARDINO
California,SAN BERNARDINO,6071,2022,,,0.4739075907590759,454500.0,,,0.0,,9999.0,0500000US06071,1384075,0,0,,0.32837815869804743,,California_2022,California_SAN BERNARDINO
California,SAN BERNARDINO,6071,2024,0.47539365168554076,761714.0,,,,,0.0,,9999.0,0500000US06071,1384075,0,0,0.5503415638603399,,,California_2024,California_SAN BERNARDINO
California,SAN DIEGO,6073,2020,0.6022580697524289,1601722.0,,,,,1.0,2022.0,2022.0,0500000US06073,2296505,0,0,0.697460706595457,,,California_2020,California_SAN DIEGO
California,SAN DIEGO,6073,2022,,,0.5579754117969694,1028298.0,,,1.0,2022.0,2022.0,0500000US06073,2296505,1,1,,0.44776649735141005,,California_2022,California_SAN DIEGO
California,SAN DIEGO,6073,2024,0.5693463058927342,1477786.0,,,,,1.0,2022.0,2022.0,0500000US06073,2296505,1,1,0.643493482487519,,,California_2024,California_SAN DIEGO
California,SAN FRANCISCO,6075,2020,0.8527436645634987,443458.0,,,,,0.0,,9999.0,0500000US06075,652670,0,0,0.6794520967717224,,,California_2020,California_SAN FRANCISCO
California,SAN FRANCISCO,6075,2022,,,0.8538342632336648,301466.0,,,0.0,,9999.0,0500000US06075,652670,0,0,,0.4618965173824444,,California_2022,California_SAN FRANCISCO
California,SAN FRANCISCO,6075,2024,0.8033447156569817,402964.0,,,,,0.0,,9999.0,0500000US06075,652670,0,0,0.617408491274304,,,California_2024,California_SAN FRANCISCO
California,SAN JOAQUIN,6077,2020,0.5586441688652524,288443.0,,,,,0.0,,9999.0,0500000US06077,467710,0,0,0.6167133480147955,,,California_2020,California_SAN JOAQUIN
California,SAN JOAQUIN,6077,2022,,,0.48215423657126744,177325.0,,,0.0,,9999.0,0500000US06077,467710,0,0,,0.3791345064249214,,California_2022,California_SAN JOAQUIN
California,SAN JOAQUIN,6077,2024,0.4803220680317517,263671.0,,,,,0.0,,9999.0,0500000US06077,467710,0,0,0.5637489042355306,,,California_2024,California_SAN JOAQUIN
California,SAN LUIS OBISPO,6079,2020,0.5530401237467201,159681.0,,,,,0.0,,9999.0,0500000US06079,220305,0,0,0.7248178661401239,,,California_2020,California_SAN LUIS OBISPO
California,SAN LUIS OBISPO,6079,2022,,,0.5112931538911645,119630.0,,,0.0,,9999.0,0500000US06079,220305,0,0,,0.5430199042236898,,California_2022,California_SAN LUIS OBISPO
California,SAN LUIS OBISPO,6079,2024,0.5393391082870144,150766.0,,,,,0.0,,9999.0,0500000US06079,220305,0,0,0.6843512403259118,,,California_2024,California_SAN LUIS OBISPO
California,SAN MATEO,6081,2020,0.7788837273947046,374138.0,,,,,1.0,2018.0,2018.0,0500000US06081,505585,1,1,0.7400100873245844,,,California_2020,California_SAN MATEO
California,SAN MATEO,6081,2022,,,0.7498434450967004,247517.0,,,1.0,2018.0,2018.0,0500000US06081,505585,1,1,,0.4895655527754977,,California_2022,California_SAN MATEO
California,SAN MATEO,6081,2024,0.7350972739100179,330510.0,,,,,1.0,2018.0,2018.0,0500000US06081,505585,1,1,0.6537179702720611,,,California_2024,California_SAN MATEO
California,SANTA BARBARA,6083,2020,0.6488806119188368,200288.0,,,,,0.0,,9999.0,0500000US06083,283925,0,0,0.7054257286255173,,,California_2020,California_SANTA BARBARA
California,SANTA BARBARA,6083,2022,,,0.5957421661471184,135374.0,,,0.0,,9999.0,0500000US06083,283925,0,0,,0.47679492823809105,,California_2022,California_SANTA BARBARA
California,SANTA BARBARA,6083,2024,0.6179736350594158,184715.0,,,,,0.0,,9999.0,0500000US06083,283925,0,0,0.6505767368142995,,,California_2024,California_SANTA BARBARA
California,SANTA CLARA,6085,2020,0.7265737982086296,850522.0,,,,,1.0,2020.0,2020.0,0500000US06085,1172800,1,1,0.725206343792633,,,California_2020,California_SANTA CLARA
California,SANTA CLARA,6085,2022,,,0.7000931914854354,541895.0,,,1.0,2020.0,2020.0,0500000US06085,1172800,1,1,,0.4620523533424284,,California_2022,California_SANTA CLARA
California,SANTA CLARA,6085,2024,0.680599067471713,750433.0,,,,,1.0,2020.0,2020.0,0500000US06085,1172800,1,1,0.6398644270122783,,,California_2024,California_SANTA CLARA
California,SANTA CRUZ,6087,2020,0.7890135086604603,144796.0,,,,,1.0,2022.0,2022.0,0500000US06087,194295,0,0,0.745237911423351,,,California_2020,California_SANTA CRUZ
California,SANTA CRUZ,6087,2022,,,0.7595061870614098,104169.0,,,1.0,2022.0,2022.0,0500000US06087,194295,1,1,,0.5361383463290358,,California_2022,California_SANTA CRUZ
California,SANTA CRUZ,6087,2024,0.7529578409811011,134135.0,,,,,1.0,2022.0,2022.0,0500000US06087,194295,1,1,0.690367739777143,,,California_2024,California_SANTA CRUZ
California,SHASTA,6089,2020,0.32292787944025836,92900.0,,,,,0.0,,9999.0,0500000US06089,136020,0,0,0.6829877959123658,,,California_2020,California_SHASTA
California,SHASTA,6089,2022,,,0.2715557501459428,68520.0,,,0.0,,9999.0,0500000US06089,136020,0,0,,0.5037494486104984,,California_2022,California_SHASTA
California,SHASTA,6089,2024,0.3051743532058493,88900.0,,,,,0.0,,9999.0,0500000US06089,136020,0,0,0.653580355830025,,,California_2024,California_SHASTA
California,SIERRA,6091,2020,0.37823834196891193,1930.0,,,,,0.0,,9999.0,0500000US06091,2435,0,0,0.7926078028747433,,,California_2020,California_SIERRA
California,SIERRA,6091,2022,,,0.34283862605314325,1543.0,,,0.0,,9999.0,0500000US06091,2435,0,0,,0.6336755646817248,,California_2022,California_SIERRA
California,SIERRA,6091,2024,0.3654503990877993,1754.0,,,,,0.0,,9999.0,0500000US06091,2435,0,0,0.7203285420944558,,,California_2024,California_SIERRA
California,SISKIYOU,6093,2020,0.40908315565031983,23450.0,,,,,0.0,,9999.0,0500000US06093,33875,0,0,0.692250922509225,,,California_2020,California_SISKIYOU
California,SISKIYOU,6093,2022,,,0.356937313095977,17723.0,,,0.0,,9999.0,0500000US06093,33875,0,0,,0.5231881918819188,,California_2022,California_SISKIYOU
California,SISKIYOU,6093,2024,0.38759365256642936,21489.0,,,,,0.0,,9999.0,0500000US06093,33875,0,0,0.6343616236162362,,,California_2024,California_SISKIYOU
California,SOLANO,6095,2020,0.6395489503524736,205831.0,,,,,0.0,,9999.0,0500000US06095,313110,0,0,0.6573760020440101,,,California_2020,California_SOLANO
California,SOLANO,6095,2022,,,0.5953881135210038,130619.0,,,0.0,,9999.0,0500000US06095,313110,0,0,,0.41716649100954933,,California_2022,California_SOLANO
California,SOLANO,6095,2024,0.600508865640507,189834.0,,,,,0.0,,9999.0,0500000US06095,313110,0,0,0.606285331033822,,,California_2024,California_SOLANO
California,SONOMA,6097,2020,0.7453364746581572,268252.0,,,,,1.0,2022.0,2022.0,0500000US06097,357035,0,0,0.7513325024157296,,,California_2020,California_SONOMA
California,SONOMA,6097,2022,,,0.7092335430024208,197454.0,,,1.0,2022.0,2022.0,0500000US06097,357035,1,1,,0.5530382175416976,,California_2022,California_SONOMA
California,SONOMA,6097,2024,0.7143254874197577,251426.0,,,,,1.0,2022.0,2022.0,0500000US06097,357035,1,1,0.7042054700519557,,,California_2024,California_SONOMA
California,STANISLAUS,6099,2020,0.4925678065488933,214876.0,,,,,1.0,2022.0,2022.0,0500000US06099,343780,0,0,0.6250392693001338,,,California_2020,California_STANISLAUS
California,STANISLAUS,6099,2022,,,0.4223277619553017,130967.0,,,1.0,2022.0,2022.0,0500000US06099,343780,1,1,,0.3809616615277212,,California_2022,California_STANISLAUS
California,STANISLAUS,6099,2024,0.43219798249878466,197472.0,,,,,1.0,2022.0,2022.0,0500000US06099,343780,1,1,0.5744138693350399,,,California_2024,California_STANISLAUS
California,SUTTER,6101,2020,0.4072936210131332,42640.0,,,,,0.0,,9999.0,0500000US06101,62115,0,0,0.6864686468646864,,,California_2020,California_SUTTER
California,SUTTER,6101,2022,,,0.32313385042339715,28106.0,,,0.0,,9999.0,0500000US06101,62115,0,0,,0.4524832971101988,,California_2022,California_SUTTER
California,SUTTER,6101,2024,0.33089282082570676,39336.0,,,,,0.0,,9999.0,0500000US06101,62115,0,0,0.6332769862352089,,,California_2024,California_SUTTER
California,TEHAMA,6103,2020,0.3102607847916159,28721.0,,,,,0.0,,9999.0,0500000US06103,46450,0,0,0.6183207750269106,,,California_2020,California_TEHAMA
California,TEHAMA,6103,2022,,,0.24351703746788814,20631.0,,,0.0,,9999.0,0500000US06103,46450,0,0,,0.4441550053821313,,California_2022,California_TEHAMA
California,TEHAMA,6103,2024,0.2794738429066787,26532.0,,,,,0.0,,9999.0,0500000US06103,46450,0,0,0.5711948331539289,,,California_2024,California_TEHAMA
California,TRINITY,6105,2020,0.45557686161713007,6258.0,,,,,0.0,,9999.0,0500000US06105,10260,0,0,0.6099415204678362,,,California_2020,California_TRINITY
California,TRINITY,6105,2022,,,0.41086812458581845,4527.0,,,0.0,,9999.0,0500000US06105,10260,0,0,,0.4412280701754386,,California_2022,California_TRINITY
California,TRINITY,6105,2024,0.43383525243578386,5645.0,,,,,0.0,,9999.0,0500000US06105,10260,0,0,0.5501949317738791,,,California_2024,California_TRINITY
California,TULARE,6107,2020,0.45020840143837854,146832.0,,,,,0.0,,9999.0,0500000US06107,261090,0,0,0.5623807882339423,,,California_2020,California_TULARE
California,TULARE,6107,2022,,,0.36433217265619866,91326.0,,,0.0,,9999.0,0500000US06107,261090,0,0,,0.34978742962196946,,California_2022,California_TULARE
California,TULARE,6107,2024,0.38490355895307043,138271.0,,,,,0.0,,9999.0,0500000US06107,261090,0,0,0.5295913286606151,,,California_2024,California_TULARE
California,TUOLUMNE,6109,2020,0.39400019736192887,30401.0,,,,,1.0,2020.0,2020.0,0500000US06109,44405,1,1,0.6846301092219345,,,California_2020,California_TUOLUMNE
California,TUOLUMNE,6109,2022,,,0.3646577701248386,23230.0,,,1.0,2020.0,2020.0,0500000US06109,44405,1,1,,0.5231392861164283,,California_2022,California_TUOLUMNE
California,TUOLUMNE,6109,2024,0.37865324540090245,28810.0,,,,,1.0,2020.0,2020.0,0500000US06109,44405,1,1,0.6488008107195136,,,California_2024,California_TUOLUMNE
California,VENTURA,6111,2020,0.5947224732551373,422698.0,,,,,1.0,2022.0,2022.0,0500000US06111,569915,0,0,0.7416860409008361,,,California_2020,California_VENTURA
California,VENTURA,6111,2022,,,0.5454144197056259,280935.0,,,1.0,2022.0,2022.0,0500000US06111,569915,1,1,,0.49294192993692043,,California_2022,California_VENTURA
California,VENTURA,6111,2024,0.5609566686876766,387595.0,,,,,1.0,2022.0,2022.0,0500000US06111,569915,1,1,0.6800926453944887,,,California_2024,California_VENTURA
California,YOLO,6113,2020,0.6949950649777924,97264.0,,,,,1.0,2022.0,2022.0,0500000US06113,148330,0,0,0.6557270949908987,,,California_2020,California_YOLO
California,YOLO,6113,2022,,,0.6602815223058017,67135.0,,,1.0,2022.0,2022.0,0500000US06113,148330,1,1,,0.4526056765320569,,California_2022,California_YOLO
California,YOLO,6113,2024,0.6631997321496074,92589.0,,,,,1.0,2022.0,2022.0,0500000US06113,148330,1,1,0.6242095327984899,,,California_2024,California_YOLO
California,YUBA,6115,2020,0.37701010507939703,29787.0,,,,,0.0,,9999.0,0500000US06115,52380,0,0,0.5686712485681558,,,California_2020,California_YUBA
California,YUBA,6115,2022,,,0.33284091487952727,19631.0,,,0.0,,9999.0,0500000US06115,52380,0,0,,0.37478045055364645,,California_2022,California_YUBA
California,YUBA,6115,2024,0.3566677751912205,30070.0,,,,,0.0,,9999.0,0500000US06115,52380,0,0,0.5740740740740741,,,California_2024,California_YUBA
Utah,BEAVER,49001,2020,0.11516129032258064,3100.0,,,,,1.0,2012.0,,0500000US49001,4185,1,0,0.7407407407407407,,,Utah_2020,Utah_BEAVER
Utah,BEAVER,49001,2022,,,,,0.17531380753138076,2390.0,1.0,2012.0,,0500000US49001,4185,1,0,,,0.5710872162485066,Utah_2022,Utah_BEAVER
Utah,BEAVER,49001,2024,0.12266500622665007,3212.0,,,,,1.0,2012.0,,0500000US49001,4185,1,0,0.7675029868578256,,,Utah_2024,Utah_BEAVER
Utah,BOX ELDER,49003,2020,0.1655011655011655,27027.0,,,,,1.0,2012.0,,0500000US49003,36915,1,0,0.7321414059325477,,,Utah_2020,Utah_BOX ELDER
Utah,BOX ELDER,49003,2022,,,,,0.24662038728534894,19159.0,1.0,2012.0,,0500000US49003,36915,1,0,,,0.5190031152647975,Utah_2022,Utah_BOX ELDER
Utah,BOX ELDER,49003,2024,0.18243453595766024,28909.0,,,,,1.0,2012.0,,0500000US49003,36915,1,0,0.7831233915752405,,,Utah_2024,Utah_BOX ELDER
Utah,CACHE,49005,2020,0.2892081082489448,57571.0,,,,,1.0,2012.0,,0500000US49005,83425,1,0,0.6900928978124063,,,Utah_2020,Utah_CACHE
Utah,CACHE,49005,2022,,,,,0.38787094204341765,40168.0,1.0,2012.0,,0500000US49005,83425,1,0,,,0.48148636499850167,Utah_2022,Utah_CACHE
Utah,CACHE,49005,2024,0.31078052101147285,60229.0,,,,,1.0,2012.0,,0500000US49005,83425,1,0,0.7219538507641594,,,Utah_2024,Utah_CACHE
Utah,CARBON,49007,2020,0.255310065108336,9369.0,,,,,1.0,2012.0,,0500000US49007,14765,1,0,0.6345411445987131,,,Utah_2020,Utah_CARBON
Utah,CARBON,49007,2022,,,,,0.33139990594137014,6379.0,1.0,2012.0,,0500000US49007,14765,1,0,,,0.4320352184219438,Utah_2022,Utah_CARBON
Utah,CARBON,49007,2024,0.2673372154579142,9445.0,,,,,1.0,2012.0,,0500000US49007,14765,1,0,0.6396884524212665,,,Utah_2024,Utah_CARBON
Utah,DAGGETT,49009,2020,0.17932148626817448,619.0,,,,,1.0,2012.0,,0500000US49009,440,1,0,1.4068181818181817,,,Utah_2020,Utah_DAGGETT
Utah,DAGGETT,49009,2022,,,,,0.2242798353909465,486.0,1.0,2012.0,,0500000US49009,440,1,0,,,1.1045454545454545,Utah_2022,Utah_DAGGETT
Utah,DAGGETT,49009,2024,0.18363636363636363,550.0,,,,,1.0,2012.0,,0500000US49009,440,1,0,1.25,,,Utah_2024,Utah_DAGGETT
Utah,DAVIS,49011,2020,0.33792048029665384,169895.0,,,,,1.0,2012.0,,0500000US49011,230825,1,0,0.7360337918336401,,,Utah_2020,Utah_DAVIS
Utah,DAVIS,49011,2022,,,,,0.4430368064702872,119191.0,1.0,2012.0,,0500000US49011,230825,1,0,,,0.5163695440268602,Utah_2022,Utah_DAVIS
Utah,DAVIS,49011,2024,0.35974701487158545,166492.0,,,,,1.0,2012.0,,0500000US49011,230825,1,0,0.7212910213365104,,,Utah_2024,Utah_DAVIS
Utah,DUCHESNE,49013,2020,0.09889723134678555,8524.0,,,,,1.0,2012.0,,0500000US49013,12870,1,0,0.6623154623154623,,,Utah_2020,Utah_DUCHESNE
Utah,DUCHESNE,49013,2022,,,,,0.14995067412035515,6082.0,1.0,2012.0,,0500000US49013,12870,1,0,,,0.47257187257187255,Utah_2022,Utah_DUCHESNE
Utah,DUCHESNE,49013,2024,0.11252369800379168,8967.0,,,,,1.0,2012.0,,0500000US49013,12870,1,0,0.6967365967365967,,,Utah_2024,Utah_DUCHESNE
Utah,EMERY,49015,2020,0.11757451181911614,4865.0,,,,,1.0,2012.0,,0500000US49015,6980,1,0,0.6969914040114613,,,Utah_2020,Utah_EMERY
Utah,EMERY,49015,2022,,,,,0.17884953529264003,3981.0,1.0,2012.0,,0500000US49015,6980,1,0,,,0.5703438395415473,Utah_2022,Utah_EMERY
Utah,EMERY,49015,2024,0.12033526242267012,5011.0,,,,,1.0,2012.0,,0500000US49015,6980,1,0,0.7179083094555874,,,Utah_2024,Utah_EMERY
Utah,GARFIELD,49017,2020,0.18814055636896046,2732.0,,,,,1.0,2012.0,,0500000US49017,3705,1,0,0.7373819163292847,,,Utah_2020,Utah_GARFIELD
Utah,GARFIELD,49017,2022,,,,,0.22462203023758098,2315.0,1.0,2012.0,,0500000US49017,3705,1,0,,,0.6248313090418354,Utah_2022,Utah_GARFIELD
Utah,GARFIELD,49017,2024,0.19245819992885094,2811.0,,,,,1.0,2012.0,,0500000US49017,3705,1,0,0.7587044534412956,,,Utah_2024,Utah_GARFIELD
Utah,GRAND,49019,2020,0.5411764705882353,5185.0,,,,,1.0,2012.0,,0500000US49019,7240,1,0,0.7161602209944752,,,Utah_2020,Utah_GRAND
Utah,GRAND,49019,2022,,,,,0.5602590793430489,4323.0,1.0,2012.0,,0500000US49019,7240,1,0,,,0.5970994475138122,Utah_2022,Utah_GRAND
Utah,GRAND,49019,2024,0.5335849056603773,5300.0,,,,,1.0,2012.0,,0500000US49019,7240,1,0,0.7320441988950276,,,Utah_2024,Utah_GRAND
Utah,IRON,49021,2020,0.196544797107272,24890.0,,,,,1.0,2012.0,,0500000US49021,36925,1,0,0.6740690589031821,,,Utah_2020,Utah_IRON
Utah,IRON,49021,2022,,,,,0.22514690010792662,16678.0,1.0,2012.0,,0500000US49021,36925,1,0,,,0.4516723087339201,Utah_2022,Utah_IRON
Utah,IRON,49021,2024,0.20386712584301908,27876.0,,,,,1.0,2012.0,,0500000US49021,36925,1,0,0.7549356804333107,,,Utah_2024,Utah_IRON
Utah,JUAB,49023,2020,0.10995567678145243,5866.0,,,,,1.0,2012.0,,0500000US49023,7505,1,0,0.7816122584943371,,,Utah_2020,Utah_JUAB
Utah,JUAB,49023,2022,,,,,0.15521739130434783,4600.0,1.0,2012.0,,0500000US49023,7505,1,0,,,0.6129247168554297,Utah_2022,Utah_JUAB
Utah,JUAB,49023,2024,0.1126112304387849,6518.0,,,,,1.0,2012.0,,0500000US49023,7505,1,0,0.868487674883411,,,Utah_2024,Utah_JUAB
Utah,KANE,49025,2020,0.2590909090909091,4180.0,,,,,1.0,2012.0,,0500000US49025,5945,1,0,0.703111858704794,,,Utah_2020,Utah_KANE
Utah,KANE,49025,2022,,,,,0.270362960845956,3499.0,1.0,2012.0,,0500000US49025,5945,1,0,,,0.5885618166526493,Utah_2022,Utah_KANE
Utah,KANE,49025,2024,0.2534551939366919,4486.0,,,,,1.0,2012.0,,0500000US49025,5945,1,0,0.7545836837678722,,,Utah_2024,Utah_KANE
Utah,MILLARD,49027,2020,0.1012987012987013,6160.0,,,,,1.0,2012.0,,0500000US49027,8470,1,0,0.7272727272727273,,,Utah_2020,Utah_MILLARD
Utah,MILLARD,49027,2022,,,,,0.14076305220883534,4980.0,1.0,2012.0,,0500000US49027,8470,1,0,,,0.5879574970484062,Utah_2022,Utah_MILLARD
Utah,MILLARD,49027,2024,0.11166797180892718,6385.0,,,,,1.0,2012.0,,0500000US49027,8470,1,0,0.7538370720188902,,,Utah_2024,Utah_MILLARD
Utah,MORGAN,49029,2020,0.16676904176904178,6512.0,,,,,1.0,2012.0,,0500000US49029,7660,1,0,0.850130548302872,,,Utah_2020,Utah_MORGAN
Utah,MORGAN,49029,2022,,,,,0.27035636074059327,5023.0,1.0,2012.0,,0500000US49029,7660,1,0,,,0.6557441253263707,Utah_2022,Utah_MORGAN
Utah,MORGAN,49029,2024,0.18588130827290217,6757.0,,,,,1.0,2012.0,,0500000US49029,7660,1,0,0.8821148825065274,,,Utah_2024,Utah_MORGAN
Utah,PIUTE,49031,2020,0.09873708381171067,871.0,,,,,1.0,2012.0,,0500000US49031,1460,1,0,0.5965753424657534,,,Utah_2020,Utah_PIUTE
Utah,PIUTE,49031,2022,,,,,0.10594315245478036,774.0,1.0,2012.0,,0500000US49031,1460,1,0,,,0.5301369863013699,Utah_2022,Utah_PIUTE
Utah,PIUTE,49031,2024,0.0976116303219107,963.0,,,,,1.0,2012.0,,0500000US49031,1460,1,0,0.6595890410958904,,,Utah_2024,Utah_PIUTE
Utah,RICH,49033,2020,0.13206162876008803,1363.0,,,,,1.0,2012.0,,0500000US49033,1530,1,0,0.8908496732026144,,,Utah_2020,Utah_RICH
Utah,RICH,49033,2022,,,,,0.1961904761904762,1050.0,1.0,2012.0,,0500000US49033,1530,1,0,,,0.6862745098039216,Utah_2022,Utah_RICH
Utah,RICH,49033,2024,0.14789219073946094,1447.0,,,,,1.0,2012.0,,0500000US49033,1530,1,0,0.9457516339869281,,,Utah_2024,Utah_RICH
Utah,SALT LAKE,49035,2020,0.5356973252644708,541175.0,,,,,1.0,2012.0,,0500000US49035,755605,1,0,0.7162141595145611,,,Utah_2020,Utah_SALT LAKE
Utah,SALT LAKE,49035,2022,,,,,0.6012090494350982,363426.0,1.0,2012.0,,0500000US49035,755605,1,0,,,0.4809735245267038,Utah_2022,Utah_SALT LAKE
Utah,SALT LAKE,49035,2024,0.5371193267018913,509492.0,,,,,1.0,2012.0,,0500000US49035,755605,1,0,0.6742835211519246,,,Utah_2024,Utah_SALT LAKE
Utah,SAN JUAN,49037,2020,0.4526025007269555,6878.0,,,,,1.0,2012.0,,0500000US49037,10570,1,0,0.6507095553453169,,,Utah_2020,Utah_SAN JUAN
Utah,SAN JUAN,49037,2022,,,,,0.3679302655584837,4933.0,1.0,2012.0,,0500000US49037,10570,1,0,,,0.4666982024597919,Utah_2022,Utah_SAN JUAN
Utah,SAN JUAN,49037,2024,0.4078697850821745,6328.0,,,,,1.0,2012.0,,0500000US49037,10570,1,0,0.5986754966887418,,,Utah_2024,Utah_SAN JUAN
Utah,SANPETE,49039,2020,0.14203150977753148,12631.0,,,,,1.0,2012.0,,0500000US49039,21715,1,0,0.5816716555376468,,,Utah_2020,Utah_SANPETE
Utah,SANPETE,49039,2022,,,,,0.19628374910173493,9741.0,1.0,2012.0,,0500000US49039,21715,1,0,,,0.4485839281602579,Utah_2022,Utah_SANPETE
Utah,SANPETE,49039,2024,0.147261067758634,12943.0,,,,,1.0,2012.0,,0500000US49039,21715,1,0,0.596039603960396,,,Utah_2024,Utah_SANPETE
Utah,SEVIER,49041,2020,0.10460291421403069,10363.0,,,,,1.0,2012.0,,0500000US49041,14960,1,0,0.6927139037433155,,,Utah_2020,Utah_SEVIER
Utah,SEVIER,49041,2022,,,,,0.15232050773502578,7563.0,1.0,2012.0,,0500000US49041,14960,1,0,,,0.5055481283422459,Utah_2022,Utah_SEVIER
Utah,SEVIER,49041,2024,0.11312465678198792,10926.0,,,,,1.0,2012.0,,0500000US49041,14960,1,0,0.7303475935828877,,,Utah_2024,Utah_SEVIER
Utah,SUMMIT,49043,2020,0.5843299601349279,26088.0,,,,,1.0,2012.0,,0500000US49043,29350,1,0,0.8888586030664395,,,Utah_2020,Utah_SUMMIT
Utah,SUMMIT,49043,2022,,,,,0.6278655119714722,19630.0,1.0,2012.0,,0500000US49043,29350,1,0,,,0.668824531516184,Utah_2022,Utah_SUMMIT
Utah,SUMMIT,49043,2024,0.56469315195548,25876.0,,,,,1.0,2012.0,,0500000US49043,29350,1,0,0.8816354344122658,,,Utah_2024,Utah_SUMMIT
Utah,TOOELE,49045,2020,0.2837426232628974,31518.0,,,,,1.0,2012.0,,0500000US49045,45615,1,0,0.6909569220651102,,,Utah_2020,Utah_TOOELE
Utah,TOOELE,49045,2022,,,,,0.3589510020136159,20858.0,1.0,2012.0,,0500000US49045,45615,1,0,,,0.45726186561438126,Utah_2022,Utah_TOOELE
Utah,TOOELE,49045,2024,0.28127574438036956,33988.0,,,,,1.0,2012.0,,0500000US49045,45615,1,0,0.7451057766085717,,,Utah_2024,Utah_TOOELE
Utah,UINTAH,49047,2020,0.10864310446201085,15307.0,,,,,1.0,2012.0,,0500000US49047,23570,1,0,0.6494272380144251,,,Utah_2020,Utah_UINTAH
Utah,UINTAH,49047,2022,,,,,0.14898700305810397,10464.0,1.0,2012.0,,0500000US49047,23570,1,0,,,0.44395417904115403,Utah_2022,Utah_UINTAH
Utah,UINTAH,49047,2024,0.12330238140357526,15831.0,,,,,1.0,2012.0,,0500000US49047,23570,1,0,0.6716588884174799,,,Utah_2024,Utah_UINTAH
Utah,UTAH,49049,2020,0.2672701068616423,284480.0,,,,,1.0,2012.0,,0500000US49049,390250,1,0,0.7289686098654709,,,Utah_2020,Utah_UTAH
Utah,UTAH,49049,2022,,,,,0.36239678128166797,199334.0,1.0,2012.0,,0500000US49049,390250,1,0,,,0.5107853939782191,Utah_2022,Utah_UTAH
Utah,UTAH,49049,2024,0.2850770614612142,297944.0,,,,,1.0,2012.0,,0500000US49049,390250,1,0,0.7634695707879564,,,Utah_2024,Utah_UTAH
Utah,WASATCH,49051,2020,0.3519139980660941,17581.0,,,,,1.0,2012.0,,0500000US49051,21520,1,0,0.816960966542751,,,Utah_2020,Utah_WASATCH
Utah,WASATCH,49051,2022,,,,,0.4235303302365524,12809.0,1.0,2012.0,,0500000US49051,21520,1,0,,,0.5952137546468401,Utah_2022,Utah_WASATCH
Utah,WASATCH,49051,2024,0.35191238966982674,18354.0,,,,,1.0,2012.0,,0500000US49051,21520,1,0,0.8528810408921933,,,Utah_2024,Utah_WASATCH
Utah,WASHINGTON,49053,2020,0.22691100402316636,90476.0,,,,,1.0,2012.0,,0500000US49053,122420,1,0,0.739062244731253,,,Utah_2020,Utah_WASHINGTON
Utah,WASHINGTON,49053,2022,,,,,0.26464898967354106,67206.0,1.0,2012.0,,0500000US49053,122420,1,0,,,0.5489789250122529,Utah_2022,Utah_WASHINGTON
Utah,WASHINGTON,49053,2024,0.22960007404131916,97243.0,,,,,1.0,2012.0,,0500000US49053,122420,1,0,0.7943391602679301,,,Utah_2024,Utah_WASHINGTON
Utah,WAYNE,49055,2020,0.22516964836520667,1621.0,,,,,1.0,2012.0,,0500000US49055,1880,1,0,0.8622340425531915,,,Utah_2020,Utah_WAYNE
Utah,WAYNE,49055,2022,,,,,0.2821210061182869,1471.0,1.0,2012.0,,0500000US49055,1880,1,0,,,0.7824468085106383,Utah_2022,Utah_WAYNE
Utah,WAYNE,49055,2024,0.23076923076923078,1651.0,,,,,1.0,2012.0,,0500000US49055,1880,1,0,0.8781914893617021,,,Utah_2024,Utah_WAYNE
Utah,WEBER,49057,2020,0.3651675310924068,111442.0,,,,,1.0,2012.0,,0500000US49057,174590,1,0,0.6383068904290051,,,Utah_2020,Utah_WEBER
Utah,WEBER,49057,2022,,,,,0.42669778360082977,73272.0,1.0,2012.0,,0500000US49057,174590,1,0,,,0.4196803940660977,Utah_2022,Utah_WEBER
Utah,WEBER,49057,2024,0.36814055009507485,112017.0,,,,,1.0,2012.0,,0500000US49057,174590,1,0,0.6416003207514749,,,Utah_2024,Utah_WEBER
Washington,ADAMS,53001,2020,0.3094506994199932,5862.0,,,,,1.0,2011.0,,0500000US53001,9200,1,0,0.6371739130434783,,,Washington_2020,Washington_ADAMS
Washington,ADAMS,53001,2022,,,,,0.23525127458120904,4119.0,1.0,2011.0,,0500000US53001,9200,1,0,,,0.44771739130434784,Washington_2022,Washington_ADAMS
Washington,ADAMS,53001,2024,0.2722170252572498,5345.0,,,,,1.0,2011.0,,0500000US53001,9200,1,0,0.5809782608695652,,,Washington_2024,Washington_ADAMS
Washington,ASOTIN,53003,2020,0.35561877667140823,11951.0,,,,,1.0,2011.0,,0500000US53003,17585,1,0,0.6796133067955644,,,Washington_2020,Washington_ASOTIN
Washington,ASOTIN,53003,2022,,,,,0.3532481954469739,9005.0,1.0,2011.0,,0500000US53003,17585,1,0,,,0.5120841626386125,Washington_2022,Washington_ASOTIN
Washington,ASOTIN,53003,2024,0.3581958581958582,11396.0,,,,,1.0,2011.0,,0500000US53003,17585,1,0,0.6480523173158942,,,Washington_2024,Washington_ASOTIN
Washington,BENTON,53005,2020,0.3756660487416653,103033.0,,,,,1.0,2011.0,,0500000US53005,135220,1,0,0.761965685549475,,,Washington_2020,Washington_BENTON
Washington,BENTON,53005,2022,,,,,0.337877041688193,75489.0,1.0,2011.0,,0500000US53005,135220,1,0,,,0.5582680076911699,Washington_2022,Washington_BENTON
Washington,BENTON,53005,2024,0.3768197144486578,99947.0,,,,,1.0,2011.0,,0500000US53005,135220,1,0,0.7391436178080165,,,Washington_2024,Washington_BENTON
Washington,CHELAN,53007,2020,0.44679721054819194,43306.0,,,,,1.0,2011.0,,0500000US53007,52830,1,0,0.8197236418701496,,,Washington_2020,Washington_CHELAN
Washington,CHELAN,53007,2022,,,,,0.4203967000175531,34182.0,1.0,2011.0,,0500000US53007,52830,1,0,,,0.6470187393526405,Washington_2022,Washington_CHELAN
Washington,CHELAN,53007,2024,0.4391425775189172,41893.0,,,,,1.0,2011.0,,0500000US53007,52830,1,0,0.7929774749195533,,,Washington_2024,Washington_CHELAN
Washington,CLALLAM,53009,2020,0.5018065930496914,49264.0,,,,,1.0,2011.0,,0500000US53009,62080,1,0,0.7935567010309278,,,Washington_2020,Washington_CLALLAM
Washington,CLALLAM,53009,2022,,,,,0.5172079134005226,40185.0,1.0,2011.0,,0500000US53009,62080,1,0,,,0.6473099226804123,Washington_2022,Washington_CLALLAM
Washington,CLALLAM,53009,2024,0.5257284562926224,48390.0,,,,,1.0,2011.0,,0500000US53009,62080,1,0,0.7794780927835051,,,Washington_2024,Washington_CLALLAM
Washington,CLARK,53011,2020,0.5095224089788419,275403.0,,,,,1.0,2011.0,,0500000US53011,347085,1,0,0.793474221012144,,,Washington_2020,Washington_CLARK
Washington,CLARK,53011,2022,,,,,0.5117021017510534,205305.0,1.0,2011.0,,0500000US53011,347085,1,0,,,0.5915121656078483,Washington_2022,Washington_CLARK
Washington,CLARK,53011,2024,0.5211375752833931,274795.0,,,,,1.0,2011.0,,0500000US53011,347085,1,0,0.7917224887275451,,,Washington_2024,Washington_CLARK
Washington,COLUMBIA,53013,2020,0.26773547094188377,2495.0,,,,,1.0,2011.0,,0500000US53013,3185,1,0,0.783359497645212,,,Washington_2020,Washington_COLUMBIA
Washington,COLUMBIA,53013,2022,,,,,0.28542713567839195,1990.0,1.0,2011.0,,0500000US53013,3185,1,0,,,0.6248037676609105,Washington_2022,Washington_COLUMBIA
Washington,COLUMBIA,53013,2024,0.26696284329563813,2476.0,,,,,1.0,2011.0,,0500000US53013,3185,1,0,0.7773940345368917,,,Washington_2024,Washington_COLUMBIA
Washington,COWLITZ,53015,2020,0.3971134704711347,60280.0,,,,,1.0,2011.0,,0500000US53015,81755,1,0,0.7373249342547856,,,Washington_2020,Washington_COWLITZ
Washington,COWLITZ,53015,2022,,,,,0.3885262337083658,44885.0,1.0,2011.0,,0500000US53015,81755,1,0,,,0.5490184086600208,Washington_2022,Washington_COWLITZ
Washington,COWLITZ,53015,2024,0.3867333107421213,59020.0,,,,,1.0,2011.0,,0500000US53015,81755,1,0,0.721913032842028,,,Washington_2024,Washington_COWLITZ
Washington,DOUGLAS,53017,2020,0.3665759339215318,21308.0,,,,,1.0,2011.0,,0500000US53017,27045,1,0,0.787872065076724,,,Washington_2020,Washington_DOUGLAS
Washington,DOUGLAS,53017,2022,,,,,0.32802686400099496,16081.0,1.0,2011.0,,0500000US53017,27045,1,0,,,0.5946015899426881,Washington_2022,Washington_DOUGLAS
Washington,DOUGLAS,53017,2024,0.35170155204328635,21069.0,,,,,1.0,2011.0,,0500000US53017,27045,1,0,0.7790349417637271,,,Washington_2024,Washington_DOUGLAS
Washington,FERRY,53019,2020,0.34027936798717656,4367.0,,,,,1.0,2011.0,,0500000US53019,6355,1,0,0.6871754523996852,,,Washington_2020,Washington_FERRY
Washington,FERRY,53019,2022,,,,,0.31103286384976525,3408.0,1.0,2011.0,,0500000US53019,6355,1,0,,,0.5362706530291109,Washington_2022,Washington_FERRY
Washington,FERRY,53019,2024,0.321044921875,4096.0,,,,,1.0,2011.0,,0500000US53019,6355,1,0,0.6445318646734854,,,Washington_2024,Washington_FERRY
Washington,FRANKLIN,53021,2020,0.4116775706702876,32404.0,,,,,1.0,2011.0,,0500000US53021,50230,1,0,0.6451124825801314,,,Washington_2020,Washington_FRANKLIN
Washington,FRANKLIN,53021,2022,,,,,0.317858598668418,22079.0,1.0,2011.0,,0500000US53021,50230,1,0,,,0.4395580330479793,Washington_2022,Washington_FRANKLIN
Washington,FRANKLIN,53021,2024,0.3744289360093261,31739.0,,,,,1.0,2011.0,,0500000US53021,50230,1,0,0.6318733824407724,,,Washington_2024,Washington_FRANKLIN
Washington,GARFIELD,53023,2020,0.2458025520483546,1489.0,,,,,1.0,2011.0,,0500000US53023,1725,1,0,0.8631884057971014,,,Washington_2020,Washington_GARFIELD
Washington,GARFIELD,53023,2022,,,,,0.23909657320872274,1284.0,1.0,2011.0,,0500000US53023,1725,1,0,,,0.7443478260869565,Washington_2022,Washington_GARFIELD
Washington,GARFIELD,53023,2024,0.2457185405807893,1343.0,,,,,1.0,2011.0,,0500000US53023,1725,1,0,0.7785507246376812,,,Washington_2024,Washington_GARFIELD
Washington,GRANT,53025,2020,0.31366772823779193,37680.0,,,,,1.0,2011.0,,0500000US53025,56825,1,0,0.6630884293884733,,,Washington_2020,Washington_GRANT
Washington,GRANT,53025,2022,,,,,0.2690671641791045,26800.0,1.0,2011.0,,0500000US53025,56825,1,0,,,0.471623405191377,Washington_2022,Washington_GRANT
Washington,GRANT,53025,2024,0.2995924478083673,36069.0,,,,,1.0,2011.0,,0500000US53025,56825,1,0,0.6347382314122305,,,Washington_2024,Washington_GRANT
Washington,GRAYS HARBOR,53027,2020,0.45144507166827086,38441.0,,,,,1.0,2011.0,,0500000US53027,56970,1,0,0.674758644900825,,,Washington_2020,Washington_GRAYS HARBOR
Washington,GRAYS HARBOR,53027,2022,,,,,0.46405385088498596,29266.0,1.0,2011.0,,0500000US53027,56970,1,0,,,0.5137089696331403,Washington_2022,Washington_GRAYS HARBOR
Washington,GRAYS HARBOR,53027,2024,0.45594877517402627,37638.0,,,,,1.0,2011.0,,0500000US53027,56970,1,0,0.6606635071090048,,,Washington_2024,Washington_GRAYS HARBOR
Washington,ISLAND,53029,2020,0.541733889661567,53925.0,,,,,1.0,2011.0,,0500000US53029,66905,1,0,0.8059935729766087,,,Washington_2020,Washington_ISLAND
Washington,ISLAND,53029,2022,,,,,0.5512745896868816,42955.0,1.0,2011.0,,0500000US53029,66905,1,0,,,0.6420297436663926,Washington_2022,Washington_ISLAND
Washington,ISLAND,53029,2024,0.5683149303888623,52075.0,,,,,1.0,2011.0,,0500000US53029,66905,1,0,0.7783424258276661,,,Washington_2024,Washington_ISLAND
Washington,JEFFERSON,53031,2020,0.6939335269441755,24792.0,,,,,1.0,2011.0,,0500000US53031,27385,1,0,0.905313127624612,,,Washington_2020,Washington_JEFFERSON
Washington,JEFFERSON,53031,2022,,,,,0.7076341290475066,21155.0,1.0,2011.0,,0500000US53031,27385,1,0,,,0.772503195179843,Washington_2022,Washington_JEFFERSON
Washington,JEFFERSON,53031,2024,0.710524173856422,24572.0,,,,,1.0,2011.0,,0500000US53031,27385,1,0,0.8972795325908344,,,Washington_2024,Washington_JEFFERSON
Washington,KING,53033,2020,0.7495289163961877,1210507.0,,,,,1.0,2011.0,,0500000US53033,1524945,1,0,0.7938037109535098,,,Washington_2020,Washington_KING
Washington,KING,53033,2022,,,,,0.752185323043108,888999.0,1.0,2011.0,,0500000US53033,1524945,1,0,,,0.5829711891248537,Washington_2022,Washington_KING
Washington,KING,53033,2024,0.741490861453707,1122881.0,,,,,1.0,2011.0,,0500000US53033,1524945,1,0,0.7363419664315762,,,Washington_2024,Washington_KING
Washington,KITSAP,53035,2020,0.5689535645860644,158672.0,,,,,1.0,2011.0,,0500000US53035,207375,1,0,0.7651452682338759,,,Washington_2020,Washington_KITSAP
Washington,KITSAP,53035,2022,,,,,0.5763889453198008,123061.0,1.0,2011.0,,0500000US53035,207375,1,0,,,0.5934225437010248,Washington_2022,Washington_KITSAP
Washington,KITSAP,53035,2024,0.5884228284785077,155893.0,,,,,1.0,2011.0,,0500000US53035,207375,1,0,0.7517444243520193,,,Washington_2024,Washington_KITSAP
Washington,KITTITAS,53037,2020,0.43320436959490216,26364.0,,,,,1.0,2011.0,,0500000US53037,38015,1,0,0.6935157174799421,,,Washington_2020,Washington_KITTITAS
Washington,KITTITAS,53037,2022,,,,,0.40059718743979966,20764.0,1.0,2011.0,,0500000US53037,38015,1,0,,,0.5462054452189925,Washington_2022,Washington_KITTITAS
Washington,KITTITAS,53037,2024,0.4108860085902163,26309.0,,,,,1.0,2011.0,,0500000US53037,38015,1,0,0.6920689201630935,,,Washington_2024,Washington_KITTITAS
Washington,KLICKITAT,53039,2020,0.4394542772861357,13560.0,,,,,1.0,2011.0,,0500000US53039,16555,1,0,0.8190878888553307,,,Washington_2020,Washington_KLICKITAT
Washington,KLICKITAT,53039,2022,,,,,0.41951560723966075,11437.0,1.0,2011.0,,0500000US53039,16555,1,0,,,0.6908486861975234,Washington_2022,Washington_KLICKITAT
Washington,KLICKITAT,53039,2024,0.43742145338951727,13527.0,,,,,1.0,2011.0,,0500000US53039,16555,1,0,0.8170945333736032,,,Washington_2024,Washington_KLICKITAT
Washington,LEWIS,53041,2020,0.32046613255644574,45309.0,,,,,1.0,2011.0,,0500000US53041,60015,1,0,0.7549612596850788,,,Washington_2020,Washington_LEWIS
Washington,LEWIS,53041,2022,,,,,0.3143938332165382,35675.0,1.0,2011.0,,0500000US53041,60015,1,0,,,0.5944347246521703,Washington_2022,Washington_LEWIS
Washington,LEWIS,53041,2024,0.31993704557545666,45112.0,,,,,1.0,2011.0,,0500000US53041,60015,1,0,0.7516787469799217,,,Washington_2024,Washington_LEWIS
Washington,LINCOLN,53043,2020,0.24356604578416038,7033.0,,,,,1.0,2011.0,,0500000US53043,8370,1,0,0.84026284348865,,,Washington_2020,Washington_LINCOLN
Washington,LINCOLN,53043,2022,,,,,0.23497818059751593,5958.0,1.0,2011.0,,0500000US53043,8370,1,0,,,0.7118279569892473,Washington_2022,Washington_LINCOLN
Washington,LINCOLN,53043,2024,0.23610524834670044,7107.0,,,,,1.0,2011.0,,0500000US53043,8370,1,0,0.8491039426523298,,,Washington_2024,Washington_LINCOLN
Washington,MASON,53045,2020,0.462938637643085,37303.0,,,,,1.0,2011.0,,0500000US53045,50255,1,0,0.7422744005571585,,,Washington_2020,Washington_MASON
Washington,MASON,53045,2022,,,,,0.46878083636734835,29389.0,1.0,2011.0,,0500000US53045,50255,1,0,,,0.5847975325838225,Washington_2022,Washington_MASON
Washington,MASON,53045,2024,0.4716179935346008,36502.0,,,,,1.0,2011.0,,0500000US53045,50255,1,0,0.7263356879912447,,,Washington_2024,Washington_MASON
Washington,OKANOGAN,53047,2020,0.4181937787801898,21282.0,,,,,1.0,2011.0,,0500000US53047,29410,1,0,0.7236314178850731,,,Washington_2020,Washington_OKANOGAN
Washington,OKANOGAN,53047,2022,,,,,0.395419187554019,16198.0,1.0,2011.0,,0500000US53047,29410,1,0,,,0.5507650459027542,Washington_2022,Washington_OKANOGAN
Washington,OKANOGAN,53047,2024,0.4106320027162051,20617.0,,,,,1.0,2011.0,,0500000US53047,29410,1,0,0.7010200612036722,,,Washington_2024,Washington_OKANOGAN
Washington,PACIFIC,53049,2020,0.4830773606370876,14064.0,,,,,1.0,2011.0,,0500000US53049,17915,1,0,0.7850404688808261,,,Washington_2020,Washington_PACIFIC
Washington,PACIFIC,53049,2022,,,,,0.48862758561496866,11651.0,1.0,2011.0,,0500000US53049,17915,1,0,,,0.6503488696622942,Washington_2022,Washington_PACIFIC
Washington,PACIFIC,53049,2024,0.48137960220059245,14178.0,,,,,1.0,2011.0,,0500000US53049,17915,1,0,0.7914038515210717,,,Washington_2024,Washington_PACIFIC
Washington,PEND OREILLE,53051,2020,0.3031684788962937,8553.0,,,,,1.0,2011.0,,0500000US53051,10855,1,0,0.7879318286503916,,,Washington_2020,Washington_PEND OREILLE
Washington,PEND OREILLE,53051,2022,,,,,,,1.0,2011.0,,0500000US53051,10855,1,0,,,,Washington_2022,Washington_PEND OREILLE
Washington,PEND OREILLE,53051,2024,0.2896316346945981,8497.0,,,,,1.0,2011.0,,0500000US53051,10855,1,0,0.7827729157070474,,,Washington_2024,Washington_PEND OREILLE
Washington,PIERCE,53053,2020,0.537634593960968,464081.0,,,,,1.0,2011.0,,0500000US53053,647820,1,0,0.716373375320305,,,Washington_2020,Washington_PIERCE
Washington,PIERCE,53053,2022,,,,,0.5284496180165827,331428.0,1.0,2011.0,,0500000US53053,647820,1,0,,,0.5116050754839307,Washington_2022,Washington_PIERCE
Washington,PIERCE,53053,2024,0.5385323516951578,436685.0,,,,,1.0,2011.0,,0500000US53053,647820,1,0,0.6740838504522861,,,Washington_2024,Washington_PIERCE
Washington,SAN JUAN,53055,2020,0.7369099037660074,13197.0,,,,,1.0,2011.0,,0500000US53055,14070,1,0,0.937953091684435,,,Washington_2020,Washington_SAN JUAN
Washington,SAN JUAN,53055,2022,,,,,0.729861172517464,11309.0,1.0,2011.0,,0500000US53055,14070,1,0,,,0.8037668798862829,Washington_2022,Washington_SAN JUAN
Washington,SAN JUAN,53055,2024,0.7372285338897906,12939.0,,,,,1.0,2011.0,,0500000US53055,14070,1,0,0.9196162046908316,,,Washington_2024,Washington_SAN JUAN
Washington,SKAGIT,53057,2020,0.5209811639404546,73423.0,,,,,1.0,2011.0,,0500000US53057,93170,1,0,0.7880540946656649,,,Washington_2020,Washington_SKAGIT
Washington,SKAGIT,53057,2022,,,,,0.5169567747738215,56703.0,1.0,2011.0,,0500000US53057,93170,1,0,,,0.6085971879360309,Washington_2022,Washington_SKAGIT
Washington,SKAGIT,53057,2024,0.5291750791127913,69837.0,,,,,1.0,2011.0,,0500000US53057,93170,1,0,0.7495653107223356,,,Washington_2024,Washington_SKAGIT
Washington,SKAMANIA,53059,2020,0.4365426695842451,7312.0,,,,,1.0,2011.0,,0500000US53059,9475,1,0,0.7717150395778364,,,Washington_2020,Washington_SKAMANIA
Washington,SKAMANIA,53059,2022,,,,,0.42128959639813474,6219.0,1.0,2011.0,,0500000US53059,9475,1,0,,,0.6563588390501319,Washington_2022,Washington_SKAMANIA
Washington,SKAMANIA,53059,2024,0.4302707136997539,7314.0,,,,,1.0,2011.0,,0500000US53059,9475,1,0,0.7719261213720316,,,Washington_2024,Washington_SKAMANIA
Washington,SNOHOMISH,53061,2020,0.5850737016745823,438796.0,,,,,1.0,2011.0,,0500000US53061,569890,1,0,0.7699661338152977,,,Washington_2020,Washington_SNOHOMISH
Washington,SNOHOMISH,53061,2022,,,,,0.5767814977560244,319745.0,1.0,2011.0,,0500000US53061,569890,1,0,,,0.5610644159399182,Washington_2022,Washington_SNOHOMISH
Washington,SNOHOMISH,53061,2024,0.5780962952083539,415327.0,,,,,1.0,2011.0,,0500000US53061,569890,1,0,0.7287845022723684,,,Washington_2024,Washington_SNOHOMISH
Washington,SPOKANE,53063,2020,0.4595504857326609,295430.0,,,,,1.0,2011.0,,0500000US53063,389100,1,0,0.7592649704446158,,,Washington_2020,Washington_SPOKANE
Washington,SPOKANE,53063,2022,,,,,0.4555606817194963,221088.0,1.0,2011.0,,0500000US53063,389100,1,0,,,0.5682035466461064,Washington_2022,Washington_SPOKANE
Washington,SPOKANE,53063,2024,0.460288884677742,284958.0,,,,,1.0,2011.0,,0500000US53063,389100,1,0,0.7323515805705474,,,Washington_2024,Washington_SPOKANE
Washington,STEVENS,53065,2020,0.2757298628209638,28430.0,,,,,1.0,2011.0,,0500000US53065,35165,1,0,0.8084743352765534,,,Washington_2020,Washington_STEVENS
Washington,STEVENS,53065,2022,,,,,0.2654747333449904,22876.0,1.0,2011.0,,0500000US53065,35165,1,0,,,0.650533200625622,Washington_2022,Washington_STEVENS
Washington,STEVENS,53065,2024,0.26666666666666666,28095.0,,,,,1.0,2011.0,,0500000US53065,35165,1,0,0.7989478174321057,,,Washington_2024,Washington_STEVENS
Washington,THURSTON,53067,2020,0.5745893156648864,168134.0,,,,,1.0,2011.0,,0500000US53067,215120,1,0,0.7815823726292302,,,Washington_2020,Washington_THURSTON
Washington,THURSTON,53067,2022,,,,,0.5819754912485785,125751.0,1.0,2011.0,,0500000US53067,215120,1,0,,,0.5845621048716995,Washington_2022,Washington_THURSTON
Washington,THURSTON,53067,2024,0.5846049487585326,163637.0,,,,,1.0,2011.0,,0500000US53067,215120,1,0,0.7606777612495351,,,Washington_2024,Washington_THURSTON
Washington,WAHKIAKUM,53069,2020,0.39080845353908084,2981.0,,,,,1.0,2011.0,,0500000US53069,3460,1,0,0.8615606936416185,,,Washington_2020,Washington_WAHKIAKUM
Washington,WAHKIAKUM,53069,2022,,,,,0.3936669272869429,2558.0,1.0,2011.0,,0500000US53069,3460,1,0,,,0.7393063583815029,Washington_2022,Washington_WAHKIAKUM
Washington,WAHKIAKUM,53069,2024,0.39436619718309857,3053.0,,,,,1.0,2011.0,,0500000US53069,3460,1,0,0.8823699421965318,,,Washington_2024,Washington_WAHKIAKUM
Washington,WALLA WALLA,53071,2020,0.4379258501007645,31261.0,,,,,1.0,2011.0,,0500000US53071,44995,1,0,0.6947660851205689,,,Washington_2020,Washington_WALLA WALLA
Washington,WALLA WALLA,53071,2022,,,,,0.41442037373904417,24188.0,1.0,2011.0,,0500000US53071,44995,1,0,,,0.5375708412045783,Washington_2022,Washington_WALLA WALLA
Washington,WALLA WALLA,53071,2024,0.4461920811629728,29373.0,,,,,1.0,2011.0,,0500000US53071,44995,1,0,0.6528058673185909,,,Washington_2024,Washington_WALLA WALLA
Washington,WHATCOM,53073,2020,0.6035204155244553,138620.0,,,,,1.0,2011.0,,0500000US53073,170360,1,0,0.8136886593096971,,,Washington_2020,Washington_WHATCOM
Washington,WHATCOM,53073,2022,,,,,0.5942083828882402,110988.0,1.0,2011.0,,0500000US53073,170360,1,0,,,0.6514909603193237,Washington_2022,Washington_WHATCOM
Washington,WHATCOM,53073,2024,0.60796607447849,137006.0,,,,,1.0,2011.0,,0500000US53073,170360,1,0,0.8042146043672224,,,Washington_2024,Washington_WHATCOM
Washington,WHITMAN,53075,2020,0.529395058222096,21126.0,,,,,1.0,2011.0,,0500000US53075,38685,1,0,0.5461031407522295,,,Washington_2020,Washington_WHITMAN
Washington,WHITMAN,53075,2022,,,,,0.501840490797546,15485.0,1.0,2011.0,,0500000US53075,38685,1,0,,,0.40028434793847745,Washington_2022,Washington_WHITMAN
Washington,WHITMAN,53075,2024,0.528092718568909,19845.0,,,,,1.0,2011.0,,0500000US53075,38685,1,0,0.5129895308259015,,,Washington_2024,Washington_WHITMAN
Washington,YAKIMA,53077,2020,0.4488788165459025,96193.0,,,,,1.0,2011.0,,0500000US53077,147260,1,0,0.6532187966861334,,,Washington_2020,Washington_YAKIMA
Washington,YAKIMA,53077,2022,,,,,0.35934311224489796,62720.0,1.0,2011.0,,0500000US53077,147260,1,0,,,0.4259133505364661,Washington_2022,Washington_YAKIMA
Washington,YAKIMA,53077,2024,0.4157906660625283,88280.0,,,,,1.0,2011.0,,0500000US53077,147260,1,0,0.5994839060165693,,,Washington_2024,Washington_YAKIMA
