state_name,county_fips,county_name,votes_gop,votes_dem,total_votes,diff,per_gop,per_dem,per_point_diff,year
California,6001,Alameda County,136309,617659,769864,-481350.0,0.1770559475439818,0.8022962497272246,-0.6252403021832428,2020
California,6003,Alpine County,244,476,741,-232.0,0.3292847503373819,0.6423751686909581,-0.3130904183535762,2020
California,6005,Amador County,13585,8153,22302,5432.0,0.6091381938839566,0.3655725943861537,0.2435655994978029,2020
California,6007,Butte County,48730,50426,102042,-1696.0,0.4775484604378589,0.4941690676388154,-0.0166206072009564,2020
California,6009,Calaveras County,16518,10046,27164,6472.0,0.6080842291267855,0.369827713149757,0.2382565159770284,2020
California,6011,Colusa County,4554,3234,7951,1320.0,0.5727581436297321,0.4067412904037228,0.1660168532260093,2020
California,6013,Contra Costa County,152877,416386,581230,-263509.0,0.2630232438105397,0.716387660650689,-0.4533644168401493,2020
California,6015,Del Norte County,6461,4677,11452,1784.0,0.5641809290953546,0.4084002794271743,0.1557806496681802,2020
California,6017,El Dorado County,61838,51621,116138,10217.0,0.5324527717026296,0.4444798429454614,0.0879729287571681,2020
California,6019,Fresno County,164464,193025,364809,-28561.0,0.4508222110748364,0.5291124944834146,-0.0782902834085781,2020
California,6021,Glenn County,7063,3995,11292,3068.0,0.625487070492384,0.3537902940134608,0.2716967764789231,2020
California,6023,Humboldt County,21770,44768,68828,-22998.0,0.3162956936130645,0.6504329633288778,-0.3341372697158133,2020
California,6025,Imperial County,20847,34678,56718,-13831.0,0.3675552734581614,0.6114108395923693,-0.2438555661342079,2020
California,6027,Inyo County,4620,4634,9481,-14.0,0.4872903702141124,0.4887670076996097,-0.0014766374854973,2020
California,6029,Kern County,164484,133366,305226,31118.0,0.5388924927758448,0.4369418070544449,0.1019506857213999,2020
California,6031,Kings County,24072,18699,43858,5373.0,0.5488622372201195,0.4263532308814811,0.1225090063386383,2020
California,6033,Lake County,13123,14941,28800,-1818.0,0.4556597222222222,0.5187847222222223,-0.063125,2020
California,6035,Lassen County,8970,2799,11985,6171.0,0.7484355444305382,0.2335419274092615,0.5148936170212766,2020
California,6037,Los Angeles County,1145530,3028885,4263443,-1883355.0,0.2686865990702819,0.7104316863154967,-0.4417450872452148,2020
California,6039,Madera County,29378,23168,53722,6210.0,0.5468523137634489,0.4312572130598265,0.1155951007036223,2020
California,6041,Marin County,24612,128288,155801,-103676.0,0.157970744732062,0.8234093491055898,-0.6654386043735278,2020
California,6043,Mariposa County,5950,4088,10280,1862.0,0.5787937743190662,0.3976653696498054,0.1811284046692607,2020
California,6045,Mendocino County,13267,28782,43336,-15515.0,0.3061426989108362,0.664159128669005,-0.3580164297581687,2020
California,6047,Merced County,39397,48991,90541,-9594.0,0.4351288366596348,0.5410918810262754,-0.1059630443666405,2020
California,6049,Modoc County,3109,1150,4338,1959.0,0.7166897187644076,0.2650991240202858,0.4515905947441217,2020
California,6051,Mono County,2513,4013,6737,-1500.0,0.3730146949680867,0.5956657265845332,-0.2226510316164465,2020
California,6053,Monterey County,46299,113953,163883,-67654.0,0.2825125241788349,0.6953314254681694,-0.4128189012893345,2020
California,6055,Napa County,20676,49817,72122,-29141.0,0.2866809018052744,0.6907323701505782,-0.4040514683453038,2020
California,6057,Nevada County,26779,36359,64738,-9580.0,0.4136519509407149,0.5616330439618153,-0.1479810930211004,2020
California,6059,Orange County,676498,814009,1521725,-137511.0,0.4445599566281687,0.5349251671622665,-0.0903652105340977,2020
California,6061,Placer County,122488,106869,235017,15619.0,0.5211878289655641,0.4547288068522702,0.0664590221132939,2020
California,6063,Plumas County,6445,4561,11256,1884.0,0.5725835110163469,0.4052061122956645,0.1673773987206823,2020
California,6065,Riverside County,448702,527945,996156,-79243.0,0.4504334662442428,0.5299822517758263,-0.0795487855315834,2020
California,6067,Sacramento County,259405,440808,718290,-181403.0,0.3611424355065503,0.6136908490999458,-0.2525484135933954,2020
California,6069,San Benito County,10590,17628,28821,-7038.0,0.3674404080358072,0.6116373477672531,-0.2441969397314458,2020
California,6071,San Bernardino County,366257,455859,840931,-89602.0,0.4355375173468453,0.5420884709922693,-0.106550953645424,2020
California,6073,San Diego County,600094,964650,1601722,-364556.0,0.374655526989078,0.6022580697524289,-0.2276025427633509,2020
California,6075,San Francisco County,56417,378156,443458,-321739.0,0.1272206161575617,0.8527436645634987,-0.725523048405937,2020
California,6077,San Joaquin County,121098,161137,288443,-40039.0,0.419833381291971,0.5586441688652524,-0.1388107875732813,2020
California,6079,San Luis Obispo County,67436,88310,159681,-20874.0,0.4223169945077999,0.5530401237467201,-0.1307231292389201,2020
California,6081,San Mateo County,75563,291410,374138,-215847.0,0.2019655848911364,0.7788837273947046,-0.5769181425035681,2020
California,6083,Santa Barbara County,65736,129963,200288,-64227.0,0.328207381370826,0.6488806119188368,-0.3206732305480108,2020
California,6085,Santa Clara County,214612,617967,850522,-403355.0,0.2523297457326207,0.7265737982086296,-0.4742440524760088,2020
California,6087,Santa Cruz County,26937,114246,144796,-87309.0,0.1860341445896295,0.7890135086604603,-0.6029793640708307,2020
California,6089,Shasta County,60789,30000,92900,30789.0,0.6543487621097955,0.3229278794402583,0.3314208826695372,2020
California,6091,Sierra County,1142,730,1930,412.0,0.5917098445595855,0.3782383419689119,0.2134715025906736,2020
California,6093,Siskiyou County,13290,9593,23450,3697.0,0.5667377398720682,0.4090831556503198,0.1576545842217483,2020
California,6095,Solano County,69306,131639,205831,-62333.0,0.3367131287318237,0.6395489503524736,-0.3028358216206499,2020
California,6097,Sonoma County,61825,199938,268252,-138113.0,0.2304735845399102,0.7453364746581572,-0.514862890118247,2020
California,6099,Stanislaus County,104145,105841,214876,-1696.0,0.4846748822576742,0.4925678065488933,-0.0078929242912191,2020
California,6101,Sutter County,24375,17367,42640,7008.0,0.5716463414634146,0.4072936210131332,0.1643527204502814,2020
California,6103,Tehama County,19141,8911,28721,10230.0,0.6664461543818112,0.3102607847916159,0.3561853695901953,2020
California,6105,Trinity County,3188,2851,6258,337.0,0.5094279322467242,0.45557686161713,0.0538510706295941,2020
California,6107,Tulare County,77579,66105,146832,11474.0,0.5283521303258145,0.4502084014383785,0.0781437288874359,2020
California,6109,Tuolumne County,17689,11978,30401,5711.0,0.5818558600046051,0.3940001973619288,0.1878556626426762,2020
California,6111,Ventura County,162207,251388,422698,-89181.0,0.3837420569768487,0.5947224732551373,-0.2109804162782885,2020
California,6113,Yolo County,27292,67598,97264,-40306.0,0.2805971376871196,0.6949950649777924,-0.4143979272906728,2020
California,6115,Yuba County,17676,11230,29787,6446.0,0.593413233961124,0.377010105079397,0.2164031288817269,2020
Utah,49001,Beaver County,2695,357,3100,2338.0,0.8693548387096774,0.1151612903225806,0.7541935483870968,2020
Utah,49003,Box Elder County,21548,4473,27027,17075.0,0.7972767972767972,0.1655011655011655,0.6317756317756318,2020
Utah,49005,Cache County,38032,16650,57571,21382.0,0.6606103767521843,0.2892081082489448,0.3714022685032395,2020
Utah,49007,Carbon County,6693,2392,9369,4301.0,0.7143772014089017,0.255310065108336,0.4590671363005657,2020
Utah,49009,Daggett County,496,111,619,385.0,0.8012924071082391,0.1793214862681744,0.6219709208400647,2020
Utah,49011,Davis County,104135,57411,169895,46724.0,0.6129374025133171,0.3379204802966538,0.2750169222166632,2020
Utah,49013,Duchesne County,7513,843,8524,6670.0,0.8813937118723604,0.0988972313467855,0.7824964805255749,2020
Utah,49015,Emery County,4207,572,4865,3635.0,0.8647482014388489,0.1175745118191161,0.7471736896197327,2020
Utah,49017,Garfield County,2158,514,2732,1644.0,0.7898975109809663,0.1881405563689604,0.6017569546120058,2020
Utah,49019,Grand County,2248,2806,5185,-558.0,0.4335583413693346,0.5411764705882353,-0.1076181292189006,2020
Utah,49021,Iron County,18989,4892,24890,14097.0,0.7629168340699076,0.196544797107272,0.5663720369626356,2020
Utah,49023,Juab County,5087,645,5866,4442.0,0.867200818274804,0.1099556767814524,0.7572451414933515,2020
Utah,49025,Kane County,2998,1083,4180,1915.0,0.7172248803827751,0.2590909090909091,0.458133971291866,2020
Utah,49027,Millard County,5404,624,6160,4780.0,0.8772727272727273,0.1012987012987013,0.775974025974026,2020
Utah,49029,Morgan County,5181,1086,6512,4095.0,0.7956081081081081,0.1667690417690417,0.6288390663390664,2020
Utah,49031,Piute County,773,86,871,687.0,0.8874856486796785,0.0987370838117106,0.7887485648679678,2020
Utah,49033,Rich County,1157,180,1363,977.0,0.8488628026412326,0.132061628760088,0.7168011738811446,2020
Utah,49035,Salt Lake County,230174,289906,541175,-59732.0,0.4253226775072758,0.5356973252644708,-0.1103746477571949,2020
Utah,49037,San Juan County,3535,3113,6878,422.0,0.5139575457981972,0.4526025007269555,0.0613550450712416,2020
Utah,49039,Sanpete County,10459,1794,12631,8665.0,0.8280421185971024,0.1420315097775314,0.686010608819571,2020
Utah,49041,Sevier County,9052,1084,10363,7968.0,0.8734922319791566,0.1046029142140306,0.7688893177651259,2020
Utah,49043,Summit County,10252,15244,26088,-4992.0,0.3929776142287642,0.5843299601349279,-0.1913523459061636,2020
Utah,49045,Tooele County,21014,8943,31518,12071.0,0.6667301224696999,0.2837426232628974,0.3829874992068025,2020
Utah,49047,Uintah County,13261,1663,15307,11598.0,0.8663356634219638,0.1086431044620108,0.7576925589599529,2020
Utah,49049,Utah County,192812,76033,284480,116779.0,0.6777699662542183,0.2672701068616423,0.4104998593925759,2020
Utah,49051,Wasatch County,10795,6187,17581,4608.0,0.6140151299698539,0.3519139980660941,0.2621011319037598,2020
Utah,49053,Washington County,67294,20530,90476,46764.0,0.7437773553207481,0.2269110040231663,0.5168663512975817,2020
Utah,49055,Wayne County,1229,365,1621,864.0,0.7581739666872301,0.2251696483652066,0.5330043183220234,2020
Utah,49057,Weber County,65949,40695,111442,25254.0,0.5917786830817825,0.3651675310924068,0.2266111519893757,2020
Washington,53001,Adams County,3907,1814,5862,2093.0,0.6664960764244285,0.3094506994199932,0.3570453770044353,2020
Washington,53003,Asotin County,7319,4250,11951,3069.0,0.6124173709313028,0.3556187766714082,0.2567985942598945,2020
Washington,53005,Benton County,60365,38706,103033,21659.0,0.5858802519581106,0.3756660487416653,0.2102142032164452,2020
Washington,53007,Chelan County,22746,19349,43306,3397.0,0.5252389969057405,0.4467972105481919,0.0784417863575485,2020
Washington,53009,Clallam County,23062,24721,49264,-1659.0,0.4681308866515102,0.5018065930496914,-0.0336757063981812,2020
Washington,53011,Clark County,126303,140324,275403,-14021.0,0.4586115619655559,0.5095224089788419,-0.050910847013286,2020
Washington,53013,Columbia County,1754,668,2495,1086.0,0.7030060120240481,0.2677354709418837,0.4352705410821643,2020
Washington,53015,Cowlitz County,34424,23938,60280,10486.0,0.5710683477106835,0.3971134704711347,0.1739548772395487,2020
Washington,53017,Douglas County,12955,7811,21308,5144.0,0.607987610287216,0.3665759339215318,0.2414116763656842,2020
Washington,53019,Ferry County,2771,1486,4367,1285.0,0.6345317151362492,0.3402793679871765,0.2942523471490726,2020
Washington,53021,Franklin County,18039,13340,32404,4699.0,0.5566905320330824,0.4116775706702876,0.1450129613627948,2020
Washington,53023,Garfield County,1069,366,1489,703.0,0.7179314976494291,0.2458025520483546,0.4721289456010745,2020
Washington,53025,Grant County,24764,11819,37680,12945.0,0.6572186836518047,0.3136677282377919,0.3435509554140127,2020
Washington,53027,Grays Harbor County,19877,17354,38441,2523.0,0.5170781197159283,0.4514450716682708,0.0656330480476574,2020
Washington,53029,Island County,22746,29213,53925,-6467.0,0.421808066759388,0.541733889661567,-0.1199258229021789,2020
Washington,53031,Jefferson County,6931,17204,24792,-10273.0,0.2795659890287189,0.6939335269441755,-0.4143675379154566,2020
Washington,53033,King County,269167,907310,1210507,-638143.0,0.2223588959006432,0.7495289163961877,-0.5271700204955444,2020
Washington,53035,Kitsap County,61563,90277,158672,-28714.0,0.3879890591912877,0.5689535645860644,-0.1809645053947767,2020
Washington,53037,Kittitas County,14105,11421,26364,2684.0,0.5350098619329389,0.4332043695949021,0.1018054923380367,2020
Washington,53039,Klickitat County,7237,5959,13560,1278.0,0.5337020648967552,0.4394542772861357,0.0942477876106195,2020
Washington,53041,Lewis County,29391,14520,45309,14871.0,0.6486790703833676,0.3204661325564457,0.3282129378269218,2020
Washington,53043,Lincoln County,5150,1713,7033,3437.0,0.7322621925209726,0.2435660457841603,0.4886961467368121,2020
Washington,53045,Mason County,18710,17269,37303,1441.0,0.5015682384794788,0.462938637643085,0.0386296008363938,2020
Washington,53047,Okanogan County,11840,8900,21282,2940.0,0.5563386899727469,0.4181937787801898,0.1381449111925571,2020
Washington,53049,Pacific County,6953,6794,14064,159.0,0.4943828213879408,0.4830773606370876,0.0113054607508532,2020
Washington,53051,Pend Oreille County,5728,2593,8553,3135.0,0.6697065357184614,0.3031684788962937,0.3665380568221676,2020
Washington,53053,Pierce County,197730,249506,464081,-51776.0,0.4260678631531995,0.537634593960968,-0.1115667308077684,2020
Washington,53055,San Juan County,3057,9725,13197,-6668.0,0.2316435553534894,0.7369099037660074,-0.5052663484125179,2020
Washington,53057,Skagit County,32762,38252,73423,-5490.0,0.4462089535976465,0.5209811639404546,-0.074772210342808,2020
Washington,53059,Skamania County,3885,3192,7312,693.0,0.5313183807439825,0.4365426695842451,0.0947757111597374,2020
Washington,53061,Snohomish County,166428,256728,438796,-90300.0,0.3792833116072161,0.5850737016745823,-0.2057903900673661,2020
Washington,53063,Spokane County,148576,135765,295430,12811.0,0.5029143959652033,0.4595504857326609,0.0433639102325423,2020
Washington,53065,Stevens County,19808,7839,28430,11969.0,0.6967288075976081,0.2757298628209638,0.4209989447766443,2020
Washington,53067,Thurston County,65277,96608,168134,-31331.0,0.3882439006982526,0.5745893156648864,-0.1863454149666337,2020
Washington,53069,Wahkiakum County,1741,1165,2981,576.0,0.5840322039584033,0.3908084535390808,0.1932237504193224,2020
Washington,53071,Walla Walla County,16400,13690,31261,2710.0,0.5246153354019385,0.4379258501007645,0.0866894853011739,2020
Washington,53073,Whatcom County,50489,83660,138620,-33171.0,0.3642259414225941,0.6035204155244553,-0.2392944741018612,2020
Washington,53075,Whitman County,9067,11184,21126,-2117.0,0.4291867840575594,0.529395058222096,-0.1002082741645365,2020
Washington,53077,Yakima County,50555,43179,96193,7376.0,0.5255579927853378,0.4488788165459025,0.0766791762394352,2020
California,6001,Alameda County,140789,499551,669800,-358762.0,0.2101955807703792,0.7458211406389967,-0.5356255598686175,2024
California,6003,Alpine County,243,479,738,-236.0,0.3292682926829268,0.6490514905149052,-0.3197831978319783,2024
California,6005,Amador County,14018,7783,22402,6235.0,0.6257477010981163,0.3474243371127578,0.2783233639853585,2024
California,6007,Butte County,47179,44228,94523,2951.0,0.4991271965553357,0.4679072818255874,0.0312199147297482,2024
California,6009,Calaveras County,16625,9181,26479,7444.0,0.6278560368593981,0.3467275954530004,0.2811284414063976,2024
California,6011,Colusa County,4414,2431,7021,1983.0,0.6286853724540664,0.3462469733656174,0.282438399088449,2024
California,6013,Contra Costa County,155308,356008,528904,-200700.0,0.2936411900836446,0.6731051381725228,-0.3794639480888782,2024
California,6015,Del Norte County,5999,4266,10564,1733.0,0.5678720181749337,0.4038243089738735,0.1640477092010601,2024
California,6017,El Dorado County,61109,47703,111890,13406.0,0.5461524711770489,0.4263383680400393,0.1198141031370095,2024
California,6019,Fresno County,165924,151628,325994,14296.0,0.5089786928593778,0.4651251250023006,0.0438535678570771,2024
California,6021,Glenn County,6904,3260,10442,3644.0,0.6611760199195557,0.3122007278299176,0.348975292089638,2024
California,6023,Humboldt County,21559,39800,64228,-18241.0,0.3356635735193373,0.6196674347636545,-0.2840038612443171,2024
California,6025,Imperial County,26546,26083,54025,463.0,0.4913651087459509,0.4827950023137436,0.0085701064322073,2024
California,6027,Inyo County,4468,4201,8951,267.0,0.4991621047927606,0.4693330354150374,0.0298290693777231,2024
California,6029,Kern County,167879,108241,283246,59638.0,0.5926968077219096,0.3821448493535654,0.2105519583683441,2024
California,6031,Kings County,25074,15519,41501,9555.0,0.604178212573191,0.373942796559119,0.230235416014072,2024
California,6033,Lake County,13161,12794,26759,367.0,0.4918345229642363,0.4781195111924959,0.0137150117717403,2024
California,6035,Lassen County,8619,2478,11371,6141.0,0.7579808284231818,0.2179227860346495,0.5400580423885323,2024
California,6037,Los Angeles County,1189862,2417109,3728427,-1227247.0,0.3191324384251053,0.648291893605534,-0.3291594551804286,2024
California,6039,Madera County,32344,20981,54624,11363.0,0.5921206795547744,0.3840985647334505,0.2080221148213239,2024
California,6041,Marin County,24054,116152,144113,-92098.0,0.1669106881405563,0.8059786417602853,-0.639067953619729,2024
California,6043,Mariposa County,5625,3622,9509,2003.0,0.5915448522452413,0.3809023030812914,0.2106425491639499,2024
California,6045,Mendocino County,13528,24049,39216,-10521.0,0.3449612403100775,0.6132445940432476,-0.2682833537331701,2024
California,6047,Merced County,43955,40190,86392,3765.0,0.5087855356977498,0.465205111584406,0.0435804241133437,2024
California,6049,Modoc County,2884,1008,4016,1876.0,0.7181274900398407,0.250996015936255,0.4671314741035857,2024
California,6051,Mono County,2294,3522,6064,-1228.0,0.3782981530343008,0.5808047493403694,-0.2025065963060686,2024
California,6053,Monterey County,49226,93060,146718,-43834.0,0.335514388145967,0.6342780026990553,-0.2987636145530882,2024
California,6055,Napa County,20357,43212,65549,-22855.0,0.3105615646310394,0.659232024897405,-0.3486704602663655,2024
California,6057,Nevada County,26177,33784,62132,-7607.0,0.4213126891135003,0.543745573939355,-0.1224328848258546,2024
California,6059,Orange County,654815,691731,1390965,-36916.0,0.4707631033131674,0.497302951548026,-0.0265398482348585,2024
California,6061,Placer County,123941,103958,234809,19983.0,0.5278375190048081,0.4427343074584023,0.0851032115464057,2024
California,6063,Plumas County,5725,4020,10067,1705.0,0.5686897784841561,0.3993245256779577,0.1693652528061984,2024
California,6065,Riverside County,463677,451782,940405,11895.0,0.4930609684125456,0.4804121628447318,0.0126488055678138,2024
California,6067,Sacramento County,252140,381564,656626,-129424.0,0.3839933234443961,0.5810979157084855,-0.1971045922640893,2024
California,6069,San Benito County,11702,15179,27649,-3477.0,0.4232341133494882,0.5489891135303266,-0.1257550001808384,2024
California,6071,San Bernardino County,378416,362114,761714,16302.0,0.4967953851445555,0.4753936516855407,0.0214017334590148,2024
California,6073,San Diego County,593270,841372,1477786,-248102.0,0.4014586685758289,0.5693463058927342,-0.1678876373169052,2024
California,6075,San Francisco County,62594,323719,402964,-261125.0,0.155333975243446,0.8033447156569817,-0.6480107404135357,2024
California,6077,San Joaquin County,128996,126647,263671,2349.0,0.4892308975958676,0.4803220680317517,0.0089088295641158,2024
California,6079,San Luis Obispo County,64932,81314,150766,-16382.0,0.4306806574426595,0.5393391082870144,-0.1086584508443548,2024
California,6081,San Mateo County,76616,242957,330510,-166341.0,0.2318114429215454,0.7350972739100179,-0.5032858309884725,2024
California,6083,Santa Barbara County,64870,114149,184715,-49279.0,0.3511896705735863,0.6179736350594158,-0.2667839644858295,2024
California,6085,Santa Clara County,210924,510744,750433,-299820.0,0.2810697290764132,0.680599067471713,-0.3995293383952997,2024
California,6087,Santa Cruz County,27978,100998,134135,-73020.0,0.2085809072948894,0.7529578409811011,-0.5443769336862117,2024
California,6089,Shasta County,59539,27130,88900,32409.0,0.6697300337457818,0.3051743532058493,0.3645556805399325,2024
California,6091,Sierra County,1066,641,1754,425.0,0.6077537058152793,0.3654503990877993,0.24230330672748,2024
California,6093,Siskiyou County,12461,8329,21489,4132.0,0.5798780771557541,0.3875936525664293,0.1922844245893247,2024
California,6095,Solano County,70345,113997,189834,-43652.0,0.3705605950461982,0.600508865640507,-0.2299482705943087,2024
California,6097,Sonoma County,63426,179600,251426,-116174.0,0.2522650799837725,0.7143254874197577,-0.4620604074359851,2024
California,6099,Stanislaus County,106986,85347,197472,21639.0,0.5417780748663101,0.4321979824987846,0.1095800923675254,2024
California,6101,Sutter County,25372,13016,39336,12356.0,0.6450071181614806,0.3308928208257067,0.3141142973357738,2024
California,6103,Tehama County,18503,7415,26532,11088.0,0.6973842906678728,0.2794738429066787,0.417910447761194,2024
California,6105,Trinity County,2979,2449,5645,530.0,0.5277236492471213,0.4338352524357838,0.0938883968113374,2024
California,6107,Tulare County,81854,53221,138271,28633.0,0.5919824113516211,0.3849035589530704,0.2070788523985506,2024
California,6109,Tuolumne County,17210,10909,28810,6301.0,0.5973620270739327,0.3786532454009024,0.2187087816730302,2024
California,6111,Ventura County,158901,217424,387595,-58523.0,0.4099665888362853,0.5609566686876766,-0.1509900798513913,2024
California,6113,Yolo County,27844,61405,92589,-33561.0,0.3007268682024862,0.6631997321496074,-0.3624728639471211,2024
California,6115,Yuba County,18491,10725,30070,7766.0,0.6149318257399401,0.3566677751912205,0.2582640505487196,2024
Utah,49001,Beaver County,2781,394,3212,2387.0,0.8658156911581569,0.12266500622665,0.7431506849315068,2024
Utah,49003,Box Elder County,22853,5274,28909,17579.0,0.7905150645127815,0.1824345359576602,0.6080805285551213,2024
Utah,49005,Cache County,39457,18718,60229,20739.0,0.6551163060983911,0.3107805210114728,0.3443357850869182,2024
Utah,49007,Carbon County,6719,2525,9445,4194.0,0.7113816834303864,0.2673372154579142,0.4440444679724722,2024
Utah,49009,Daggett County,443,101,550,342.0,0.8054545454545454,0.1836363636363636,0.6218181818181818,2024
Utah,49011,Davis County,101293,59895,166492,41398.0,0.6083955985873195,0.3597470148715854,0.248648583715734,2024
Utah,49013,Duchesne County,7815,1009,8967,6806.0,0.8715289394446303,0.1125236980037916,0.7590052414408386,2024
Utah,49015,Emery County,4341,603,5011,3738.0,0.8662941528636998,0.1203352624226701,0.7459588904410297,2024
Utah,49017,Garfield County,2211,541,2811,1670.0,0.7865528281750267,0.1924581999288509,0.5940946282461758,2024
Utah,49019,Grand County,2327,2828,5300,-501.0,0.4390566037735849,0.5335849056603773,-0.0945283018867924,2024
Utah,49021,Iron County,21571,5683,27876,15888.0,0.773819773281676,0.203867125843019,0.5699526474386569,2024
Utah,49023,Juab County,5671,734,6518,4937.0,0.8700521632402578,0.1126112304387849,0.7574409328014728,2024
Utah,49025,Kane County,3277,1137,4486,2140.0,0.7304948729380294,0.2534551939366919,0.4770396790013375,2024
Utah,49027,Millard County,5558,713,6385,4845.0,0.8704776820673453,0.1116679718089271,0.7588097102584181,2024
Utah,49029,Morgan County,5300,1256,6757,4044.0,0.7843717626165458,0.1858813082729021,0.5984904543436437,2024
Utah,49031,Piute County,854,94,963,760.0,0.8868120456905504,0.0976116303219107,0.7892004153686397,2024
Utah,49033,Rich County,1211,214,1447,997.0,0.8369039391845197,0.1478921907394609,0.6890117484450587,2024
Utah,49035,Salt Lake County,221555,273658,509492,-52103.0,0.4348547180328641,0.5371193267018913,-0.1022646086690272,2024
Utah,49037,San Juan County,3613,2581,6328,1032.0,0.5709544879898862,0.4078697850821745,0.1630847029077117,2024
Utah,49039,Sanpete County,10653,1906,12943,8747.0,0.8230703855365835,0.147261067758634,0.6758093177779495,2024
Utah,49041,Sevier County,9526,1236,10926,8290.0,0.8718652754896576,0.1131246567819879,0.7587406187076697,2024
Utah,49043,Summit County,10783,14612,25876,-3829.0,0.4167181944659143,0.56469315195548,-0.1479749574895656,2024
Utah,49045,Tooele County,23484,9560,33988,13924.0,0.6909497469695186,0.2812757443803695,0.409674002589149,2024
Utah,49047,Uintah County,13599,1952,15831,11647.0,0.8590108015918135,0.1233023814035752,0.7357084201882382,2024
Utah,49049,Utah County,203476,84937,297944,118539.0,0.6829337056628091,0.2850770614612142,0.3978566442015949,2024
Utah,49051,Wasatch County,11495,6459,18354,5036.0,0.6262939958592133,0.3519123896698267,0.2743816061893865,2024
Utah,49053,Washington County,73165,22327,97243,50838.0,0.7523934884773197,0.2296000740413191,0.5227934144360005,2024
Utah,49055,Wayne County,1238,381,1651,857.0,0.7498485766202302,0.2307692307692307,0.5190793458509995,2024
Utah,49057,Weber County,67549,41238,112017,26311.0,0.6030245409178964,0.3681405500950748,0.2348839908228215,2024
Washington,53001,Adams County,3767,1455,5345,2312.0,0.7047708138447147,0.2722170252572498,0.4325537885874649,2024
Washington,53003,Asotin County,7004,4082,11396,2922.0,0.6146016146016146,0.3581958581958582,0.2564057564057563,2024
Washington,53005,Benton County,59555,37662,99947,21893.0,0.5958658088787057,0.3768197144486578,0.2190460944300478,2024
Washington,53007,Chelan County,22363,18397,41893,3966.0,0.5338123314157497,0.4391425775189172,0.0946697538968324,2024
Washington,53009,Clallam County,21632,25440,48390,-3808.0,0.4470345112626576,0.5257284562926224,-0.0786939450299648,2024
Washington,53011,Clark County,123998,143206,274795,-19208.0,0.4512381957459196,0.5211375752833931,-0.0698993795374734,2024
Washington,53013,Columbia County,1737,661,2476,1076.0,0.7015347334410339,0.2669628432956381,0.4345718901453957,2024
Washington,53015,Cowlitz County,34580,22825,59020,11755.0,0.5859030837004405,0.3867333107421213,0.1991697729583192,2024
Washington,53017,Douglas County,13095,7410,21069,5685.0,0.6215292609995728,0.3517015520432863,0.2698277089562865,2024
Washington,53019,Ferry County,2667,1315,4096,1352.0,0.651123046875,0.321044921875,0.330078125,2024
Washington,53021,Franklin County,19086,11884,31739,7202.0,0.6013421972967012,0.3744289360093261,0.2269132612873751,2024
Washington,53023,Garfield County,973,330,1343,643.0,0.7244973938942666,0.2457185405807893,0.4787788533134773,2024
Washington,53025,Grant County,24326,10806,36069,13520.0,0.6744295655549086,0.2995924478083673,0.3748371177465413,2024
Washington,53027,Grays Harbor County,19432,17161,37638,2271.0,0.5162867314947659,0.4559487751740262,0.0603379563207396,2024
Washington,53029,Island County,20967,29595,52075,-8628.0,0.402630820931349,0.5683149303888623,-0.1656841094575132,2024
Washington,53031,Jefferson County,6324,17459,24572,-11135.0,0.2573661077649357,0.710524173856422,-0.4531580660914863,2024
Washington,53033,King County,252193,832606,1122881,-580413.0,0.224594591946965,0.741490861453707,-0.5168962695067421,2024
Washington,53035,Kitsap County,59080,91731,155893,-32651.0,0.3789778886800562,0.5884228284785077,-0.2094449397984514,2024
Washington,53037,Kittitas County,14645,10810,26309,3835.0,0.5566536166330913,0.4108860085902163,0.145767608042875,2024
Washington,53039,Klickitat County,7178,5917,13527,1261.0,0.5306424188659717,0.4374214533895172,0.0932209654764544,2024
Washington,53041,Lewis County,29322,14433,45112,14889.0,0.6499822663592836,0.3199370455754566,0.3300452207838269,2024
Washington,53043,Lincoln County,5272,1678,7107,3594.0,0.7418038553538765,0.2361052483467004,0.5056986070071761,2024
Washington,53045,Mason County,18127,17215,36502,912.0,0.4966029258670758,0.4716179935346008,0.0249849323324749,2024
Washington,53047,Okanogan County,11555,8466,20617,3089.0,0.560459814716011,0.4106320027162051,0.1498278119998059,2024
Washington,53049,Pacific County,7010,6825,14178,185.0,0.4944279870221469,0.4813796022005924,0.0130483848215545,2024
Washington,53051,Pend Oreille County,5826,2461,8497,3365.0,0.6856537601506414,0.2896316346945981,0.3960221254560433,2024
Washington,53053,Pierce County,188194,235169,436685,-46975.0,0.4309605321913965,0.5385323516951578,-0.1075718195037612,2024
Washington,53055,San Juan County,2890,9539,12939,-6649.0,0.223355746193678,0.7372285338897906,-0.5138727876961126,2024
Washington,53057,Skagit County,30765,36956,69837,-6191.0,0.4405257957816057,0.5291750791127913,-0.0886492833311855,2024
Washington,53059,Skamania County,3961,3147,7314,814.0,0.5415641235985781,0.4302707136997539,0.1112934098988241,2024
Washington,53061,Snohomish County,161371,240099,415327,-78728.0,0.3885396326268218,0.5780962952083539,-0.1895566625815321,2024
Washington,53063,Spokane County,145338,131163,284958,14175.0,0.510033057503211,0.460288884677742,0.049744172825469,2024
Washington,53065,Stevens County,19895,7492,28095,12403.0,0.7081331197722015,0.2666666666666666,0.4414664531055348,2024
Washington,53067,Thurston County,62282,95663,163637,-33381.0,0.3806107420693363,0.5846049487585326,-0.2039942066891962,2024
Washington,53069,Wahkiakum County,1757,1204,3053,553.0,0.5754995086799869,0.3943661971830985,0.1811333114968883,2024
Washington,53071,Walla Walla County,15476,13106,29373,2370.0,0.5268784257651585,0.4461920811629728,0.0806863446021857,2024
Washington,53073,Whatcom County,49213,83295,137006,-34082.0,0.3592032465731428,0.60796607447849,-0.2487628279053472,2024
Washington,53075,Whitman County,8699,10480,19845,-1781.0,0.4383471907281431,0.528092718568909,-0.0897455278407659,2024
Washington,53077,Yakima County,49368,36706,88280,12662.0,0.5592206615314907,0.4157906660625283,0.1434299954689624,2024
