county,dem_votes,rep_votes,total_votes,year,office,state,cvap_approx,dem_voteshare,turnout
Alameda,617659,136309,769864,2020,President,CA,1101930,0.8192111601553381,0.6986505494904395
Alpine,476,244,741,2020,President,CA,922,0.6611111111111111,0.8036876355748374
Amador,8153,13585,22302,2020,President,CA,32048,0.3750575029901555,0.6958936595107339
Butte,50426,48730,102042,2020,President,CA,179055,0.508552180402598,0.5698919326463936
Calaveras,10046,16518,27164,2020,President,CA,37250,0.37818099683782563,0.7292348993288591
Colusa,3234,4554,7951,2020,President,CA,12741,0.4152542372881356,0.6240483478533867
Contra Costa,416386,152877,581230,2020,President,CA,775302,0.731447503175158,0.749682059378152
Del Norte,4677,6461,11452,2020,President,CA,21228,0.4199138085832286,0.5394761635575654
El Dorado,51621,61838,116138,2020,President,CA,145312,0.4549749248627257,0.7992319973574102
Fresno,193025,164464,364809,2020,President,CA,598471,0.539946683674183,0.609568383430442
Glenn,3995,7063,11292,2020,President,CA,17397,0.36127690359920417,0.6490774271426107
Humboldt,44768,21770,68828,2020,President,CA,108562,0.6728185397817789,0.633997162911516
Imperial,34678,20847,56718,2020,President,CA,105699,0.6245475011256191,0.5365992109669911
Inyo,4634,4620,9481,2020,President,CA,14070,0.5007564296520424,0.6738450604122246
Kern,133366,164484,305226,2020,President,CA,531109,0.4477622964579486,0.5746955897941853
Kings,18699,24072,43858,2020,President,CA,95831,0.4371887493862664,0.45765983867433296
Lake,14941,13123,28800,2020,President,CA,49234,0.5323902508551881,0.5849616118942195
Lassen,2799,8970,11985,2020,President,CA,25899,0.23782819270966096,0.4627591798911155
Los Angeles,3028885,1145530,4263443,2020,President,CA,6460546,0.7255831056567208,0.6599199200810582
Madera,23168,29378,53722,2020,President,CA,94034,0.44090891790050624,0.5713039964268244
Marin,128288,24612,155801,2020,President,CA,190081,0.839032047089601,0.8196558309352329
Mariposa,4088,5950,10280,2020,President,CA,14420,0.4072524407252441,0.7128987517337032
Mendocino,28782,13267,43336,2020,President,CA,63597,0.684487145948774,0.6814157900529899
Merced,48991,39397,90541,2020,President,CA,153588,0.5542720731320994,0.5895056905487408
Modoc,1150,3109,4338,2020,President,CA,6937,0.2700164357830477,0.6253423670174427
Mono,4013,2513,6737,2020,President,CA,9991,0.6149249157217285,0.6743068761885697
Monterey,113953,46299,163883,2020,President,CA,237636,0.7110862890946759,0.6896387752697403
Napa,49817,20676,72122,2020,President,CA,97737,0.7066942817017292,0.7379191094467806
Nevada,36359,26779,64738,2020,President,CA,81298,0.5758655643194273,0.7963049521513444
Orange,814009,676498,1521725,2020,President,CA,2103080,0.5461289346510952,0.7235697167963178
Placer,106869,122488,235017,2020,President,CA,289209,0.46595046150760605,0.81261993921351
Plumas,4561,6445,11256,2020,President,CA,15697,0.41441032164274033,0.7170796967573422
Riverside,527945,448702,996156,2020,President,CA,1567804,0.5405689056537316,0.6353829943028593
Sacramento,440808,259405,718290,2020,President,CA,1058376,0.6295341560353778,0.6786718519694324
San Benito,17628,10590,28821,2020,President,CA,38316,0.6247076334254731,0.7521922956467272
San Bernardino,455859,366257,840931,2020,President,CA,1388255,0.5544947428343445,0.6057467828316844
San Diego,964650,600094,1601722,2020,President,CA,2304429,0.6164906208299888,0.6950624211030151
San Francisco,378156,56417,443458,2020,President,CA,665941,0.8701783129646803,0.6659118450433297
San Joaquin,161137,121098,288443,2020,President,CA,462444,0.5709320247311638,0.6237360631773793
San Luis Obispo,88310,67436,159681,2020,President,CA,223525,0.56701295699408,0.7143764679566044
San Mateo,291410,75563,374138,2020,President,CA,513084,0.7940911184201562,0.729194439896781
Santa Barbara,129963,65736,200288,2020,President,CA,290151,0.6640963929299588,0.6902888495990019
Santa Clara,617967,214612,850522,2020,President,CA,1205352,0.7422322686495816,0.7056212625025718
Santa Cruz,114246,26937,144796,2020,President,CA,196560,0.8092050742653152,0.7366503866503866
Shasta,30000,60789,92900,2020,President,CA,140095,0.330436506625252,0.6631214532995467
Sierra,730,1142,1930,2020,President,CA,2524,0.38995726495726496,0.7646592709984152
Siskiyou,9593,13290,23450,2020,President,CA,34799,0.4192195079316523,0.6738699387913446
Solano,131639,69306,205831,2020,President,CA,315247,0.6550996541342158,0.652919774018468
Sonoma,199938,61825,268252,2020,President,CA,366701,0.7638130675458334,0.7315278660270902
Stanislaus,105841,104145,214876,2020,President,CA,345065,0.5040383644623927,0.6227116630200107
Sutter,17367,24375,42640,2020,President,CA,62701,0.41605577116573234,0.6800529497137207
Tehama,8911,19141,28721,2020,President,CA,46577,0.317660059888778,0.6166348197608261
Trinity,2851,3188,6258,2020,President,CA,10666,0.4720980294750787,0.5867241702606413
Tulare,66105,77579,146832,2020,President,CA,260461,0.4600721026697475,0.5637389090881169
Tuolumne,11978,17689,30401,2020,President,CA,45464,0.40374827249132034,0.6686829139538976
Ventura,251388,162207,422698,2020,President,CA,574611,0.6078119899902078,0.7356246225707479
Yolo,67598,27292,97264,2020,President,CA,148861,0.7123827589840869,0.653388060002284
Yuba,11230,17676,29787,2020,President,CA,51685,0.38850065730298206,0.5763180806810486
Alameda,387046,100923,487969,2022,Governor,CA,1112628,0.7931774354518423,0.43857335964940664
Alpine,363,256,619,2022,Governor,CA,931,0.5864297253634895,0.664876476906552
Amador,6027,12628,18655,2022,Governor,CA,32360,0.3230769230769231,0.5764833127317676
Butte,31502,40939,72441,2022,Governor,CA,180794,0.4348642343424304,0.400682544774716
Calaveras,7103,14137,21240,2022,Governor,CA,37612,0.3344161958568738,0.5647133893438264
Colusa,1553,4009,5562,2022,Governor,CA,12865,0.2792161093131967,0.4323357947920715
Contra Costa,265371,123132,388503,2022,Governor,CA,782829,0.6830603624682435,0.49628079695565697
Del Norte,3264,5111,8375,2022,Governor,CA,21434,0.3897313432835821,0.39073434729868434
El Dorado,34534,54137,88671,2022,Governor,CA,146723,0.38946216914210957,0.6043428773948188
Fresno,98417,120668,219085,2022,Governor,CA,604282,0.4492183399137321,0.3625542379220298
Glenn,1930,6000,7930,2022,Governor,CA,17566,0.24337957124842372,0.4514402823636571
Humboldt,29541,18257,47798,2022,Governor,CA,109616,0.618038411649023,0.43604948182747044
Imperial,16711,13158,29869,2022,Governor,CA,106725,0.5594763801935116,0.27986882173811195
Inyo,3382,4095,7477,2022,Governor,CA,14206,0.4523204493780928,0.5263269041250176
Kern,69701,119002,188703,2022,Governor,CA,536266,0.3693687964685246,0.3518832072143302
Kings,9389,17523,26912,2022,Governor,CA,96762,0.34887782401902495,0.27812571050619045
Lake,9771,10360,20131,2022,Governor,CA,49712,0.4853708211216532,0.40495252655294495
Lassen,1444,7726,9170,2022,Governor,CA,26151,0.1574700109051254,0.35065580666131313
Los Angeles,1620053,769174,2389227,2022,Governor,CA,6523270,0.6780657509730135,0.36626216606088663
Madera,13283,23678,36961,2022,Governor,CA,94947,0.3593788046860204,0.38928033534498196
Marin,95289,23775,119064,2022,Governor,CA,191927,0.8003174763152591,0.6203608663710681
Mariposa,2944,4896,7840,2022,Governor,CA,14560,0.37551020408163266,0.5384615384615384
Mendocino,19031,11363,30394,2022,Governor,CA,64215,0.6261433177600843,0.47331620337927277
Merced,25200,30073,55273,2022,Governor,CA,155080,0.4559188030322219,0.35641604333247356
Modoc,687,2725,3412,2022,Governor,CA,7004,0.20134818288393905,0.48715019988577957
Mono,2493,2076,4569,2022,Governor,CA,10088,0.5456336178594878,0.45291435368754956
Monterey,65262,36867,102129,2022,Governor,CA,239944,0.6390153629233616,0.4256368152568933
Napa,32437,17671,50108,2022,Governor,CA,98686,0.6473417418376307,0.507751859432949
Nevada,26655,24082,50737,2022,Governor,CA,82087,0.5253562488913416,0.6180881260126451
Orange,464206,492734,956940,2022,Governor,CA,2123498,0.48509415428344516,0.45064323112147975
Placer,73619,108450,182069,2022,Governor,CA,292016,0.4043467037222152,0.6234898087776012
Plumas,3083,5550,8633,2022,Governor,CA,15850,0.357118035445384,0.5446687697160884
Riverside,285000,310901,595901,2022,Governor,CA,1583026,0.47826736320294816,0.3764315936693396
Sacramento,274680,202933,477613,2022,Governor,CA,1068652,0.5751099739747453,0.4469303384076388
San Benito,10428,9150,19578,2022,Governor,CA,38688,0.5326386760649708,0.5060483870967742
San Bernardino,215391,239109,454500,2022,Governor,CA,1401733,0.4739075907590759,0.3242414924953611
San Diego,574121,455107,1029228,2022,Governor,CA,2326802,0.5578171211820899,0.4423358755923366
San Francisco,257402,44064,301466,2022,Governor,CA,672407,0.8538342632336648,0.44833858065130194
San Joaquin,85498,91827,177325,2022,Governor,CA,466934,0.48215423657126744,0.37976459199801255
San Luis Obispo,61166,58464,119630,2022,Governor,CA,225696,0.5112931538911645,0.5300492698142635
San Mateo,185599,61918,247517,2022,Governor,CA,518066,0.7498434450967004,0.47777117201283237
Santa Barbara,80648,54726,135374,2022,Governor,CA,292968,0.5957421661471184,0.4620777695857568
Santa Clara,379377,162518,541895,2022,Governor,CA,1217055,0.7000931914854354,0.44525103631306717
Santa Cruz,79117,25052,104169,2022,Governor,CA,198468,0.7595061870614098,0.5248654694963419
Shasta,18607,49913,68520,2022,Governor,CA,141456,0.2715557501459428,0.4843909060061079
Sierra,529,1014,1543,2022,Governor,CA,2548,0.34283862605314325,0.6055729984301413
Siskiyou,6326,11397,17723,2022,Governor,CA,35136,0.356937313095977,0.5044114298724954
Solano,77769,52850,130619,2022,Governor,CA,318308,0.5953881135210038,0.41035412242230795
Sonoma,140041,57413,197454,2022,Governor,CA,370261,0.7092335430024208,0.5332832785521564
Stanislaus,55311,75656,130967,2022,Governor,CA,348416,0.4223277619553017,0.37589261113152095
Sutter,9082,19024,28106,2022,Governor,CA,63310,0.32313385042339715,0.4439425051334702
Tehama,5024,15607,20631,2022,Governor,CA,47029,0.24351703746788814,0.43868676773905463
Trinity,1860,2667,4527,2022,Governor,CA,10769,0.41086812458581845,0.42037329371343674
Tulare,33273,58053,91326,2022,Governor,CA,262990,0.36433217265619866,0.3472603521046428
Tuolumne,8471,14759,23230,2022,Governor,CA,45906,0.3646577701248386,0.5060340696205289
Ventura,153226,127709,280935,2022,Governor,CA,580190,0.5454144197056259,0.48421206846033193
Yolo,44328,22807,67135,2022,Governor,CA,150306,0.6602815223058017,0.44665548946815165
Yuba,6534,13097,19631,2022,Governor,CA,52187,0.33284091487952727,0.3761664782417077
Alameda,499551,140789,669800,2024,President,CA,1123327,0.7801339913171128,0.596264489325014
Alpine,479,243,738,2024,President,CA,940,0.6634349030470914,0.7851063829787234
Amador,7783,14018,22402,2024,President,CA,32671,0.35700197238658776,0.685684552049218
Butte,44228,47179,94523,2024,President,CA,182532,0.48385791022569385,0.5178434466285363
Calaveras,9181,16625,26479,2024,President,CA,37973,0.35576997597457954,0.6973112474653043
Colusa,2431,4414,7021,2024,President,CA,12988,0.35514974433893354,0.5405759162303665
Contra Costa,356008,155308,528904,2024,President,CA,790356,0.6962582825493433,0.6691971719073431
Del Norte,4266,5999,10564,2024,President,CA,21640,0.4155869459327813,0.48817005545286507
El Dorado,47703,61109,111890,2024,President,CA,148134,0.4383983384185568,0.755329633980045
Fresno,151628,165924,325994,2024,President,CA,610092,0.47749030080112864,0.5343358050916911
Glenn,3260,6904,10442,2024,President,CA,17734,0.32073986619441164,0.5888124506597496
Humboldt,39800,21559,64228,2024,President,CA,110670,0.6486416010691178,0.5803560133730912
Imperial,26083,26546,54025,2024,President,CA,107751,0.49560128446293866,0.5013874581210384
Inyo,4201,4468,8951,2024,President,CA,14343,0.4846002999192525,0.6240674893676358
Kern,108241,167879,283246,2024,President,CA,541422,0.39200709836303055,0.5231519960400575
Kings,15519,25074,41501,2024,President,CA,97692,0.38230729436109673,0.4248147238259018
Lake,12794,13161,26759,2024,President,CA,50190,0.49293007127721056,0.533154014743973
Lassen,2478,8619,11371,2024,President,CA,26402,0.22330359556636928,0.4306870691614272
Los Angeles,2417109,1189862,3728427,2024,President,CA,6585994,0.6701215507416056,0.5661145455036856
Madera,20981,32344,54624,2024,President,CA,95860,0.393455227379278,0.5698310035468391
Marin,116152,24054,144113,2024,President,CA,193772,0.8284381552857938,0.7437245835311603
Mariposa,3622,5625,9509,2024,President,CA,14700,0.39169460365523956,0.6468707482993197
Mendocino,24049,13528,39216,2024,President,CA,64832,0.6399925486334727,0.6048864758144127
Merced,40190,43955,86392,2024,President,CA,156571,0.4776279042129657,0.5517752329614041
Modoc,1008,2884,4016,2024,President,CA,7072,0.2589928057553957,0.5678733031674208
Mono,3522,2294,6064,2024,President,CA,10185,0.6055708390646493,0.5953853706431026
Monterey,93060,49226,146718,2024,President,CA,242251,0.6540348312553589,0.6056445587427916
Napa,43212,20357,65549,2024,President,CA,99634,0.6797652944045054,0.6578979063371941
Nevada,33784,26177,62132,2024,President,CA,82876,0.5634328980503994,0.7496983445146966
Orange,691731,654815,1390965,2024,President,CA,2143916,0.5137076639045379,0.6487964080682266
Placer,103958,123941,234809,2024,President,CA,294824,0.4561582104353244,0.7964378747998806
Plumas,4020,5725,10067,2024,President,CA,16002,0.4125192406362237,0.6291088613923259
Riverside,451782,463677,940405,2024,President,CA,1598247,0.4935032590208846,0.5883977883268355
Sacramento,381564,252140,656626,2024,President,CA,1078928,0.6021170767424538,0.6085911200747408
San Benito,15179,11702,27649,2024,President,CA,39060,0.5646739332614114,0.7078597030209933
San Bernardino,362114,378416,761714,2024,President,CA,1415211,0.48899301851376714,0.5382335213618322
San Diego,841372,593270,1477786,2024,President,CA,2349176,0.5864682617684411,0.6290656809025803
San Francisco,323719,62594,402964,2024,President,CA,678872,0.8379707646390362,0.5935787600608068
San Joaquin,126647,128996,263671,2024,President,CA,471424,0.4954057024835415,0.5593075448004344
San Luis Obispo,81314,64932,150766,2024,President,CA,227866,0.5560083694596776,0.6616432464694162
San Mateo,242957,76616,330510,2024,President,CA,523047,0.7602550903862342,0.6318935009664524
Santa Barbara,114149,64870,184715,2024,President,CA,295785,0.6376362285567454,0.6244907618709535
Santa Clara,510744,210924,750433,2024,President,CA,1228757,0.7077270988875771,0.6107253102118645
Santa Cruz,100998,27978,134135,2024,President,CA,200377,0.7830759211016003,0.669413156200562
Shasta,27130,59539,88900,2024,President,CA,142816,0.3130300338067821,0.622479274030921
Sierra,641,1066,1754,2024,President,CA,2572,0.37551259519625074,0.6819595645412131
Siskiyou,8329,12461,21489,2024,President,CA,35474,0.4006253006253006,0.6057676044426904
Solano,113997,70345,189834,2024,President,CA,321368,0.6183994965878639,0.590705981927261
Sonoma,179600,63426,251426,2024,President,CA,373821,0.7390155785800696,0.6725839372319907
Stanislaus,85347,106986,197472,2024,President,CA,351766,0.44374600302600176,0.5613731855835982
Sutter,13016,25372,39336,2024,President,CA,63919,0.33906429092424717,0.6154038705236314
Tehama,7415,18503,26532,2024,President,CA,47481,0.2860946060652828,0.5587919378277627
Trinity,2449,2979,5645,2024,President,CA,10873,0.45117907148120856,0.5191759404028327
Tulare,53221,81854,138271,2024,President,CA,265519,0.39401073477697574,0.5207574599181226
Tuolumne,10909,17210,28810,2024,President,CA,46347,0.38795831999715497,0.621615207025266
Ventura,217424,158901,387595,2024,President,CA,585769,0.5777559290506876,0.6616857498433683
Yolo,61405,27844,92589,2024,President,CA,151751,0.6880189133771807,0.6101376597188816
Yuba,10725,18491,30070,2024,President,CA,52689,0.3670933734939759,0.5707073582721252
Beaver,357,2695,3100,2020,President,UT,4471,0.11697247706422019,0.6933571907850593
Box Elder,4473,21548,27027,2020,President,UT,37843,0.1718996195380654,0.7141875644108554
Cache,16650,38032,57571,2020,President,UT,86270,0.3044877656267145,0.6673351106989683
Carbon,2392,6693,9369,2020,President,UT,15741,0.26329113924050634,0.5951972555746141
Daggett,111,496,619,2020,President,UT,513,0.1828665568369028,1.206627680311891
Davis,57411,104135,169895,2020,President,UT,240170,0.3553848439453778,0.7073947620435524
Duchesne,843,7513,8524,2020,President,UT,13991,0.10088559119195788,0.6092488028018012
Emery,572,4207,4865,2020,President,UT,7560,0.11969031178070726,0.6435185185185185
Garfield,514,2158,2732,2020,President,UT,3947,0.19236526946107785,0.6921712693184697
Grand,2806,2248,5185,2020,President,UT,7522,0.5552037989711119,0.6893113533634672
Iron,4892,18989,24890,2020,President,UT,36704,0.20484904317239647,0.6781277244986922
Juab,645,5087,5866,2020,President,UT,7538,0.11252616887648291,0.778190501459273
Kane,1083,2998,4180,2020,President,UT,6070,0.2653761333006616,0.6886326194398682
Millard,624,5404,6160,2020,President,UT,8705,0.10351692103516921,0.7076392877656519
Morgan,1086,5181,6512,2020,President,UT,7808,0.1732886548587841,0.8340163934426229
Piute,86,773,871,2020,President,UT,1577,0.10011641443538999,0.5523145212428662
Rich,180,1157,1363,2020,President,UT,1604,0.13462976813762154,0.8497506234413965
Salt Lake,289906,230174,541175,2020,President,UT,786991,0.557425780649131,0.6876508117627774
San Juan,3113,3535,6878,2020,President,UT,11135,0.46826113116726836,0.6176919622810957
Sanpete,1794,10459,12631,2020,President,UT,22475,0.14641312331673875,0.5620022246941045
Sevier,1084,9052,10363,2020,President,UT,15676,0.1069455406471981,0.6610742536361317
Summit,15244,10252,26088,2020,President,UT,30181,0.5978977094446187,0.8643848779033166
Tooele,8943,21014,31518,2020,President,UT,45095,0.29852788997563173,0.6989244927375541
Uintah,1663,13261,15307,2020,President,UT,25520,0.11143125167515411,0.5998040752351097
Utah,76033,192812,284480,2020,President,UT,392602,0.2828135170823337,0.7246015048318654
Wasatch,6187,10795,17581,2020,President,UT,20963,0.3643269344011306,0.8386681295616085
Washington,20530,67294,90476,2020,President,UT,121435,0.2337629805064675,0.7450570263927204
Wayne,365,1229,1621,2020,President,UT,2079,0.22898368883312423,0.7797017797017797
Weber,40695,65949,111442,2020,President,UT,179356,0.38159671430178915,0.6213452574767502
Beaver,419,1971,2447,2022,Senate,UT,4554,0.17531380753138076,0.5373298199385156
Box Elder,4725,14434,19898,2022,Senate,UT,38544,0.24662038728534894,0.5162411789124118
Cache,15580,24588,41982,2022,Senate,UT,87868,0.38787094204341765,0.4777848591068421
Carbon,2114,4265,6728,2022,Senate,UT,16033,0.33139990594137014,0.41963450383583856
Daggett,109,377,498,2022,Senate,UT,522,0.2242798353909465,0.9540229885057471
Davis,52806,66385,123742,2022,Senate,UT,244618,0.4430368064702872,0.5058581134667114
Duchesne,912,5170,6281,2022,Senate,UT,14251,0.14995067412035515,0.44074100063153465
Emery,712,3269,4107,2022,Senate,UT,7700,0.17884953529264003,0.5333766233766234
Garfield,520,1795,2385,2022,Senate,UT,4021,0.22462203023758098,0.593136035811987
Grand,2422,1901,4644,2022,Senate,UT,7662,0.5602590793430489,0.60610806577917
Iron,3755,12923,17309,2022,Senate,UT,37384,0.22514690010792662,0.4630055638775947
Juab,714,3886,4731,2022,Senate,UT,7678,0.15521739130434783,0.6161760875227924
Kane,946,2553,3659,2022,Senate,UT,6182,0.270362960845956,0.5918796505985118
Millard,701,4279,5130,2022,Senate,UT,8866,0.14076305220883534,0.5786149334536431
Morgan,1358,3665,5154,2022,Senate,UT,7953,0.27035636074059327,0.6480573368540173
Piute,82,692,783,2022,Senate,UT,1606,0.10594315245478036,0.487546699875467
Rich,206,844,1073,2022,Senate,UT,1634,0.1961904761904762,0.6566707466340269
Sevier,1152,6411,7775,2022,Senate,UT,15967,0.15232050773502578,0.48694181749859083
Salt Lake,218495,144931,381195,2022,Senate,UT,801565,0.6012090494350982,0.4755634290419367
San Juan,1815,3118,5560,2022,Senate,UT,11341,0.3679302655584837,0.49025659112953
Sanpete,1912,7829,10004,2022,Senate,UT,22891,0.19628374910173493,0.43702765278930583
Summit,12325,7305,20354,2022,Senate,UT,30740,0.6278655119714722,0.6621340273259596
Tooele,7487,13371,22069,2022,Senate,UT,45931,0.3589510020136159,0.4804815919531471
Uintah,1559,8905,10833,2022,Senate,UT,25993,0.14898700305810397,0.4167660523987227
Utah,72238,127096,206045,2022,Senate,UT,399872,0.36239678128166797,0.5152773887644047
Wayne,415,1056,1514,2022,Senate,UT,2118,0.2821210061182869,0.7148253068932956
Weber,31265,42007,77039,2022,Senate,UT,182677,0.42669778360082977,0.42172249380053317
Wasatch,5425,7384,13314,2022,Senate,UT,21351,0.4235303302365524,0.6235773500070254
Washington,17786,49420,69501,2022,Senate,UT,123684,0.26464898967354106,0.5619239351896769
Beaver,394,2781,3212,2024,President,UT,4637,0.12409448818897638,0.6926892387319388
Box Elder,5274,22853,28909,2024,President,UT,39245,0.1875066661926263,0.736628869919735
Cache,18718,39457,60229,2024,President,UT,89466,0.32175333046841426,0.6732054635280442
Carbon,2525,6719,9445,2024,President,UT,16324,0.27315015144958893,0.5785959323695172
Daggett,101,443,550,2024,President,UT,532,0.18566176470588236,1.0338345864661653
Davis,59895,101293,166492,2024,President,UT,249066,0.3715847333548403,0.6684653866846538
Duchesne,1009,7815,8967,2024,President,UT,14510,0.11434723481414324,0.617987594762233
Emery,603,4341,5011,2024,President,UT,7840,0.12196601941747573,0.6391581632653062
Garfield,541,2211,2811,2024,President,UT,4094,0.19658430232558138,0.6866145578895946
Grand,2828,2327,5300,2024,President,UT,7801,0.5485935984481086,0.6794000769132162
Iron,5683,21571,27876,2024,President,UT,38063,0.20851985029720407,0.7323647636812652
Juab,734,5671,6518,2024,President,UT,7818,0.11459797033567526,0.833717063187516
Kane,1137,3277,4486,2024,President,UT,6294,0.25758948799275033,0.7127422942484907
Millard,713,5558,6385,2024,President,UT,9027,0.11369797480465635,0.7073224770134042
Morgan,1256,5300,6757,2024,President,UT,8098,0.19158023184868822,0.8344035564336874
Piute,94,854,963,2024,President,UT,1635,0.09915611814345991,0.5889908256880734
Rich,214,1211,1447,2024,President,UT,1663,0.15017543859649124,0.8701142513529766
Salt Lake,273658,221555,509492,2024,President,UT,816138,0.5526066561257479,0.6242718755896675
San Juan,2581,3613,6328,2024,President,UT,11547,0.4166935744268647,0.5480211310297047
Sanpete,1906,10653,12943,2024,President,UT,23307,0.1517636754518672,0.5553267258763461
Sevier,1236,9526,10926,2024,President,UT,16257,0.11484854116335254,0.6720797195054438
Summit,14612,10783,25876,2024,President,UT,31298,0.5753888560740303,0.8267620934245
Tooele,9560,23484,33988,2024,President,UT,46766,0.28931122140176735,0.7267673095838857
Uintah,1952,13599,15831,2024,President,UT,26466,0.12552247443894282,0.5981636817048288
Utah,84937,203476,297944,2024,President,UT,407142,0.2944978208333189,0.7317938213203256
Wasatch,6459,11495,18354,2024,President,UT,21739,0.35975270134788906,0.8442890657343944
Washington,22327,73165,97243,2024,President,UT,125933,0.23381016210782055,0.7721804451573455
Wayne,381,1238,1651,2024,President,UT,2156,0.23533045089561458,0.7657699443413729
Weber,41238,67549,112017,2024,President,UT,185998,0.3790710287074742,0.6022484112732395
Adams,1814,3907,5862,2020,President,WA,9529,0.31707743401503236,0.6151747297722742
Asotin,4250,7319,11951,2020,President,WA,17474,0.36736105108479555,0.6839304108961887
Benton,38706,60365,103033,2020,President,WA,118110,0.39068950550615217,0.8723478113622893
Chelan,19349,22746,43306,2020,President,WA,50981,0.4596507898800333,0.8494537180518232
Clallam,24721,23062,49264,2020,President,WA,59408,0.5173597304480673,0.829248586049017
Clark,140324,126303,275403,2020,President,WA,301241,0.5262932861263113,0.9142281429154729
Columbia,668,1754,2495,2020,President,WA,3307,0.27580511973575556,0.7544602358633202
Cowlitz,23938,34424,60280,2020,President,WA,77534,0.4101641479044584,0.7774653700312121
Douglas,7811,12955,21308,2020,President,WA,24311,0.3761436964268516,0.8764756694500432
Ferry,1486,2771,4367,2020,President,WA,6058,0.34907211651397696,0.7208649719379333
Franklin,13340,18039,32404,2020,President,WA,35584,0.4251250836546735,0.9106339928057554
Garfield,366,1069,1489,2020,President,WA,1882,0.25505226480836235,0.7911795961742827
Grant,11819,24764,37680,2020,President,WA,52237,0.3230735587567996,0.7213277944751805
Grays Harbor,17354,19877,38441,2020,President,WA,56842,0.4661169455561226,0.6762781042187115
Island,29213,22746,53925,2020,President,WA,63907,0.5622317596566524,0.8438042780916019
Jefferson,17204,6931,24792,2020,President,WA,26161,0.7128237000207168,0.9476701960934215
King,907310,269167,1210507,2020,President,WA,1377247,0.7712092969093318,0.8789323919384104
Kitsap,90277,61563,158672,2020,President,WA,194908,0.5945534773445732,0.814086646007347
Kittitas,11421,14105,26364,2020,President,WA,33035,0.4474261537256131,0.7980626608142879
Klickitat,5959,7237,13560,2020,President,WA,15646,0.4515762352227948,0.8666751885465934
Lewis,14520,29391,45309,2020,President,WA,57971,0.3306688529070165,0.7815804453951114
Lincoln,1713,5150,7033,2020,President,WA,8469,0.24959930059740637,0.8304404298028103
Mason,17269,18710,37303,2020,President,WA,47843,0.47997442952833597,0.7796960892920595
Okanogan,8900,11840,21282,2020,President,WA,30051,0.42912246865959497,0.7081960666866327
Pacific,6794,6953,14064,2020,President,WA,17469,0.4942169200552848,0.8050832904001374
Pend Oreille,2593,5728,8553,2020,President,WA,10468,0.3116211993750751,0.8170615208253725
Pierce,249506,197730,464081,2020,President,WA,588274,0.557884427908308,0.7888857913149315
San Juan,9725,3057,13197,2020,President,WA,13202,0.7608355499921765,0.9996212695046205
Skagit,38252,32762,73423,2020,President,WA,85462,0.5386543498465092,0.8591303737333552
Skamania,3192,3885,7312,2020,President,WA,8745,0.45103857566765576,0.8361349342481418
Snohomish,256728,166428,438796,2020,President,WA,507146,0.6066982389473385,0.86522618733067
Spokane,135765,148576,295430,2020,President,WA,362584,0.4774724714339473,0.8147905037177592
Stevens,7839,19808,28430,2020,President,WA,33968,0.2835389011465982,0.8369642016015073
Thurston,96608,65277,168134,2020,President,WA,191431,0.5967693115483214,0.8783007976764474
Wahkiakum,1165,1741,2981,2020,President,WA,3291,0.40089470061940813,0.9058037070799149
Walla Walla,13690,16400,31261,2020,President,WA,42888,0.4549684280491858,0.7288985263943294
Whatcom,83660,50489,138620,2020,President,WA,153207,0.6236349134171705,0.9047889456748059
Whitman,11184,9067,21126,2020,President,WA,36496,0.5522690237519134,0.5788579570363875
Yakima,43179,50555,96193,2020,President,WA,144240,0.46065461838820493,0.6668954520244038
Adams,969,3150,4131,2022,Senate,WA,9709,0.23525127458120904,0.425481511999176
Asotin,3181,5824,9018,2022,Senate,WA,17804,0.3532481954469739,0.506515389800045
Benton,25513,50108,75749,2022,Senate,WA,120339,0.3373798283545576,0.6294634324699391
Chelan,14373,19833,34273,2022,Senate,WA,51943,0.42018944044904405,0.6598194174383459
Clallam,20784,19401,40279,2022,Senate,WA,60529,0.5172079134005226,0.6654496191908011
Clark,105058,100260,205616,2022,Senate,WA,306925,0.5116843140883898,0.669922619532459
Columbia,592,1575,2179,2022,Senate,WA,3370,0.27318874019381634,0.6465875370919881
Cowlitz,17439,27446,44942,2022,Senate,WA,78997,0.3885262337083658,0.5689076800384825
Douglas,5275,10806,16117,2022,Senate,WA,24770,0.32802686400099496,0.6506661283811062
Ferry,1060,2348,3415,2022,Senate,WA,6172,0.31103286384976525,0.5533052495139339
Franklin,7022,15174,22214,2022,Senate,WA,36256,0.31636330870427104,0.612698587819947
Garfield,307,977,1287,2022,Senate,WA,1917,0.23909657320872274,0.6713615023474179
Grant,7221,19655,26912,2022,Senate,WA,53222,0.26867837475814854,0.5056555559730939
Grays Harbor,13600,15718,29399,2022,Senate,WA,57915,0.46387884576028376,0.5076232409565743
Island,23680,19275,43057,2022,Senate,WA,65113,0.5512745896868816,0.6612657994563298
Jefferson,14970,6185,21199,2022,Senate,WA,26654,0.7076341290475066,0.7953402866361522
King,668692,220307,890942,2022,Senate,WA,1403233,0.752185323043108,0.634920929026042
Kitsap,70939,52134,123351,2022,Senate,WA,198585,0.5763977476782073,0.6211496336581313
Kittitas,8318,12446,20798,2022,Senate,WA,33658,0.40059718743979966,0.6179214451244875
Klickitat,4798,6639,11455,2022,Senate,WA,15941,0.41951560723966075,0.7185872906342137
Lewis,11263,24654,35992,2022,Senate,WA,59065,0.3135840966673163,0.6093625666638449
Lincoln,1423,4716,6154,2022,Senate,WA,8629,0.2317967095618179,0.7131764978560667
Mason,13777,15612,29475,2022,Senate,WA,48746,0.46878083636734835,0.6046649981536947
Okanogan,6644,9926,16604,2022,Senate,WA,30618,0.4009656004828002,0.5422953818015547
Pacific,5771,6137,11943,2022,Senate,WA,17798,0.4846321800470272,0.671030452859872
Pend Oreille,2032,4739,6787,2022,Senate,WA,10665,0.30010338207059517,0.6363806844819503
Pierce,175164,156331,332454,2022,Senate,WA,599373,0.5284061599722469,0.5546696297631024
San Juan,8254,3055,11326,2022,Senate,WA,13451,0.729861172517464,0.8420191807300572
Skagit,29316,27394,56849,2022,Senate,WA,87075,0.5169458649268207,0.6528739592305484
Skamania,2620,3599,6227,2022,Senate,WA,8910,0.42128959639813474,0.6988776655443322
Snohomish,184430,135339,320633,2022,Senate,WA,516715,0.5767600986962463,0.6205219511723097
Spokane,100719,120369,221531,2022,Senate,WA,369425,0.4555606817194963,0.5996643432361102
Stevens,6073,16803,22919,2022,Senate,WA,34609,0.2654747333449904,0.6622265884596492
Thurston,73189,52570,126106,2022,Senate,WA,195043,0.5819782281983794,0.6465548622611424
Wahkiakum,1007,1551,2565,2022,Senate,WA,3353,0.3936669272869429,0.7649865791828213
Walla Walla,10039,14192,24260,2022,Senate,WA,43697,0.4143039907556436,0.5551868549328329
Whatcom,65950,45038,111170,2022,Senate,WA,156098,0.5942083828882402,0.7121808094914733
Whitman,7824,7848,15707,2022,Senate,WA,37184,0.4992343032159265,0.4224128657487091
Yakima,22541,40188,62865,2022,Senate,WA,146961,0.35933938050981207,0.42776655030926575
Adams,1455,3767,5345,2024,President,WA,9799,0.2786288778245883,0.5454638228390652
Asotin,4082,7004,11396,2024,President,WA,17969,0.36821215948042574,0.6342033502142579
Benton,37662,59555,99947,2024,President,WA,121453,0.3874013804170053,0.8229273875490931
Chelan,18397,22363,41893,2024,President,WA,52424,0.4513493621197252,0.7991187242484359
Clallam,25440,21632,48390,2024,President,WA,61089,0.540448674371176,0.7921229681284683
Clark,143206,123998,274795,2024,President,WA,309767,0.5359425757099444,0.887102241362056
Columbia,661,1737,2476,2024,President,WA,3401,0.2756463719766472,0.7280211702440459
Cowlitz,22825,34580,59020,2024,President,WA,79728,0.3976134483058967,0.7402669074854505
Douglas,7410,13095,21069,2024,President,WA,24999,0.36137527432333577,0.84279371174847
Ferry,1315,2667,4096,2024,President,WA,6229,0.3302360622802612,0.6575694332958741
Franklin,11884,19086,31739,2024,President,WA,36591,0.38372618663222474,0.8673990872072368
Garfield,330,973,1343,2024,President,WA,1935,0.25326170376055257,0.6940568475452197
Grant,10806,24326,36069,2024,President,WA,53715,0.30758283046794943,0.6714884110583635
Grays Harbor,17161,19432,37638,2024,President,WA,58451,0.4689694750362091,0.6439239705052094
Island,29595,20967,52075,2024,President,WA,65716,0.5853209920493652,0.7924249802179073
Jefferson,17459,6324,24572,2024,President,WA,26901,0.73409578270193,0.9134232928143935
King,832606,252193,1122881,2024,President,WA,1416226,0.7675209877590227,0.7928685110992172
Kitsap,91731,59080,155893,2024,President,WA,200424,0.6082513874982595,0.7778160300163653
Kittitas,10810,14645,26309,2024,President,WA,33970,0.4246709880180711,0.774477480129526
Klickitat,5917,7178,13527,2024,President,WA,16088,0.45185185185185184,0.8408130283441074
Lewis,14433,29322,45112,2024,President,WA,59612,0.32985944463489886,0.7567603838153392
Lincoln,1678,5272,7107,2024,President,WA,8709,0.2414388489208633,0.8160523596279711
Mason,17215,18127,36502,2024,President,WA,49197,0.4870975043857167,0.741955810313637
Okanogan,8466,11555,20617,2024,President,WA,30902,0.42285600119874134,0.6671736457187237
Pacific,6825,7010,14178,2024,President,WA,17963,0.493314058547163,0.7892890942492902
Pend Oreille,2461,5826,8497,2024,President,WA,10764,0.29697115964764087,0.7893905611296915
Pierce,235169,188194,436685,2024,President,WA,604923,0.5554783956084968,0.721885264736173
San Juan,9539,2890,12939,2024,President,WA,13576,0.7674792823235981,0.953078962875663
Skagit,36956,30765,69837,2024,President,WA,87881,0.545709602634338,0.7946768926161514
Skamania,3147,3961,7314,2024,President,WA,8992,0.4427405740011255,0.8133896797153025
Snohomish,240099,161371,415327,2024,President,WA,521500,0.5980496674720402,0.7964084372003835
Spokane,131163,145338,284958,2024,President,WA,372845,0.4743671813121833,0.7642800627606646
Stevens,7492,19895,28095,2024,President,WA,34929,0.27356044838792126,0.804345958945289
Thurston,95663,62282,163637,2024,President,WA,196849,0.6056728608059767,0.831281845475466
Wahkiakum,1204,1757,3053,2024,President,WA,3384,0.4066193853427896,0.9021867612293144
Walla Walla,13106,15476,29373,2024,President,WA,44101,0.45854034007417255,0.6660393188363075
Whatcom,83295,49213,137006,2024,President,WA,157543,0.6286035560117125,0.8696419390261706
Whitman,10480,8699,19845,2024,President,WA,37529,0.546430992231086,0.5287910682405607
Yakima,36706,49368,88280,2024,President,WA,148322,0.4264470107117132,0.5951915427246127
