state,county,county_id,year,prim_or_gen,pres,treat,cvap,ballots_cast,ballots_cast_dem_pres,ballots_cast_rep_pres,dem_share_pres,dem_share_gov,dem_share_sen,ballots_cast_dem_gov,ballots_cast_rep_gov,turnout_share,year2,state_year
CA,Alameda,1,2020,general,1,0,1083582,770070.0,617659.0,136309.0,0.8192111601553381,,,,,0.7106707198901422,4080400,CA_2020
CA,Alameda,1,2022,general,0,1,1083582,487969.0,,,,0.7931774354518423,,387046.0,100923.0,0.4503295551236547,4088484,CA_2022
CA,Alameda,1,2024,general,1,1,1083582,669907.0,499551.0,140789.0,0.7801339913171128,,,,,0.6182337838760703,4096576,CA_2024
CA,Alpine,2,2020,general,1,0,1273,741.0,476.0,244.0,0.6611111111111111,,,,,0.582089552238806,4080400,CA_2020
CA,Alpine,2,2022,general,0,0,1273,619.0,,,,0.5864297253634895,,363.0,256.0,0.48625294579732914,4088484,CA_2022
CA,Alpine,2,2024,general,1,0,1273,738.0,479.0,243.0,0.6634349030470914,,,,,0.579732914375491,4096576,CA_2024
CA,Amador,3,2020,general,1,1,34130,22304.0,8153.0,13585.0,0.3750575029901555,,,,,0.6535013184881336,4080400,CA_2020
CA,Amador,3,2022,general,0,1,34130,18655.0,,,,0.3230769230769231,,6027.0,12628.0,0.5465865807207735,4088484,CA_2022
CA,Amador,3,2024,general,1,1,34130,22403.0,7783.0,14018.0,0.35700197238658776,,,,,0.6564019923820685,4096576,CA_2024
CA,Butte,4,2020,general,1,1,157637,102066.0,50426.0,48730.0,0.508552180402598,,,,,0.6474748948533656,4080400,CA_2020
CA,Butte,4,2022,general,0,1,157637,72441.0,,,,0.4348642343424304,,31502.0,40939.0,0.45954312756522897,4088484,CA_2022
CA,Butte,4,2024,general,1,1,157637,94556.0,44228.0,47179.0,0.48385791022569385,,,,,0.5998337953653013,4096576,CA_2024
CA,Calaveras,5,2020,general,1,1,37029,27164.0,10046.0,16518.0,0.37818099683782563,,,,,0.7335871884198871,4080400,CA_2020
CA,Calaveras,5,2022,general,0,1,37029,21240.0,,,,0.3344161958568738,,7103.0,14137.0,0.573604472170461,4088484,CA_2022
CA,Calaveras,5,2024,general,1,1,37029,26480.0,9181.0,16625.0,0.35576997597457954,,,,,0.7151151799940587,4096576,CA_2024
CA,Colusa,6,2020,general,1,0,12676,7961.0,3239.0,4559.0,0.4153629135675814,,,,,0.6280372357210476,4080400,CA_2020
CA,Colusa,6,2022,general,0,0,12676,5562.0,,,,0.2792161093131967,,1553.0,4009.0,0.4387819501420006,4088484,CA_2022
CA,Colusa,6,2024,general,1,0,12676,7021.0,2431.0,4414.0,0.35514974433893354,,,,,0.5538813505837804,4096576,CA_2024
CA,Contra Costa,7,2020,general,1,0,792622,581316.0,416386.0,152877.0,0.731447503175158,,,,,0.7334088632412423,4080400,CA_2020
CA,Contra Costa,7,2022,general,0,0,792622,388503.0,,,,0.6830603624682435,,265371.0,123132.0,0.4901491505408631,4088484,CA_2022
CA,Contra Costa,7,2024,general,1,0,792622,528987.0,356008.0,155308.0,0.6962582825493433,,,,,0.6673887426793604,4096576,CA_2024
CA,Del Norte,8,2020,general,1,0,20599,11453.0,4677.0,6461.0,0.4199138085832286,,,,,0.5559978639739793,4080400,CA_2020
CA,Del Norte,8,2022,general,0,0,20599,8375.0,,,,0.3897313432835821,,3264.0,5111.0,0.40657313461818534,4088484,CA_2022
CA,Del Norte,8,2024,general,1,0,20599,10565.0,4266.0,5999.0,0.4155869459327813,,,,,0.5128889751929705,4096576,CA_2024
CA,El Dorado,9,2020,general,1,1,148458,116159.0,51621.0,61838.0,0.4549749248627257,,,,,0.782436783467378,4080400,CA_2020
CA,El Dorado,9,2022,general,0,1,148458,88671.0,,,,0.38946216914210957,,34534.0,54137.0,0.5972800387988522,4088484,CA_2022
CA,El Dorado,9,2024,general,1,1,148458,111908.0,47703.0,61109.0,0.4383983384185568,,,,,0.7538024222338978,4096576,CA_2024
CA,Fresno,10,2020,general,1,1,633991,364917.0,193025.0,164464.0,0.539946683674183,,,,,0.5755870351471867,4080400,CA_2020
CA,Fresno,10,2022,general,0,1,633991,219085.0,,,,0.4492183399137321,,98417.0,120668.0,0.34556484240312557,4088484,CA_2022
CA,Fresno,10,2024,general,1,1,633991,326049.0,151628.0,165924.0,0.47749030080112864,,,,,0.5142801711696223,4096576,CA_2024
CA,Glenn,11,2020,general,1,0,17611,11297.0,3995.0,7063.0,0.36127690359920417,,,,,0.641474078700812,4080400,CA_2020
CA,Glenn,11,2022,general,0,0,17611,7930.0,,,,0.24337957124842372,,1930.0,6000.0,0.4502867525978082,4088484,CA_2022
CA,Glenn,11,2024,general,1,0,17611,10442.0,3260.0,6904.0,0.32073986619441164,,,,,0.5929248764976435,4096576,CA_2024
CA,Humboldt,12,2020,general,1,0,105903,68843.0,44768.0,21770.0,0.6728185397817789,,,,,0.6500571277489778,4080400,CA_2020
CA,Humboldt,12,2022,general,0,0,105903,47798.0,,,,0.618038411649023,,29541.0,18257.0,0.45133754473433235,4088484,CA_2022
CA,Humboldt,12,2024,general,1,1,105903,64232.0,39800.0,21559.0,0.6486416010691178,,,,,0.606517284685042,4096576,CA_2024
CA,Imperial,13,2020,general,1,0,103601,56743.0,34678.0,20847.0,0.6245475011256191,,,,,0.5477070684645902,4080400,CA_2020
CA,Imperial,13,2022,general,0,0,103601,29869.0,,,,0.5594763801935116,,16711.0,13158.0,0.2883080279147885,4088484,CA_2022
CA,Imperial,13,2024,general,1,0,103601,54038.0,26083.0,26546.0,0.49560128446293866,,,,,0.5215972818795186,4096576,CA_2024
CA,Inyo,14,2020,general,1,0,14190,9484.0,4634.0,4620.0,0.5007564296520424,,,,,0.6683579985905568,4080400,CA_2020
CA,Inyo,14,2022,general,0,0,14190,7477.0,,,,0.4523204493780928,,3382.0,4095.0,0.5269203664552502,4088484,CA_2022
CA,Inyo,14,2024,general,1,0,14190,8953.0,4201.0,4468.0,0.4846002999192525,,,,,0.6309372797744891,4096576,CA_2024
CA,Kern,15,2020,general,1,0,550337,305292.0,133366.0,164484.0,0.4477622964579486,,,,,0.5547364614772403,4080400,CA_2020
CA,Kern,15,2022,general,0,0,550337,188712.0,,,,0.36937767603544025,,69706.0,119006.0,0.34290262148465395,4088484,CA_2022
CA,Kern,15,2024,general,1,0,550337,283284.0,108241.0,167879.0,0.39200709836303055,,,,,0.5147464190123506,4096576,CA_2024
CA,Kings,16,2020,general,1,0,93805,43861.0,18699.0,24072.0,0.4371887493862664,,,,,0.46757635520494645,4080400,CA_2020
CA,Kings,16,2022,general,0,1,93805,26912.0,,,,0.34887782401902495,,9389.0,17523.0,0.2868930227599808,4088484,CA_2022
CA,Kings,16,2024,general,1,1,93805,41508.0,15519.0,25074.0,0.38230729436109673,,,,,0.4424924044560524,4096576,CA_2024
CA,Lake,17,2020,general,1,0,49770,28812.0,14941.0,13123.0,0.5323902508551881,,,,,0.5789029535864979,4080400,CA_2020
CA,Lake,17,2022,general,0,0,49770,20131.0,,,,0.4853708211216532,,9771.0,10360.0,0.40448061080972475,4088484,CA_2022
CA,Lake,17,2024,general,1,0,49770,26761.0,12794.0,13161.0,0.49293007127721056,,,,,0.5376933895921238,4096576,CA_2024
CA,Lassen,18,2020,general,1,0,23317,11987.0,2799.0,8970.0,0.23782819270966096,,,,,0.5140884333319038,4080400,CA_2020
CA,Lassen,18,2022,general,0,0,23317,9170.0,,,,0.1574700109051254,,1444.0,7726.0,0.3932752927048934,4088484,CA_2022
CA,Lassen,18,2024,general,1,0,23317,11371.0,2478.0,8619.0,0.22330359556636928,,,,,0.4876699403868422,4096576,CA_2024
CA,Los Angeles,19,2020,general,1,1,6394560,4264365.0,3028885.0,1145530.0,0.7255831056567208,,,,,0.6668738740429365,4080400,CA_2020
CA,Los Angeles,19,2022,general,0,1,6394560,2389227.0,,,,0.6780657509730135,,1620053.0,769174.0,0.37363430791172497,4088484,CA_2022
CA,Los Angeles,19,2024,general,1,1,6394560,3729089.0,2417109.0,1189862.0,0.6701215507416056,,,,,0.5831658472201371,4096576,CA_2024
CA,Madera,20,2020,general,1,1,97627,53732.0,23168.0,29378.0,0.44090891790050624,,,,,0.5503805299763385,4080400,CA_2020
CA,Madera,20,2022,general,0,1,97627,36961.0,,,,0.3593788046860204,,13283.0,23678.0,0.37859403648580825,4088484,CA_2022
CA,Madera,20,2024,general,1,1,97627,54632.0,20981.0,32344.0,0.393455227379278,,,,,0.5595992911796941,4096576,CA_2024
CA,Marin,21,2020,general,1,0,185340,155830.0,128288.0,24612.0,0.839032047089601,,,,,0.8407791086651559,4080400,CA_2020
CA,Marin,21,2022,general,0,1,185340,119064.0,,,,0.8003174763152591,,95289.0,23775.0,0.6424085464551634,4088484,CA_2022
CA,Marin,21,2024,general,1,1,185340,144129.0,116152.0,24054.0,0.8284381552857938,,,,,0.7776464875364195,4096576,CA_2024
CA,Mariposa,22,2020,general,1,1,13315,10280.0,4088.0,5950.0,0.4072524407252441,,,,,0.7720615846789335,4080400,CA_2020
CA,Mariposa,22,2022,general,0,1,13315,7840.0,,,,0.37551020408163266,,2944.0,4896.0,0.588809613218175,4088484,CA_2022
CA,Mariposa,22,2024,general,1,1,13315,9509.0,3622.0,5625.0,0.39169460365523956,,,,,0.7141569658280135,4096576,CA_2024
CA,Mendocino,23,2020,general,1,0,65431,43340.0,28782.0,13267.0,0.684487145948774,,,,,0.6623771606730755,4080400,CA_2020
CA,Mendocino,23,2022,general,0,0,65431,30394.0,,,,0.6261433177600843,,19031.0,11363.0,0.46451987589980287,4088484,CA_2022
CA,Mendocino,23,2024,general,1,0,65431,39219.0,24049.0,13528.0,0.6399925486334727,,,,,0.5993947822897403,4096576,CA_2024
CA,Merced,24,2020,general,1,0,166079,90554.0,48991.0,39397.0,0.5542720731320994,,,,,0.5452465392975632,4080400,CA_2020
CA,Merced,24,2022,general,0,1,166079,55273.0,,,,0.4559188030322219,,25200.0,30073.0,0.3328114933254656,4088484,CA_2022
CA,Merced,24,2024,general,1,1,166079,86411.0,40190.0,43955.0,0.4776279042129657,,,,,0.5203005798445318,4096576,CA_2024
CA,Modoc,25,2020,general,1,0,6607,4343.0,1150.0,3109.0,0.2700164357830477,,,,,0.6573331315271681,4080400,CA_2020
CA,Modoc,25,2022,general,0,0,6607,3412.0,,,,0.20134818288393905,,687.0,2725.0,0.5164219766913879,4088484,CA_2022
CA,Modoc,25,2024,general,1,0,6607,4016.0,1008.0,2884.0,0.2589928057553957,,,,,0.6078401695171788,4096576,CA_2024
CA,Mono,26,2020,general,1,0,9616,6738.0,4013.0,2513.0,0.6149249157217285,,,,,0.7007071547420965,4080400,CA_2020
CA,Mono,26,2022,general,0,0,9616,4569.0,,,,0.5456336178594878,,2493.0,2076.0,0.47514559068219636,4088484,CA_2022
CA,Mono,26,2024,general,1,0,9616,6064.0,3522.0,2294.0,0.6055708390646493,,,,,0.6306156405990017,4096576,CA_2024
CA,Monterey,27,2020,general,1,0,241736,163923.0,113953.0,46299.0,0.7110862890946759,,,,,0.6781075222556839,4080400,CA_2020
CA,Monterey,27,2022,general,0,0,241736,102129.0,,,,0.6390153629233616,,65262.0,36867.0,0.4224815501207929,4088484,CA_2022
CA,Monterey,27,2024,general,1,0,241736,146754.0,93060.0,49226.0,0.6540348312553589,,,,,0.6070837607969024,4096576,CA_2024
CA,Napa,28,2020,general,1,1,96043,72150.0,49817.0,20676.0,0.7066942817017292,,,,,0.7512260133481878,4080400,CA_2020
CA,Napa,28,2022,general,0,1,96043,50108.0,,,,0.6473417418376307,,32437.0,17671.0,0.5217246441697989,4088484,CA_2022
CA,Napa,28,2024,general,1,1,96043,65561.0,43212.0,20357.0,0.6797652944045054,,,,,0.6826213258644566,4096576,CA_2024
CA,Nevada,29,2020,general,1,1,81581,64750.0,36359.0,26779.0,0.5758655643194273,,,,,0.7936897071622069,4080400,CA_2020
CA,Nevada,29,2022,general,0,1,81581,50737.0,,,,0.5253562488913416,,26655.0,24082.0,0.6219217710006006,4088484,CA_2022
CA,Nevada,29,2024,general,1,1,81581,62144.0,33784.0,26177.0,0.5634328980503994,,,,,0.7617459947781959,4096576,CA_2024
CA,Orange,30,2020,general,1,1,2130945,1522113.0,814009.0,676498.0,0.5461289346510952,,,,,0.7142901388820453,4080400,CA_2020
CA,Orange,30,2022,general,0,1,2130945,956940.0,,,,0.48509415428344516,,464206.0,492734.0,0.44906837107480485,4088484,CA_2022
CA,Orange,30,2024,general,1,1,2130945,1391307.0,691731.0,654815.0,0.5137076639045379,,,,,0.6529061050379057,4096576,CA_2024
CA,Placer,31,2020,general,1,0,311090,235084.0,106869.0,122488.0,0.46595046150760605,,,,,0.7556784210357131,4080400,CA_2020
CA,Placer,31,2022,general,0,0,311090,182069.0,,,,0.4043467037222152,,73619.0,108450.0,0.5852614998874923,4088484,CA_2022
CA,Placer,31,2024,general,1,1,311090,234871.0,103958.0,123941.0,0.4561582104353244,,,,,0.7549937317175094,4096576,CA_2024
CA,Plumas,32,2020,general,1,0,15821,11260.0,4561.0,6445.0,0.41441032164274033,,,,,0.7117122811453132,4080400,CA_2020
CA,Plumas,32,2022,general,0,0,15821,8633.0,,,,0.357118035445384,,3083.0,5550.0,0.5456671512546615,4088484,CA_2022
CA,Plumas,32,2024,general,1,0,15821,10070.0,4020.0,5725.0,0.4125192406362237,,,,,0.6364957967258706,4096576,CA_2024
CA,Riverside,33,2020,general,1,0,1654262,997156.0,528340.0,449144.0,0.5405101259969473,,,,,0.6027799707664203,4080400,CA_2020
CA,Riverside,33,2022,general,0,1,1654262,595901.0,,,,0.47826736320294816,,285000.0,310901.0,0.36022165775433396,4088484,CA_2022
CA,Riverside,33,2024,general,1,1,1654262,940510.0,451782.0,463677.0,0.4935032590208846,,,,,0.5685375109867723,4096576,CA_2024
CA,Sacramento,34,2020,general,1,1,1104256,718440.0,440808.0,259405.0,0.6295341560353778,,,,,0.6506100034774545,4080400,CA_2020
CA,Sacramento,34,2022,general,0,1,1104256,477613.0,,,,0.5751099739747453,,274680.0,202933.0,0.43252017648081603,4088484,CA_2022
CA,Sacramento,34,2024,general,1,1,1104256,656747.0,381564.0,252140.0,0.6021170767424538,,,,,0.5947416178857077,4096576,CA_2024
CA,San Benito,35,2020,general,1,0,43074,28830.0,17628.0,10590.0,0.6247076334254731,,,,,0.6693132748293634,4080400,CA_2020
CA,San Benito,35,2022,general,0,1,43074,19578.0,,,,0.5326386760649708,,10428.0,9150.0,0.4545201281515531,4088484,CA_2022
CA,San Benito,35,2024,general,1,1,43074,27652.0,15179.0,11702.0,0.5646739332614114,,,,,0.6419649904814969,4096576,CA_2024
CA,San Bernardino,36,2020,general,1,0,1425320,841130.0,455859.0,366257.0,0.5544947428343445,,,,,0.5901341453147363,4080400,CA_2020
CA,San Bernardino,36,2022,general,0,0,1425320,454500.0,,,,0.4739075907590759,,215391.0,239109.0,0.31887576123256534,4088484,CA_2022
CA,San Bernardino,36,2024,general,1,0,1425320,761846.0,362114.0,378416.0,0.48899301851376714,,,,,0.5345087418965566,4096576,CA_2024
CA,San Diego,37,2020,general,1,0,2315394,1602143.0,964650.0,600094.0,0.6164906208299888,,,,,0.6919526439128718,4080400,CA_2020
CA,San Diego,37,2022,general,0,1,2315394,1029228.0,,,,0.5578171211820899,,574121.0,455107.0,0.4445152747221423,4088484,CA_2022
CA,San Diego,37,2024,general,1,1,2315394,1478028.0,841372.0,593270.0,0.5864682617684411,,,,,0.6383483761295053,4096576,CA_2024
CA,San Francisco,38,2020,general,1,0,616394,443553.0,378156.0,56417.0,0.8701783129646803,,,,,0.7195933120698774,4080400,CA_2020
CA,San Francisco,38,2022,general,0,0,616394,301466.0,,,,0.8538342632336648,,257402.0,44064.0,0.4890800364701798,4088484,CA_2022
CA,San Francisco,38,2024,general,1,0,616394,402997.0,323719.0,62594.0,0.8379707646390362,,,,,0.6537977332680072,4096576,CA_2024
CA,San Joaquin,39,2020,general,1,0,499410,288492.0,161137.0,121098.0,0.5709320247311638,,,,,0.5776656454616448,4080400,CA_2020
CA,San Joaquin,39,2022,general,0,0,499410,177325.0,,,,0.48215423657126744,,85498.0,91827.0,0.3550689813980497,4088484,CA_2022
CA,San Joaquin,39,2024,general,1,0,499410,263709.0,126647.0,128996.0,0.4954057024835415,,,,,0.5280410884844116,4096576,CA_2024
CA,San Luis Obispo,40,2020,general,1,0,219609,159714.0,88310.0,67436.0,0.56701295699408,,,,,0.7272652760132782,4080400,CA_2020
CA,San Luis Obispo,40,2022,general,0,0,219609,119630.0,,,,0.5112931538911645,,61166.0,58464.0,0.5447408803828623,4088484,CA_2022
CA,San Luis Obispo,40,2024,general,1,0,219609,150812.0,81314.0,64932.0,0.5560083694596776,,,,,0.6867295966923032,4096576,CA_2024
CA,San Mateo,41,2020,general,1,1,494554,374251.0,291496.0,75584.0,0.7940939304783698,,,,,0.7567444606655693,4080400,CA_2020
CA,San Mateo,41,2022,general,0,1,494554,247517.0,,,,0.7498434450967004,,185599.0,61918.0,0.5004852857321951,4088484,CA_2022
CA,San Mateo,41,2024,general,1,1,494554,330565.0,242957.0,76616.0,0.7602550903862342,,,,,0.668410325262762,4096576,CA_2024
CA,Santa Barbara,42,2020,general,1,0,288340,200339.0,129963.0,65736.0,0.6640963929299588,,,,,0.6948012762710689,4080400,CA_2020
CA,Santa Barbara,42,2022,general,0,0,288340,135374.0,,,,0.5957421661471184,,80648.0,54726.0,0.4694943469515156,4088484,CA_2022
CA,Santa Barbara,42,2024,general,1,0,288340,184781.0,114149.0,64870.0,0.6376362285567454,,,,,0.6408441423319692,4096576,CA_2024
CA,Santa Clara,43,2020,general,1,1,1164887,850741.0,617967.0,214612.0,0.7422322686495816,,,,,0.7303206233737694,4080400,CA_2020
CA,Santa Clara,43,2022,general,0,1,1164887,541895.0,,,,0.7000931914854354,,379377.0,162518.0,0.46519104428154834,4088484,CA_2022
CA,Santa Clara,43,2024,general,1,1,1164887,750606.0,510744.0,210924.0,0.7077270988875771,,,,,0.6443594958137571,4096576,CA_2024
CA,Santa Cruz,44,2020,general,1,0,191057,144837.0,114246.0,26937.0,0.8092050742653152,,,,,0.7580826664293902,4080400,CA_2020
CA,Santa Cruz,44,2022,general,0,1,191057,104169.0,,,,0.7595061870614098,,79117.0,25052.0,0.5452247235118316,4088484,CA_2022
CA,Santa Cruz,44,2024,general,1,1,191057,134155.0,100998.0,27978.0,0.7830759211016003,,,,,0.7021726500468447,4096576,CA_2024
CA,Shasta,45,2020,general,1,0,138243,92930.0,30000.0,60789.0,0.330436506625252,,,,,0.6722221016615669,4080400,CA_2020
CA,Shasta,45,2022,general,0,0,138243,68520.0,,,,0.2715557501459428,,18607.0,49913.0,0.49564896595125973,4088484,CA_2022
CA,Shasta,45,2024,general,1,0,138243,88919.0,27130.0,59539.0,0.3130300338067821,,,,,0.6432079743639822,4096576,CA_2024
CA,Sierra,46,2020,general,1,0,2256,1931.0,730.0,1142.0,0.38995726495726496,,,,,0.8559397163120568,4080400,CA_2020
CA,Sierra,46,2022,general,0,0,2256,1543.0,,,,0.34283862605314325,,529.0,1014.0,0.6839539007092199,4088484,CA_2022
CA,Sierra,46,2024,general,1,0,2256,1755.0,641.0,1066.0,0.37551259519625074,,,,,0.7779255319148937,4096576,CA_2024
CA,Siskiyou,47,2020,general,1,0,33874,23472.0,9593.0,13290.0,0.4192195079316523,,,,,0.6929208242309736,4080400,CA_2020
CA,Siskiyou,47,2022,general,0,0,33874,17723.0,,,,0.356937313095977,,6326.0,11397.0,0.5232036370077345,4088484,CA_2022
CA,Siskiyou,47,2024,general,1,0,33874,21498.0,8329.0,12461.0,0.4006253006253006,,,,,0.6346460412115487,4096576,CA_2024
CA,Solano,48,2020,general,1,0,316980,205877.0,131639.0,69306.0,0.6550996541342158,,,,,0.6494952362925106,4080400,CA_2020
CA,Solano,48,2022,general,0,0,316980,130619.0,,,,0.5953881135210038,,77769.0,52850.0,0.41207331692851284,4088484,CA_2022
CA,Solano,48,2024,general,1,0,316980,189883.0,113997.0,70345.0,0.6183994965878639,,,,,0.5990377941825983,4096576,CA_2024
CA,Sonoma,49,2020,general,1,0,352389,268317.0,199938.0,61825.0,0.7638130675458334,,,,,0.7614227458859385,4080400,CA_2020
CA,Sonoma,49,2022,general,0,1,352389,197454.0,,,,0.7092335430024208,,140041.0,57413.0,0.5603296357150762,4088484,CA_2022
CA,Sonoma,49,2024,general,1,1,352389,251465.0,179600.0,63426.0,0.7390155785800696,,,,,0.7136005947972269,4096576,CA_2024
CA,Stanislaus,50,2020,general,1,0,349960,214954.0,105841.0,104145.0,0.5040383644623927,,,,,0.6142244827980341,4080400,CA_2020
CA,Stanislaus,50,2022,general,0,1,349960,130967.0,,,,0.4223277619553017,,55311.0,75656.0,0.3742341981940793,4088484,CA_2022
CA,Stanislaus,50,2024,general,1,1,349960,197525.0,85347.0,106986.0,0.44374600302600176,,,,,0.5644216481883644,4096576,CA_2024
CA,Sutter,51,2020,general,1,0,64188,42644.0,17367.0,24375.0,0.41605577116573234,,,,,0.6643609397395152,4080400,CA_2020
CA,Sutter,51,2022,general,0,0,64188,28106.0,,,,0.32313385042339715,,9082.0,19024.0,0.4378700068548638,4088484,CA_2022
CA,Sutter,51,2024,general,1,0,64188,39339.0,13016.0,25372.0,0.33906429092424717,,,,,0.6128715647784633,4096576,CA_2024
CA,Tehama,52,2020,general,1,0,45658,28731.0,8911.0,19141.0,0.317660059888778,,,,,0.6292654080336414,4080400,CA_2020
CA,Tehama,52,2022,general,0,0,45658,20631.0,,,,0.24351703746788814,,5024.0,15607.0,0.4518594769810329,4088484,CA_2022
CA,Tehama,52,2024,general,1,0,45658,26536.0,7415.0,18503.0,0.2860946060652828,,,,,0.5811905909150642,4096576,CA_2024
CA,Trinity,53,2020,general,1,0,12915,6259.0,2851.0,3188.0,0.4720980294750787,,,,,0.4846302748741773,4080400,CA_2020
CA,Trinity,53,2022,general,0,0,12915,4527.0,,,,0.41086812458581845,,1860.0,2667.0,0.3505226480836237,4088484,CA_2022
CA,Trinity,53,2024,general,1,0,12915,5646.0,2449.0,2979.0,0.45117907148120856,,,,,0.43716608594657375,4096576,CA_2024
CA,Tulare,54,2020,general,1,0,273831,146885.0,66105.0,77579.0,0.4600721026697475,,,,,0.53640749221235,4080400,CA_2020
CA,Tulare,54,2022,general,0,0,273831,91326.0,,,,0.36433217265619866,,33273.0,58053.0,0.33351227581975745,4088484,CA_2022
CA,Tulare,54,2024,general,1,0,273831,138309.0,53221.0,81854.0,0.39401073477697574,,,,,0.505088905200653,4096576,CA_2024
CA,Tuolumne,55,2020,general,1,1,44316,30408.0,11978.0,17689.0,0.40374827249132034,,,,,0.686163011102085,4080400,CA_2020
CA,Tuolumne,55,2022,general,0,1,44316,23230.0,,,,0.3646577701248386,,8471.0,14759.0,0.5241899088365376,4088484,CA_2022
CA,Tuolumne,55,2024,general,1,1,44316,28816.0,10909.0,17210.0,0.38795831999715497,,,,,0.6502391912627493,4096576,CA_2024
CA,Ventura,56,2020,general,1,0,573446,422825.0,251388.0,162207.0,0.6078119899902078,,,,,0.7373405691207193,4080400,CA_2020
CA,Ventura,56,2022,general,0,1,573446,280935.0,,,,0.5454144197056259,,153226.0,127709.0,0.4899066346264513,4088484,CA_2022
CA,Ventura,56,2024,general,1,1,573446,387704.0,217424.0,158901.0,0.5777559290506876,,,,,0.6760950464385487,4096576,CA_2024
CA,Yolo,57,2020,general,1,0,154295,97294.0,67598.0,27292.0,0.7123827589840869,,,,,0.6305713082083023,4080400,CA_2020
CA,Yolo,57,2022,general,0,1,154295,67135.0,,,,0.6602815223058017,,44328.0,22807.0,0.4351080721993584,4088484,CA_2022
CA,Yolo,57,2024,general,1,1,154295,92621.0,61405.0,27844.0,0.6880189133771807,,,,,0.6002851680222949,4096576,CA_2024
CA,Yuba,58,2020,general,1,0,57584,29796.0,11230.0,17676.0,0.38850065730298206,,,,,0.5174353987218672,4080400,CA_2020
CA,Yuba,58,2022,general,0,0,57584,19631.0,,,,0.33284091487952727,,6534.0,13097.0,0.3409106696304529,4088484,CA_2022
CA,Yuba,58,2024,general,1,0,57584,30072.0,10725.0,18491.0,0.3670933734939759,,,,,0.5222283967768825,4096576,CA_2024
UT,Beaver,59,2020,general,1,1,4761,3100.0,357.0,2695.0,0.11697247706422019,,,,,0.6511237135055661,4080400,UT_2020
UT,Beaver,59,2024,general,1,1,4761,3253.0,394.0,2781.0,0.12409448818897638,0.10586250527203711,,,,0.6832598193656795,4096576,UT_2024
UT,Box Elder,60,2020,general,1,1,41367,27027.0,4473.0,21548.0,0.1718996195380654,,,,,0.6533468706940315,4080400,UT_2020
UT,Box Elder,60,2024,general,1,1,41367,29668.0,5274.0,22853.0,0.1875066661926263,0.1609891611257856,,,,0.7171900307008001,4096576,UT_2024
UT,Cache,61,2020,general,1,1,94311,57571.0,16650.0,38032.0,0.3044877656267145,,,,,0.6104378068305925,4080400,UT_2020
UT,Cache,61,2024,general,1,1,94311,62148.0,18718.0,39457.0,0.32175333046841426,0.2652195102140275,,,,0.6589687311130197,4096576,UT_2024
UT,Carbon,62,2020,general,1,1,15208,9369.0,2392.0,6693.0,0.26329113924050634,,,,,0.61605733824303,4080400,UT_2020
UT,Carbon,62,2024,general,1,1,15208,9610.0,2525.0,6719.0,0.27315015144958893,0.2683239364428498,,,,0.6319042609153077,4096576,UT_2024
UT,Daggett,63,2020,general,1,1,610,619.0,111.0,496.0,0.1828665568369028,,,,,1.0147540983606558,4080400,UT_2020
UT,Daggett,63,2024,general,1,1,610,557.0,101.0,443.0,0.18566176470588236,0.15550755939524838,,,,0.9131147540983606,4096576,UT_2024
UT,Davis,64,2020,general,1,1,250105,169895.0,57411.0,104135.0,0.3553848439453778,,,,,0.6792946962275844,4080400,UT_2020
UT,Davis,64,2024,general,1,1,250105,172869.0,59895.0,101293.0,0.3715847333548403,0.2957529810098631,,,,0.6911857020051578,4096576,UT_2024
UT,Duchesne,65,2020,general,1,1,13369,8524.0,843.0,7513.0,0.10088559119195788,,,,,0.6375944348866781,4080400,UT_2020
UT,Duchesne,65,2024,general,1,1,13369,9067.0,1009.0,7815.0,0.11434723481414324,0.11288571871608001,,,,0.6782107861470567,4096576,UT_2024
UT,Emery,66,2020,general,1,1,7154,4865.0,572.0,4207.0,0.11969031178070726,,,,,0.6800391389432485,4080400,UT_2020
UT,Emery,66,2024,general,1,1,7154,5077.0,603.0,4341.0,0.12196601941747573,0.12590604026845637,,,,0.7096729102599945,4096576,UT_2024
UT,Garfield,67,2020,general,1,1,4037,2732.0,514.0,2158.0,0.19236526946107785,,,,,0.6767401535793907,4080400,UT_2020
UT,Garfield,67,2024,general,1,1,4037,2857.0,541.0,2211.0,0.19658430232558138,0.17035110533159947,,,,0.7077037404012881,4096576,UT_2024
UT,Grand,68,2020,general,1,1,7603,5185.0,2806.0,2248.0,0.5552037989711119,,,,,0.6819676443509141,4080400,UT_2020
UT,Grand,68,2024,general,1,1,7603,5371.0,2828.0,2327.0,0.5485935984481086,0.5267373890452479,,,,0.7064316717085362,4096576,UT_2024
UT,Iron,69,2020,general,1,1,44144,24890.0,4892.0,18989.0,0.20484904317239647,,,,,0.5638365349764407,4080400,UT_2020
UT,Iron,69,2024,general,1,1,44144,28457.0,5683.0,21571.0,0.20851985029720407,0.19089552957028055,,,,0.6446402682131207,4096576,UT_2024
UT,Juab,70,2020,general,1,1,8352,5866.0,645.0,5087.0,0.11252616887648291,,,,,0.7023467432950191,4080400,UT_2020
UT,Juab,70,2024,general,1,1,8352,6616.0,734.0,5671.0,0.11459797033567526,0.1138682745825603,,,,0.7921455938697318,4096576,UT_2024
UT,Kane,71,2020,general,1,1,6428,4180.0,1083.0,2998.0,0.2653761333006616,,,,,0.6502800248911015,4080400,UT_2020
UT,Kane,71,2024,general,1,1,6428,4560.0,1137.0,3277.0,0.25758948799275033,0.24634356180097505,,,,0.7093963907902925,4096576,UT_2024
UT,Millard,72,2020,general,1,1,8607,6160.0,624.0,5404.0,0.10351692103516921,,,,,0.7156965260834205,4080400,UT_2020
UT,Millard,72,2024,general,1,1,8607,6500.0,713.0,5558.0,0.11369797480465635,0.11861183741383409,,,,0.7551992564191937,4096576,UT_2024
UT,Morgan,73,2020,general,1,1,8523,6512.0,1086.0,5181.0,0.1732886548587841,,,,,0.7640502170597208,4080400,UT_2020
UT,Morgan,73,2024,general,1,1,8523,7005.0,1256.0,5300.0,0.19158023184868822,0.15241855873642646,,,,0.8218936994016192,4096576,UT_2024
UT,Piute,74,2020,general,1,1,1356,871.0,86.0,773.0,0.10011641443538999,,,,,0.6423303834808259,4080400,UT_2020
UT,Piute,74,2024,general,1,1,1356,977.0,94.0,854.0,0.09915611814345991,0.06874189364461739,,,,0.7205014749262537,4096576,UT_2024
UT,Rich,75,2020,general,1,1,1866,1363.0,180.0,1157.0,0.13462976813762154,,,,,0.7304394426580921,4080400,UT_2020
UT,Rich,75,2024,general,1,1,1866,1465.0,214.0,1211.0,0.15017543859649124,0.10819672131147541,,,,0.785101822079314,4096576,UT_2024
UT,Salt Lake,76,2020,general,1,1,809053,541175.0,289906.0,230174.0,0.557425780649131,,,,,0.6688993180916454,4080400,UT_2020
UT,Salt Lake,76,2024,general,1,1,809053,521789.0,273658.0,221555.0,0.5526066561257479,0.4974716463194394,,,,0.6449379706891885,4096576,UT_2024
UT,San Juan,77,2020,general,1,1,10264,6878.0,3113.0,3535.0,0.46826113116726836,,,,,0.6701091192517536,4080400,UT_2020
UT,San Juan,77,2024,general,1,1,10264,6441.0,2581.0,3613.0,0.4166935744268647,0.4708382526564345,,,,0.6275331254871395,4096576,UT_2024
UT,Sanpete,78,2020,general,1,1,21547,12631.0,1794.0,10459.0,0.14641312331673875,,,,,0.5862068965517241,4080400,UT_2020
UT,Sanpete,78,2024,general,1,1,21547,13226.0,1906.0,10653.0,0.1517636754518672,0.1334481274214378,,,,0.6138209495521418,4096576,UT_2024
UT,Sevier,79,2020,general,1,1,15718,10363.0,1084.0,9052.0,0.1069455406471981,,,,,0.6593077999745515,4080400,UT_2020
UT,Sevier,79,2024,general,1,1,15718,11072.0,1236.0,9526.0,0.11484854116335254,0.09571322985957133,,,,0.7044153200152691,4096576,UT_2024
UT,Summit,80,2020,general,1,1,31005,26088.0,15244.0,10252.0,0.5978977094446187,,,,,0.8414126753749396,4080400,UT_2020
UT,Summit,80,2024,general,1,1,31005,26482.0,14612.0,10783.0,0.5753888560740303,0.5051464416662985,,,,0.8541203031769069,4096576,UT_2024
UT,Tooele,81,2020,general,1,1,53205,31518.0,8943.0,21014.0,0.29852788997563173,,,,,0.5923879334648999,4080400,UT_2020
UT,Tooele,81,2024,general,1,1,53205,34652.0,9560.0,23484.0,0.28931122140176735,0.2637852289183469,,,,0.6512921717883657,4096576,UT_2024
UT,Uintah,82,2020,general,1,1,24852,15307.0,1663.0,13261.0,0.11143125167515411,,,,,0.6159262835989056,4080400,UT_2020
UT,Uintah,82,2024,general,1,1,24852,16036.0,1952.0,13599.0,0.12552247443894282,0.12272258508078378,,,,0.6452599388379205,4096576,UT_2024
UT,Utah,83,2020,general,1,1,450907,284480.0,76033.0,192812.0,0.2828135170823337,,,,,0.630906151379331,4080400,UT_2020
UT,Utah,83,2024,general,1,1,450907,308981.0,84937.0,203476.0,0.2944978208333189,0.24169901965998333,,,,0.685243298507231,4096576,UT_2024
UT,Wasatch,84,2020,general,1,1,24443,17581.0,6187.0,10795.0,0.3643269344011306,,,,,0.7192652293090046,4080400,UT_2020
UT,Wasatch,84,2024,general,1,1,24443,18979.0,6459.0,11495.0,0.35975270134788906,0.31292330847643157,,,,0.776459518062431,4096576,UT_2024
UT,Washington,85,2020,general,1,1,142420,90476.0,20530.0,67294.0,0.2337629805064675,,,,,0.6352759443898329,4080400,UT_2020
UT,Washington,85,2024,general,1,1,142420,99137.0,22327.0,73165.0,0.23381016210782055,0.22901824749509053,,,,0.6960890324392641,4096576,UT_2024
UT,Wayne,86,2020,general,1,1,1959,1621.0,365.0,1229.0,0.22898368883312423,,,,,0.8274629913221031,4080400,UT_2020
UT,Wayne,86,2024,general,1,1,1959,1674.0,381.0,1238.0,0.23533045089561458,0.2367986798679868,,,,0.8545176110260337,4096576,UT_2024
UT,Weber,87,2020,general,1,1,188247,111442.0,40695.0,65949.0,0.38159671430178915,,,,,0.5919988100739986,4080400,UT_2020
UT,Weber,87,2024,general,1,1,188247,114612.0,41238.0,67549.0,0.3790710287074742,0.3413299057032367,,,,0.6088383878627548,4096576,UT_2024
WA,Adams,88,2020,general,1,1,9903,5862.0,1814.0,3907.0,0.31707743401503236,0.28412017167381975,,,,0.5919418358073311,4080400,WA_2020
WA,Adams,88,2022,general,0,1,9903,4131.0,,,,,0.23525127458120904,,,0.41714631929718266,4088484,WA_2022
WA,Adams,88,2024,general,1,1,9903,5365.0,1455.0,3767.0,0.2786288778245883,0.2653487930051321,,,,0.5417550237301828,4096576,WA_2024
WA,Asotin,89,2020,general,1,1,17729,11951.0,4250.0,7319.0,0.36736105108479555,0.35577329166314725,,,,0.6740932934739692,4080400,WA_2020
WA,Asotin,89,2022,general,0,1,17729,9018.0,,,,,0.3532481954469739,,,0.508658130746235,4088484,WA_2022
WA,Asotin,89,2024,general,1,1,17729,11468.0,4082.0,7004.0,0.36821215948042574,0.3589241182757392,,,,0.646849794122624,4096576,WA_2024
WA,Benton,90,2020,general,1,1,144825,103033.0,38706.0,60365.0,0.39068950550615217,0.3617604716528416,,,,0.7114310374590023,4080400,WA_2020
WA,Benton,90,2022,general,0,1,144825,75749.0,,,,,0.3373798283545576,,,0.5230381494907648,4088484,WA_2022
WA,Benton,90,2024,general,1,1,144825,100693.0,37662.0,59555.0,0.3874013804170053,0.36083037974683546,,,,0.695273606076299,4096576,WA_2024
WA,Chelan,91,2020,general,1,1,55974,43306.0,19349.0,22746.0,0.4596507898800333,0.41817163656726863,,,,0.7736806374388109,4080400,WA_2020
WA,Chelan,91,2022,general,0,1,55974,34273.0,,,,,0.42018944044904405,,,0.6123021402794154,4088484,WA_2022
WA,Chelan,91,2024,general,1,1,55974,42191.0,18397.0,22363.0,0.4513493621197252,0.4128869690424766,,,,0.7537606745989209,4096576,WA_2024
WA,Clallam,92,2020,general,1,1,64145,49264.0,24721.0,23062.0,0.5173597304480673,0.497204423948088,,,,0.7680099773949646,4080400,WA_2020
WA,Clallam,92,2022,general,0,1,64145,40279.0,,,,,0.5172079134005226,,,0.6279367059006937,4088484,WA_2022
WA,Clallam,92,2024,general,1,1,64145,48663.0,25440.0,21632.0,0.540448674371176,0.5168273755987366,,,,0.7586405799360824,4096576,WA_2024
WA,Clark,93,2020,general,1,1,378085,275403.0,140324.0,126303.0,0.5262932861263113,0.5096098532340143,,,,0.7284155679278469,4080400,WA_2020
WA,Clark,93,2022,general,0,1,378085,205616.0,,,,,0.5116843140883898,,,0.543835380932859,4088484,WA_2022
WA,Clark,93,2024,general,1,1,378085,276578.0,143206.0,123998.0,0.5359425757099444,0.5147972927595496,,,,0.7315233346998691,4096576,WA_2024
WA,Columbia,94,2020,general,1,1,3171,2495.0,668.0,1754.0,0.27580511973575556,0.26386078510724403,,,,0.7868180384736676,4080400,WA_2020
WA,Columbia,94,2022,general,0,1,3171,2179.0,,,,,0.27318874019381634,,,0.6871649321980448,4088484,WA_2022
WA,Columbia,94,2024,general,1,1,3171,2485.0,661.0,1737.0,0.2756463719766472,0.25866336633663367,,,,0.7836644591611479,4096576,WA_2024
WA,Cowlitz,95,2020,general,1,1,84596,60280.0,23938.0,34424.0,0.4101641479044584,0.3722890758555962,,,,0.7125632417608397,4080400,WA_2020
WA,Cowlitz,95,2022,general,0,1,84596,44942.0,,,,,0.3885262337083658,,,0.5312544328337038,4088484,WA_2022
WA,Cowlitz,95,2024,general,1,1,84596,59325.0,22825.0,34580.0,0.3976134483058967,0.3806077898862113,,,,0.7012742919286964,4096576,WA_2024
WA,Douglas,96,2020,general,1,1,28541,21308.0,7811.0,12955.0,0.3761436964268516,0.3395476483391691,,,,0.7465751024841456,4080400,WA_2020
WA,Douglas,96,2022,general,0,1,28541,16117.0,,,,,0.32802686400099496,,,0.5646964016677761,4088484,WA_2022
WA,Douglas,96,2024,general,1,1,28541,21182.0,7410.0,13095.0,0.36137527432333577,0.3351023140179767,,,,0.7421604008268806,4096576,WA_2024
WA,Ferry,97,2020,general,1,1,6054,4367.0,1486.0,2771.0,0.34907211651397696,0.3095512082853855,,,,0.7213412619755534,4080400,WA_2020
WA,Ferry,97,2022,general,0,1,6054,3415.0,,,,,0.31103286384976525,,,0.5640898579451602,4088484,WA_2022
WA,Ferry,97,2024,general,1,1,6054,4119.0,1315.0,2667.0,0.3302360622802612,0.3095472440944882,,,,0.680376610505451,4096576,WA_2024
WA,Franklin,98,2020,general,1,1,56146,32404.0,13340.0,18039.0,0.4251250836546735,0.3964881855625407,,,,0.5771381754710933,4080400,WA_2020
WA,Franklin,98,2022,general,0,1,56146,22214.0,,,,,0.31636330870427104,,,0.3956470630142842,4088484,WA_2022
WA,Franklin,98,2024,general,1,1,56146,31897.0,11884.0,19086.0,0.38372618663222474,0.3665368146550336,,,,0.5681081466177466,4096576,WA_2024
WA,Garfield,99,2020,general,1,1,1859,1489.0,366.0,1069.0,0.25505226480836235,0.23790047716428084,,,,0.800968262506724,4080400,WA_2020
WA,Garfield,99,2022,general,0,1,1859,1287.0,,,,,0.23909657320872274,,,0.6923076923076923,4088484,WA_2022
WA,Garfield,99,2024,general,1,1,1859,1352.0,330.0,973.0,0.25326170376055257,0.2193690388848129,,,,0.7272727272727273,4096576,WA_2024
WA,Grant,100,2020,general,1,1,61010,37680.0,11819.0,24764.0,0.3230735587567996,0.2878905310420397,,,,0.6176036715292575,4080400,WA_2020
WA,Grant,100,2022,general,0,1,61010,26912.0,,,,,0.26867837475814854,,,0.44110801507949515,4088484,WA_2022
WA,Grant,100,2024,general,1,1,61010,36253.0,10806.0,24326.0,0.30758283046794943,0.29320312061514286,,,,0.5942140632683167,4096576,WA_2024
WA,Grays Harbor,101,2020,general,1,1,59336,38441.0,17354.0,19877.0,0.4661169455561226,0.4321252749554834,,,,0.6478529054873938,4080400,WA_2020
WA,Grays Harbor,101,2022,general,0,1,59336,29399.0,,,,,0.46387884576028376,,,0.49546649588782526,4088484,WA_2022
WA,Grays Harbor,101,2024,general,1,1,59336,37793.0,17161.0,19432.0,0.4689694750362091,0.4439380127620784,,,,0.6369320479978428,4096576,WA_2024
WA,Island,102,2020,general,1,1,69508,53925.0,29213.0,22746.0,0.5622317596566524,0.528978720215795,,,,0.7758099787074869,4080400,WA_2020
WA,Island,102,2022,general,0,1,69508,43057.0,,,,,0.5512745896868816,,,0.619453875812856,4088484,WA_2022
WA,Island,102,2024,general,1,1,69508,52449.0,29595.0,20967.0,0.5853209920493652,0.5412145403813362,,,,0.7545750129481499,4096576,WA_2024
WA,Jefferson,103,2020,general,1,1,29206,24792.0,17204.0,6931.0,0.7128237000207168,0.6895264375278984,,,,0.8488666712319386,4080400,WA_2020
WA,Jefferson,103,2022,general,0,1,29206,21199.0,,,,,0.7076341290475066,,,0.7258440046565774,4088484,WA_2022
WA,Jefferson,103,2024,general,1,1,29206,24698.0,17459.0,6324.0,0.73409578270193,0.7017092971076572,,,,0.8456481544888037,4096576,WA_2024
WA,King,104,2020,general,1,1,1564199,1210507.0,907310.0,269167.0,0.7712092969093318,0.7429479000264569,,,,0.7738829905913506,4080400,WA_2020
WA,King,104,2022,general,0,1,1564199,890942.0,,,,,0.752185323043108,,,0.5695835376445069,4088484,WA_2022
WA,King,104,2024,general,1,1,1564199,1130502.0,832606.0,252193.0,0.7675209877590227,0.7172889334343403,,,,0.7227354064284659,4096576,WA_2024
WA,Kitsap,105,2020,general,1,1,215858,158672.0,90277.0,61563.0,0.5945534773445732,0.558826900301807,,,,0.7350758368927721,4080400,WA_2020
WA,Kitsap,105,2022,general,0,1,215858,123351.0,,,,,0.5763977476782073,,,0.5714451166970879,4088484,WA_2022
WA,Kitsap,105,2024,general,1,1,215858,156872.0,91731.0,59080.0,0.6082513874982595,0.5681581214016954,,,,0.7267370215604703,4096576,WA_2024
WA,Kittitas,106,2020,general,1,1,38188,26364.0,11421.0,14105.0,0.4474261537256131,0.40347179644389947,,,,0.6903739394574212,4080400,WA_2020
WA,Kittitas,106,2022,general,0,1,38188,20798.0,,,,,0.40059718743979966,,,0.5446213470200063,4088484,WA_2022
WA,Kittitas,106,2024,general,1,1,38188,26499.0,10810.0,14645.0,0.4246709880180711,0.3708167024869512,,,,0.6939090813868231,4096576,WA_2024
WA,Klickitat,107,2020,general,1,1,18038,13560.0,5959.0,7237.0,0.4515762352227948,0.42396484956806674,,,,0.7517463133385076,4080400,WA_2020
WA,Klickitat,107,2022,general,0,1,18038,11455.0,,,,,0.41951560723966075,,,0.635048231511254,4088484,WA_2022
WA,Klickitat,107,2024,general,1,1,18038,13607.0,5917.0,7178.0,0.45185185185185184,0.42738059477320517,,,,0.7543519237165983,4096576,WA_2024
WA,Lewis,108,2020,general,1,1,64394,45309.0,14520.0,29391.0,0.3306688529070165,0.306268974228289,,,,0.7036214554151008,4080400,WA_2020
WA,Lewis,108,2022,general,0,1,64394,35992.0,,,,,0.3135840966673163,,,0.5589340621797062,4088484,WA_2022
WA,Lewis,108,2024,general,1,1,64394,45338.0,14433.0,29322.0,0.32985944463489886,0.3067023530723765,,,,0.7040718079324161,4096576,WA_2024
WA,Lincoln,109,2020,general,1,1,8883,7033.0,1713.0,5150.0,0.24959930059740637,0.21875,,,,0.7917370257795789,4080400,WA_2020
WA,Lincoln,109,2022,general,0,1,8883,6154.0,,,,,0.2317967095618179,,,0.6927839693797141,4088484,WA_2022
WA,Lincoln,109,2024,general,1,1,8883,7144.0,1678.0,5272.0,0.2414388489208633,0.22525838878663457,,,,0.8042328042328042,4096576,WA_2024
WA,Mason,110,2020,general,1,1,52127,37303.0,17269.0,18710.0,0.47997442952833597,0.4452298726527088,,,,0.7156176261822088,4080400,WA_2020
WA,Mason,110,2022,general,0,1,52127,29475.0,,,,,0.46878083636734835,,,0.5654459301321771,4088484,WA_2022
WA,Mason,110,2024,general,1,1,52127,36689.0,17215.0,18127.0,0.4870975043857167,0.4478194655960127,,,,0.7038387016325512,4096576,WA_2024
WA,Okanogan,111,2020,general,1,1,29999,21282.0,8900.0,11840.0,0.42912246865959497,0.39250744997871434,,,,0.7094236474549152,4080400,WA_2020
WA,Okanogan,111,2022,general,0,1,29999,16604.0,,,,,0.4009656004828002,,,0.553485116170539,4088484,WA_2022
WA,Okanogan,111,2024,general,1,1,29999,20732.0,8466.0,11555.0,0.42285600119874134,0.402437226671908,,,,0.6910897029900996,4096576,WA_2024
WA,Pacific,112,2020,general,1,1,19734,14064.0,6794.0,6953.0,0.4942169200552848,0.4660513701080346,,,,0.7126786257221039,4080400,WA_2020
WA,Pacific,112,2022,general,0,1,19734,11943.0,,,,,0.4846321800470272,,,0.6051991486774095,4088484,WA_2022
WA,Pacific,112,2024,general,1,1,19734,14244.0,6825.0,7010.0,0.493314058547163,0.4759053321927573,,,,0.7217999391912435,4096576,WA_2024
WA,Pend Oreille,113,2020,general,1,1,11230,8553.0,2593.0,5728.0,0.3116211993750751,0.29662417374881966,,,,0.7616206589492431,4080400,WA_2020
WA,Pend Oreille,113,2022,general,0,1,11230,6787.0,,,,,0.30010338207059517,,,0.6043633125556545,4088484,WA_2022
WA,Pend Oreille,113,2024,general,1,1,11230,8545.0,2461.0,5826.0,0.29697115964764087,0.2924976258309592,,,,0.7609082813891362,4096576,WA_2024
WA,Pierce,114,2020,general,1,1,676964,464081.0,249506.0,197730.0,0.557884427908308,0.5187287173666288,,,,0.6855327609739956,4080400,WA_2020
WA,Pierce,114,2022,general,0,1,676964,332454.0,,,,,0.5284061599722469,,,0.49109553831518366,4088484,WA_2022
WA,Pierce,114,2024,general,1,1,676964,439581.0,235169.0,188194.0,0.5554783956084968,0.509176147336431,,,,0.6493417670659001,4096576,WA_2024
WA,San Juan,115,2020,general,1,1,15596,13197.0,9725.0,3057.0,0.7608355499921765,0.7352132049518569,,,,0.8461785073095666,4080400,WA_2020
WA,San Juan,115,2022,general,0,1,15596,11326.0,,,,,0.729861172517464,,,0.7262118491921006,4088484,WA_2022
WA,San Juan,115,2024,general,1,1,15596,13006.0,9539.0,2890.0,0.7674792823235981,0.7332914967053655,,,,0.8339317773788151,4096576,WA_2024
WA,Skagit,116,2020,general,1,1,97935,73423.0,38252.0,32762.0,0.5386543498465092,0.5002745442565342,,,,0.749711543370603,4080400,WA_2020
WA,Skagit,116,2022,general,0,1,97935,56849.0,,,,,0.5169458649268207,,,0.5804768468882422,4088484,WA_2022
WA,Skagit,116,2024,general,1,1,97935,70256.0,36956.0,30765.0,0.545709602634338,0.5042721427330128,,,,0.7173737683157196,4096576,WA_2024
WA,Skamania,117,2020,general,1,1,10112,7312.0,3192.0,3885.0,0.45103857566765576,0.4318840579710145,,,,0.7231012658227848,4080400,WA_2020
WA,Skamania,117,2022,general,0,1,10112,6227.0,,,,,0.42128959639813474,,,0.6158030063291139,4088484,WA_2022
WA,Skamania,117,2024,general,1,1,10112,7355.0,3147.0,3961.0,0.4427405740011255,0.4266778289381889,,,,0.7273536392405063,4096576,WA_2024
WA,Snohomish,118,2020,general,1,1,585933,438796.0,256728.0,166428.0,0.6066982389473385,0.5633568222548905,,,,0.7488842580977688,4080400,WA_2020
WA,Snohomish,118,2022,general,0,1,585933,320633.0,,,,,0.5767600986962463,,,0.5472178559664671,4088484,WA_2022
WA,Snohomish,118,2024,general,1,1,585933,418221.0,240099.0,161371.0,0.5980496674720402,0.5511555192374503,,,,0.713769321748391,4096576,WA_2024
WA,Spokane,119,2020,general,1,1,419776,295430.0,135765.0,148576.0,0.4774724714339473,0.4498005954819853,,,,0.7037801112974539,4080400,WA_2020
WA,Spokane,119,2022,general,0,1,419776,221531.0,,,,,0.4555606817194963,,,0.5277362212227473,4088484,WA_2022
WA,Spokane,119,2024,general,1,1,419776,287082.0,131163.0,145338.0,0.4743671813121833,0.4531551880895556,,,,0.683893314529654,4096576,WA_2024
WA,Stevens,120,2020,general,1,1,37662,28430.0,7839.0,19808.0,0.2835389011465982,0.261282912175296,,,,0.7548722850618661,4080400,WA_2020
WA,Stevens,120,2022,general,0,1,37662,22919.0,,,,,0.2654747333449904,,,0.6085444214327439,4088484,WA_2022
WA,Stevens,120,2024,general,1,1,37662,28246.0,7492.0,19895.0,0.27356044838792126,0.2598016398725339,,,,0.749986724018905,4096576,WA_2024
WA,Thurston,121,2020,general,1,1,227096,168134.0,96608.0,65277.0,0.5967693115483214,0.5638185876110666,,,,0.7403653080635502,4080400,WA_2020
WA,Thurston,121,2022,general,0,1,227096,126106.0,,,,,0.5819782281983794,,,0.5552981998802269,4088484,WA_2022
WA,Thurston,121,2024,general,1,1,227096,164537.0,95663.0,62282.0,0.6056728608059767,0.5582666502523698,,,,0.7245261915665622,4096576,WA_2024
WA,Wahkiakum,122,2020,general,1,1,3817,2981.0,1165.0,1741.0,0.40089470061940813,0.3717948717948718,,,,0.7809798270893372,4080400,WA_2020
WA,Wahkiakum,122,2022,general,0,1,3817,2565.0,,,,,0.3936669272869429,,,0.6719937123395336,4088484,WA_2022
WA,Wahkiakum,122,2024,general,1,1,3817,3062.0,1204.0,1757.0,0.4066193853427896,0.3856143856143856,,,,0.8022006811632172,4096576,WA_2024
WA,Walla Walla,123,2020,general,1,1,46523,31261.0,13690.0,16400.0,0.4549684280491858,0.43065220909532287,,,,0.6719472089074221,4080400,WA_2020
WA,Walla Walla,123,2022,general,0,1,46523,24260.0,,,,,0.4143039907556436,,,0.5214625024181587,4088484,WA_2022
WA,Walla Walla,123,2024,general,1,1,46523,29568.0,13106.0,15476.0,0.45854034007417255,0.4258356784954355,,,,0.6355566064097328,4096576,WA_2024
WA,Whatcom,124,2020,general,1,1,178126,138620.0,83660.0,50489.0,0.6236349134171705,0.5961493718008376,,,,0.7782131749435792,4080400,WA_2020
WA,Whatcom,124,2022,general,0,1,178126,111170.0,,,,,0.5942083828882402,,,0.6241087769331821,4088484,WA_2022
WA,Whatcom,124,2024,general,1,1,178126,137868.0,83295.0,49213.0,0.6286035560117125,0.5978899298111656,,,,0.7739914442585586,4096576,WA_2024
WA,Whitman,125,2020,general,1,1,37497,21126.0,11184.0,9067.0,0.5522690237519134,0.5179752660339373,,,,0.5634050724057925,4080400,WA_2020
WA,Whitman,125,2022,general,0,1,37497,15707.0,,,,,0.4992343032159265,,,0.4188868442808758,4088484,WA_2022
WA,Whitman,125,2024,general,1,1,37497,20027.0,10480.0,8699.0,0.546430992231086,0.5121084429100878,,,,0.5340960610182148,4096576,WA_2024
WA,Yakima,126,2020,general,1,1,153356,96193.0,43179.0,50555.0,0.46065461838820493,0.432046530672238,,,,0.6272529278280602,4080400,WA_2020
WA,Yakima,126,2022,general,0,1,153356,62865.0,,,,,0.35933938050981207,,,0.4099285323039203,4088484,WA_2022
WA,Yakima,126,2024,general,1,1,153356,88751.0,36706.0,49368.0,0.4264470107117132,0.4022535275845073,,,,0.5787253188659067,4096576,WA_2024
