county,state,year,office,dem_votes,rep_votes,total_votes,cvap,treat,treat_year,dem_share,rep_share,turnout,log_cvap,county_id,state_year,county_idx,state_year_idx,year_2020,year_2022,year_2024,state_CA,state_UT,state_WA
Alameda,CA,2020,pres,617659.0,136309.0,770070.0,1091231,0,2022.0,0.8192111601553381,0.18078883984466185,0.7056892628600178,13.902816974758712,CA_Alameda,CA_2020,0,0,1,0,0,1,0,0
Alpine,CA,2020,pres,476.0,244.0,741.0,912,0,inf,0.6611111111111111,0.3388888888888889,0.8125,6.815639990074331,CA_Alpine,CA_2020,1,0,1,0,0,1,0,0
Amador,CA,2020,pres,8153.0,13585.0,22304.0,31737,1,2020.0,0.3750575029901555,0.6249424970098445,0.7027759397548603,10.365238471654884,CA_Amador,CA_2020,2,0,1,0,0,1,0,0
Butte,CA,2020,pres,50426.0,48730.0,102066.0,177316,1,2020.0,0.508552180402598,0.4914478195974021,0.5756164136344154,12.085688730517479,CA_Butte,CA_2020,3,0,1,0,0,1,0,0
Calaveras,CA,2020,pres,10046.0,16518.0,27164.0,36888,1,2020.0,0.37818099683782563,0.6218190031621744,0.7363912383430926,10.515641573886542,CA_Calaveras,CA_2020,4,0,1,0,0,1,0,0
Colusa,CA,2020,pres,3239.0,4559.0,7961.0,12617,0,inf,0.4153629135675814,0.5846370864324185,0.6309740825869858,9.442800389927742,CA_Colusa,CA_2020,5,0,1,0,0,1,0,0
Contra Costa,CA,2020,pres,416386.0,152877.0,581316.0,767774,0,inf,0.731447503175158,0.26855249682484195,0.757144680596113,13.551250697990318,CA_Contra Costa,CA_2020,6,0,1,0,0,1,0,0
Del Norte,CA,2020,pres,4677.0,6461.0,11453.0,21022,0,inf,0.4199138085832286,0.5800861914167714,0.5448101988393111,9.9533247873833,CA_Del Norte,CA_2020,7,0,1,0,0,1,0,0
El Dorado,CA,2020,pres,51621.0,61838.0,116159.0,143901,1,2020.0,0.4549749248627257,0.5450250751372743,0.8072146823163147,11.87688084212164,CA_El Dorado,CA_2020,8,0,1,0,0,1,0,0
Fresno,CA,2020,pres,193025.0,164464.0,364917.0,592660,1,2020.0,0.539946683674183,0.46005331632581703,0.6157273985084196,13.292376157730686,CA_Fresno,CA_2020,9,0,1,0,0,1,0,0
Glenn,CA,2020,pres,3995.0,7063.0,11297.0,17227,0,inf,0.36127690359920417,0.6387230964007958,0.6557729146107854,9.75423319944637,CA_Glenn,CA_2020,10,0,1,0,0,1,0,0
Humboldt,CA,2020,pres,44768.0,21770.0,68843.0,107508,0,2024.0,0.6728185397817789,0.32718146021822114,0.6403523458719351,11.58532054238558,CA_Humboldt,CA_2020,11,0,1,0,0,1,0,0
Imperial,CA,2020,pres,34678.0,20847.0,56743.0,104672,0,2024.0,0.6245475011256191,0.3754524988743809,0.5421029501681442,11.55858693033811,CA_Imperial,CA_2020,12,0,1,0,0,1,0,0
Inyo,CA,2020,pres,4634.0,4620.0,9484.0,13933,0,inf,0.5007564296520424,0.49924357034795763,0.6806861408167659,9.542015406113592,CA_Inyo,CA_2020,13,0,1,0,0,1,0,0
Kern,CA,2020,pres,133366.0,164484.0,305292.0,525952,0,inf,0.4477622964579486,0.5522377035420514,0.580456011194938,13.172965232803026,CA_Kern,CA_2020,14,0,1,0,0,1,0,0
Kings,CA,2020,pres,18699.0,24072.0,43861.0,94900,0,2022.0,0.4371887493862664,0.5628112506137336,0.46218124341412015,11.460578984598019,CA_Kings,CA_2020,15,0,1,0,0,1,0,0
Lake,CA,2020,pres,14941.0,13123.0,28812.0,48756,0,inf,0.5323902508551881,0.46760974914481185,0.5909426532119124,10.794583545775726,CA_Lake,CA_2020,16,0,1,0,0,1,0,0
Lassen,CA,2020,pres,2799.0,8970.0,11987.0,25647,0,inf,0.23782819270966096,0.7621718072903391,0.46738409950481535,10.152181884694343,CA_Lassen,CA_2020,17,0,1,0,0,1,0,0
Los Angeles,CA,2020,pres,3028885.0,1145530.0,4264365.0,6397822,1,2020.0,0.7255831056567208,0.27441689434327926,0.6665338610545901,15.67146817791046,CA_Los Angeles,CA_2020,18,0,1,0,0,1,0,0
Madera,CA,2020,pres,23168.0,29378.0,53732.0,93120,1,2018.0,0.44090891790050624,0.5590910820994938,0.5770189003436426,11.441644262965264,CA_Madera,CA_2020,19,0,1,0,0,1,0,0
Marin,CA,2020,pres,128288.0,24612.0,155830.0,188235,0,2022.0,0.839032047089601,0.16096795291039895,0.8278481685127633,12.145446461212519,CA_Marin,CA_2020,20,0,1,0,0,1,0,0
Mariposa,CA,2020,pres,4088.0,5950.0,10280.0,14280,1,2020.0,0.4072524407252441,0.592747559274756,0.7198879551820728,9.566615235893575,CA_Mariposa,CA_2020,21,0,1,0,0,1,0,0
Mendocino,CA,2020,pres,28782.0,13267.0,43340.0,62979,0,inf,0.684487145948774,0.315512854051226,0.6881658965686975,11.050556616472432,CA_Mendocino,CA_2020,22,0,1,0,0,1,0,0
Merced,CA,2020,pres,48991.0,39397.0,90554.0,152097,0,2022.0,0.5542720731320994,0.44572792686790064,0.5953700598959875,11.932273754186989,CA_Merced,CA_2020,23,0,1,0,0,1,0,0
Modoc,CA,2020,pres,1150.0,3109.0,4343.0,6869,0,inf,0.2700164357830477,0.7299835642169523,0.6322608822244868,8.834773814213882,CA_Modoc,CA_2020,24,0,1,0,0,1,0,0
Mono,CA,2020,pres,4013.0,2513.0,6738.0,9894,0,inf,0.6149249157217285,0.38507508427827153,0.6810187992722863,9.199683791787654,CA_Mono,CA_2020,25,0,1,0,0,1,0,0
Monterey,CA,2020,pres,113953.0,46299.0,163923.0,235329,0,inf,0.7110862890946759,0.28891371090532414,0.6965694835740601,12.368739814040003,CA_Monterey,CA_2020,26,0,1,0,0,1,0,0
Napa,CA,2020,pres,49817.0,20676.0,72150.0,96787,1,2018.0,0.7066942817017292,0.29330571829827073,0.7454513519377602,11.480267966725288,CA_Napa,CA_2020,27,0,1,0,0,1,0,0
Nevada,CA,2020,pres,36359.0,26779.0,64750.0,80508,1,2018.0,0.5758655643194273,0.42413443568057274,0.8042678988423511,11.296111837350889,CA_Nevada,CA_2020,28,0,1,0,0,1,0,0
Orange,CA,2020,pres,814009.0,676498.0,1522113.0,2082661,1,2020.0,0.5461289346510952,0.45387106534890476,0.730850099944254,14.549156960959168,CA_Orange,CA_2020,29,0,1,0,0,1,0,0
Placer,CA,2020,pres,106869.0,122488.0,235084.0,286400,0,2024.0,0.46595046150760605,0.534049538492394,0.8208240223463688,12.565144714068628,CA_Placer,CA_2020,30,0,1,0,0,1,0,0
Plumas,CA,2020,pres,4561.0,6445.0,11260.0,15544,0,inf,0.41441032164274033,0.5855896783572597,0.7243952650540402,9.651429991057276,CA_Plumas,CA_2020,31,0,1,0,0,1,0,0
Riverside,CA,2020,pres,528340.0,449144.0,997156.0,1552582,0,2022.0,0.5405101259969473,0.45948987400305275,0.6422565764642383,14.255429909430374,CA_Riverside,CA_2020,32,0,1,0,0,1,0,0
Sacramento,CA,2020,pres,440808.0,259405.0,718440.0,1048101,1,2018.0,0.6295341560353778,0.3704658439646222,0.6854682897926822,13.862490513265247,CA_Sacramento,CA_2020,33,0,1,0,0,1,0,0
San Benito,CA,2020,pres,17628.0,10590.0,28830.0,37944,0,2022.0,0.6247076334254731,0.3752923665745269,0.7598039215686274,10.543866667557417,CA_San Benito,CA_2020,34,0,1,0,0,1,0,0
San Bernardino,CA,2020,pres,455859.0,366257.0,841130.0,1374776,0,inf,0.5544947428343445,0.4455052571656555,0.6118305818547894,14.133801366720773,CA_San Bernardino,CA_2020,35,0,1,0,0,1,0,0
San Diego,CA,2020,pres,964650.0,600094.0,1602143.0,2282056,0,2022.0,0.6164906208299888,0.3835093791700112,0.7020612114689561,14.640587348980361,CA_San Diego,CA_2020,36,0,1,0,0,1,0,0
San Francisco,CA,2020,pres,378156.0,56417.0,443553.0,659475,0,inf,0.8701783129646803,0.12982168703531974,0.6725850108040486,13.399199342915313,CA_San Francisco,CA_2020,37,0,1,0,0,1,0,0
San Joaquin,CA,2020,pres,161137.0,121098.0,288492.0,457954,0,inf,0.5709320247311638,0.4290679752688363,0.6299584674443285,13.034524021370999,CA_San Joaquin,CA_2020,38,0,1,0,0,1,0,0
San Luis Obispo,CA,2020,pres,88310.0,67436.0,159714.0,221355,0,inf,0.56701295699408,0.4329870430059199,0.7215287660093515,12.30752302656566,CA_San Luis Obispo,CA_2020,39,0,1,0,0,1,0,0
San Mateo,CA,2020,pres,291496.0,75584.0,374251.0,508102,1,2018.0,0.7940939304783698,0.20590606952163015,0.736566673620651,13.138437493807102,CA_San Mateo,CA_2020,40,0,1,0,0,1,0,0
Santa Barbara,CA,2020,pres,129963.0,65736.0,200339.0,287334,0,inf,0.6640963929299588,0.33590360707004124,0.697233881127886,12.568400581160644,CA_Santa Barbara,CA_2020,41,0,1,0,0,1,0,0
Santa Clara,CA,2020,pres,617967.0,214612.0,850741.0,1193649,1,2020.0,0.7422322686495816,0.2577677313504184,0.7127229193841741,13.992525559867833,CA_Santa Clara,CA_2020,42,0,1,0,0,1,0,0
Santa Cruz,CA,2020,pres,114246.0,26937.0,144837.0,194651,0,2022.0,0.8092050742653152,0.19079492573468476,0.744085568530344,12.178963490451554,CA_Santa Cruz,CA_2020,43,0,1,0,0,1,0,0
Shasta,CA,2020,pres,30000.0,60789.0,92930.0,138735,0,inf,0.330436506625252,0.6695634933747481,0.6698381807042203,11.84032091765647,CA_Shasta,CA_2020,44,0,1,0,0,1,0,0
Sierra,CA,2020,pres,730.0,1142.0,1931.0,2499,0,inf,0.38995726495726496,0.6100427350427351,0.7727090836334534,7.823645930834952,CA_Sierra,CA_2020,45,0,1,0,0,1,0,0
Siskiyou,CA,2020,pres,9593.0,13290.0,23472.0,34460,0,inf,0.4192195079316523,0.5807804920683477,0.6811375507835171,10.44755451008192,CA_Siskiyou,CA_2020,46,0,1,0,0,1,0,0
Solano,CA,2020,pres,131639.0,69306.0,205877.0,312186,0,inf,0.6550996541342158,0.34490034586578416,0.6594690344858514,12.651354443008662,CA_Solano,CA_2020,47,0,1,0,0,1,0,0
Sonoma,CA,2020,pres,199938.0,61825.0,268317.0,363140,0,2022.0,0.7638130675458334,0.23618693245416655,0.7388803216390373,12.802543713824658,CA_Sonoma,CA_2020,48,0,1,0,0,1,0,0
Stanislaus,CA,2020,pres,105841.0,104145.0,214954.0,341715,0,2022.0,0.5040383644623927,0.49596163553760725,0.6290446717293651,12.741732335296165,CA_Stanislaus,CA_2020,49,0,1,0,0,1,0,0
Sutter,CA,2020,pres,17367.0,24375.0,42644.0,62092,0,inf,0.41605577116573234,0.5839442288342677,0.6867873478064807,11.036372435146333,CA_Sutter,CA_2020,50,0,1,0,0,1,0,0
Tehama,CA,2020,pres,8911.0,19141.0,28731.0,46124,0,inf,0.317660059888778,0.682339940111222,0.6229078137195386,10.739088700891006,CA_Tehama,CA_2020,51,0,1,0,0,1,0,0
Trinity,CA,2020,pres,2851.0,3188.0,6259.0,10562,0,inf,0.4720980294750787,0.5279019705249214,0.5925960992236319,9.26501793326688,CA_Trinity,CA_2020,52,0,1,0,0,1,0,0
Tulare,CA,2020,pres,66105.0,77579.0,146885.0,257932,0,inf,0.4600721026697475,0.5399278973302525,0.5694717987686677,12.460451263272688,CA_Tulare,CA_2020,53,0,1,0,0,1,0,0
Tuolumne,CA,2020,pres,11978.0,17689.0,30408.0,45022,1,2020.0,0.40374827249132034,0.5962517275086797,0.6754031362445027,10.714906538174109,CA_Tuolumne,CA_2020,54,0,1,0,0,1,0,0
Ventura,CA,2020,pres,251388.0,162207.0,422825.0,569032,0,2022.0,0.6078119899902078,0.3921880100097922,0.7430601442449634,13.25169195054293,CA_Ventura,CA_2020,55,0,1,0,0,1,0,0
Yolo,CA,2020,pres,67598.0,27292.0,97294.0,147415,0,2022.0,0.7123827589840869,0.2876172410159132,0.6600006783570193,11.901007017467512,CA_Yolo,CA_2020,56,0,1,0,0,1,0,0
Yuba,CA,2020,pres,11230.0,17676.0,29796.0,51183,0,inf,0.38850065730298206,0.6114993426970179,0.5821464158021218,10.843162724643019,CA_Yuba,CA_2020,57,0,1,0,0,1,0,0
Alameda,CA,2022,gov,387046.0,100923.0,487969.0,1112628,1,2022.0,0.7931774354518423,0.20682256454815778,0.43857335964940664,13.922235342583853,CA_Alameda,CA_2022,0,1,0,1,0,1,0,0
Alpine,CA,2022,gov,363.0,256.0,619.0,930,0,inf,0.5864297253634895,0.4135702746365105,0.6655913978494624,6.835184586147301,CA_Alpine,CA_2022,1,1,0,1,0,1,0,0
Amador,CA,2022,gov,6027.0,12628.0,18655.0,32359,1,2020.0,0.3230769230769231,0.676923076923077,0.5765011279705801,10.384647468346362,CA_Amador,CA_2022,2,1,0,1,0,1,0,0
Butte,CA,2022,gov,31502.0,40939.0,72441.0,180793,1,2020.0,0.4348642343424304,0.5651357656575696,0.4006847610250397,12.105108009376538,CA_Butte,CA_2022,3,1,0,1,0,1,0,0
Calaveras,CA,2022,gov,7103.0,14137.0,21240.0,37611,1,2020.0,0.3344161958568738,0.6655838041431261,0.5647284039243838,10.535051839784135,CA_Calaveras,CA_2022,4,1,0,1,0,1,0,0
Colusa,CA,2022,gov,1553.0,4009.0,5562.0,12864,0,inf,0.2792161093131967,0.7207838906868033,0.43236940298507465,9.462187991418748,CA_Colusa,CA_2022,5,1,0,1,0,1,0,0
Contra Costa,CA,2022,gov,265371.0,123132.0,388503.0,782828,0,inf,0.6830603624682435,0.3169396375317565,0.4962814309145815,13.570668282898598,CA_Contra Costa,CA_2022,6,1,0,1,0,1,0,0
Del Norte,CA,2022,gov,3264.0,5111.0,8375.0,21434,0,inf,0.3897313432835821,0.610268656716418,0.39073434729868434,9.972733725272942,CA_Del Norte,CA_2022,7,1,0,1,0,1,0,0
El Dorado,CA,2022,gov,34534.0,54137.0,88671.0,146723,1,2020.0,0.38946216914210957,0.6105378308578904,0.6043428773948188,11.896301734391395,CA_El Dorado,CA_2022,8,1,0,1,0,1,0,0
Fresno,CA,2022,gov,98417.0,120668.0,219085.0,604281,1,2020.0,0.4492183399137321,0.5507816600862678,0.36255483789826254,13.311794600518276,CA_Fresno,CA_2022,9,1,0,1,0,1,0,0
Glenn,CA,2022,gov,1930.0,6000.0,7930.0,17565,0,inf,0.24337957124842372,0.7566204287515763,0.4514659834898947,9.773663564699927,CA_Glenn,CA_2022,10,1,0,1,0,1,0,0
Humboldt,CA,2022,gov,29541.0,18257.0,47798.0,109616,0,2024.0,0.618038411649023,0.38196158835097704,0.43604948182747044,11.60473862824268,CA_Humboldt,CA_2022,11,1,0,1,0,1,0,0
Imperial,CA,2022,gov,16711.0,13158.0,29869.0,106724,0,2024.0,0.5594763801935116,0.44052361980648835,0.2798714440987969,11.578001341706416,CA_Imperial,CA_2022,12,1,0,1,0,1,0,0
Inyo,CA,2022,gov,3382.0,4095.0,7477.0,14206,0,inf,0.4523204493780928,0.5476795506219072,0.5263269041250176,9.561419689557756,CA_Inyo,CA_2022,13,1,0,1,0,1,0,0
Kern,CA,2022,gov,69706.0,119006.0,188712.0,536265,0,inf,0.36937767603544025,0.6306223239645598,0.35190064613577243,13.192383720861127,CA_Kern,CA_2022,14,1,0,1,0,1,0,0
Kings,CA,2022,gov,9389.0,17523.0,26912.0,96761,1,2022.0,0.34887782401902495,0.651122175980975,0.2781285848637364,11.47999929951967,CA_Kings,CA_2022,15,1,0,1,0,1,0,0
Lake,CA,2022,gov,9771.0,10360.0,20131.0,49712,0,inf,0.4853708211216532,0.5146291788783468,0.40495252655294495,10.814001631632829,CA_Lake,CA_2022,16,1,0,1,0,1,0,0
Lassen,CA,2022,gov,1444.0,7726.0,9170.0,26150,0,inf,0.1574700109051254,0.8425299890948746,0.35066921606118545,10.171604469493069,CA_Lassen,CA_2022,17,1,0,1,0,1,0,0
Los Angeles,CA,2022,gov,1620053.0,769174.0,2389227.0,6523270,1,2020.0,0.6780657509730135,0.32193424902698653,0.36626216606088663,15.690886341919155,CA_Los Angeles,CA_2022,18,1,0,1,0,1,0,0
Madera,CA,2022,gov,13283.0,23678.0,36961.0,94946,1,2018.0,0.3593788046860204,0.6406211953139797,0.38928443536325913,11.461063587917554,CA_Madera,CA_2022,19,1,0,1,0,1,0,0
Marin,CA,2022,gov,95289.0,23775.0,119064.0,191926,1,2022.0,0.8003174763152591,0.199682523684741,0.6203640986630263,12.164865160051159,CA_Marin,CA_2022,20,1,0,1,0,1,0,0
Mariposa,CA,2022,gov,2944.0,4896.0,7840.0,14560,1,2020.0,0.37551020408163266,0.6244897959183674,0.5384615384615384,9.586033321750676,CA_Mariposa,CA_2022,21,1,0,1,0,1,0,0
Mendocino,CA,2022,gov,19031.0,11363.0,30394.0,64214,0,inf,0.6261433177600843,0.37385668223991575,0.4733235742984396,11.069976534440391,CA_Mendocino,CA_2022,22,1,0,1,0,1,0,0
Merced,CA,2022,gov,25200.0,30073.0,55273.0,155079,1,2022.0,0.4559188030322219,0.5440811969677781,0.3564183416194327,11.95168994347932,CA_Merced,CA_2022,23,1,0,1,0,1,0,0
Modoc,CA,2022,gov,687.0,2725.0,3412.0,7004,0,inf,0.20134818288393905,0.7986518171160609,0.48715019988577957,8.854236693405742,CA_Modoc,CA_2022,24,1,0,1,0,1,0,0
Mono,CA,2022,gov,2493.0,2076.0,4569.0,10088,0,inf,0.5456336178594878,0.45436638214051217,0.45291435368754956,9.219101877644755,CA_Mono,CA_2022,25,1,0,1,0,1,0,0
Monterey,CA,2022,gov,65262.0,36867.0,102129.0,239943,0,inf,0.6390153629233616,0.36098463707663836,0.4256385891649267,12.388156674116537,CA_Monterey,CA_2022,26,1,0,1,0,1,0,0
Napa,CA,2022,gov,32437.0,17671.0,50108.0,98685,1,2018.0,0.6473417418376307,0.3526582581623693,0.5077570046106298,11.499688238188208,CA_Napa,CA_2022,27,1,0,1,0,1,0,0
Nevada,CA,2022,gov,26655.0,24082.0,50737.0,82087,1,2018.0,0.5253562488913416,0.47464375110865836,0.6180881260126451,11.31553493941931,CA_Nevada,CA_2022,28,1,0,1,0,1,0,0
Orange,CA,2022,gov,464206.0,492734.0,956940.0,2123498,1,2020.0,0.48509415428344516,0.5149058457165548,0.45064323112147975,14.56857528689372,CA_Orange,CA_2022,29,1,0,1,0,1,0,0
Placer,CA,2022,gov,73619.0,108450.0,182069.0,292016,0,2024.0,0.4043467037222152,0.5956532962777848,0.6234898087776012,12.584563874269802,CA_Placer,CA_2022,30,1,0,1,0,1,0,0
Plumas,CA,2022,gov,3083.0,5550.0,8633.0,15849,0,inf,0.357118035445384,0.642881964554616,0.5447031358445328,9.670861685832426,CA_Plumas,CA_2022,31,1,0,1,0,1,0,0
Riverside,CA,2022,gov,285000.0,310901.0,595901.0,1583025,1,2022.0,0.47826736320294816,0.5217326367970518,0.3764318314619163,14.274848131536928,CA_Riverside,CA_2022,32,1,0,1,0,1,0,0
Sacramento,CA,2022,gov,274680.0,202933.0,477613.0,1068652,1,2018.0,0.5751099739747453,0.4248900260252548,0.4469303384076388,13.881908599122347,CA_Sacramento,CA_2022,33,1,0,1,0,1,0,0
San Benito,CA,2022,gov,10428.0,9150.0,19578.0,38688,1,2022.0,0.5326386760649708,0.4673613239350291,0.5060483870967742,10.56328475341452,CA_San Benito,CA_2022,34,1,0,1,0,1,0,0
San Bernardino,CA,2022,gov,215391.0,239109.0,454500.0,1401732,0,inf,0.4739075907590759,0.526092409240924,0.3242417238102576,14.153219172811978,CA_San Bernardino,CA_2022,35,1,0,1,0,1,0,0
San Diego,CA,2022,gov,574121.0,455107.0,1029228.0,2326802,1,2022.0,0.5578171211820899,0.44218287881791013,0.4423358755923366,14.66000535056797,CA_San Diego,CA_2022,36,1,0,1,0,1,0,0
San Francisco,CA,2022,gov,257402.0,44064.0,301466.0,672406,0,inf,0.8538342632336648,0.14616573676633518,0.4483392474189701,13.41861760373675,CA_San Francisco,CA_2022,37,1,0,1,0,1,0,0
San Joaquin,CA,2022,gov,85498.0,91827.0,177325.0,466934,0,inf,0.48215423657126744,0.5178457634287326,0.37976459199801255,13.05394319904022,CA_San Joaquin,CA_2022,38,1,0,1,0,1,0,0
San Luis Obispo,CA,2022,gov,61166.0,58464.0,119630.0,225695,0,inf,0.5112931538911645,0.4887068461088356,0.5300516183344779,12.326939809259397,CA_San Luis Obispo,CA_2022,39,1,0,1,0,1,0,0
San Mateo,CA,2022,gov,185599.0,61918.0,247517.0,518065,1,2018.0,0.7498434450967004,0.2501565549032996,0.47777209423527933,13.157855995994817,CA_San Mateo,CA_2022,40,1,0,1,0,1,0,0
Santa Barbara,CA,2022,gov,80648.0,54726.0,135374.0,292968,0,inf,0.5957421661471184,0.40425783385288167,0.4620777695857568,12.587818667017745,CA_Santa Barbara,CA_2022,41,1,0,1,0,1,0,0
Santa Clara,CA,2022,gov,379377.0,162518.0,541895.0,1217054,1,2020.0,0.7000931914854354,0.29990680851456464,0.4452514021563546,14.011943742390377,CA_Santa Clara,CA_2022,42,1,0,1,0,1,0,0
Santa Cruz,CA,2022,gov,79117.0,25052.0,104169.0,198468,1,2022.0,0.7595061870614098,0.24049381293859018,0.5248654694963419,12.198383157045793,CA_Santa Cruz,CA_2022,43,1,0,1,0,1,0,0
Shasta,CA,2022,gov,18607.0,49913.0,68520.0,141455,0,inf,0.2715557501459428,0.7284442498540572,0.4843943303524089,11.85973692428455,CA_Shasta,CA_2022,44,1,0,1,0,1,0,0
Sierra,CA,2022,gov,529.0,1014.0,1543.0,2548,0,inf,0.34283862605314325,0.6571613739468568,0.6055729984301413,7.843064016692054,CA_Sierra,CA_2022,45,1,0,1,0,1,0,0
Siskiyou,CA,2022,gov,6326.0,11397.0,17723.0,35136,0,inf,0.356937313095977,0.643062686904023,0.5044114298724954,10.466981524869203,CA_Siskiyou,CA_2022,46,1,0,1,0,1,0,0
Solano,CA,2022,gov,77769.0,52850.0,130619.0,318307,0,inf,0.5953881135210038,0.40461188647899615,0.41035541159949357,12.670771604859972,CA_Solano,CA_2022,47,1,0,1,0,1,0,0
Sonoma,CA,2022,gov,140041.0,57413.0,197454.0,370260,1,2022.0,0.7092335430024208,0.2907664569975792,0.5332847188462162,12.821960740543167,CA_Sonoma,CA_2022,48,1,0,1,0,1,0,0
Stanislaus,CA,2022,gov,55311.0,75656.0,130967.0,348415,1,2022.0,0.4223277619553017,0.5776722380446982,0.3758936899961253,12.761149576994654,CA_Stanislaus,CA_2022,49,1,0,1,0,1,0,0
Sutter,CA,2022,gov,9082.0,19024.0,28106.0,63310,0,inf,0.32313385042339715,0.6768661495766028,0.4439425051334702,11.055798573538173,CA_Sutter,CA_2022,50,1,0,1,0,1,0,0
Tehama,CA,2022,gov,5024.0,15607.0,20631.0,47028,0,inf,0.24351703746788814,0.7564829625321119,0.43869609594284253,10.758498447987632,CA_Tehama,CA_2022,51,1,0,1,0,1,0,0
Trinity,CA,2022,gov,1860.0,2667.0,4527.0,10769,0,inf,0.41086812458581845,0.5891318754141815,0.42037329371343674,9.284426915328881,CA_Trinity,CA_2022,52,1,0,1,0,1,0,0
Tulare,CA,2022,gov,33273.0,58053.0,91326.0,262990,0,inf,0.36433217265619866,0.6356678273438013,0.3472603521046428,12.479871287623327,CA_Tulare,CA_2022,53,1,0,1,0,1,0,0
Tuolumne,CA,2022,gov,8471.0,14759.0,23230.0,45905,1,2020.0,0.3646577701248386,0.6353422298751614,0.5060450931271103,10.7343293225778,CA_Tuolumne,CA_2022,54,1,0,1,0,1,0,0
Ventura,CA,2022,gov,153226.0,127709.0,280935.0,580190,1,2022.0,0.5454144197056259,0.4545855802943741,0.48421206846033193,13.271110915084853,CA_Ventura,CA_2022,55,1,0,1,0,1,0,0
Yolo,CA,2022,gov,44328.0,22807.0,67135.0,150306,1,2022.0,0.6602815223058017,0.3397184776941983,0.44665548946815165,11.920428495103959,CA_Yolo,CA_2022,56,1,0,1,0,1,0,0
Yuba,CA,2022,gov,6534.0,13097.0,19631.0,52187,0,inf,0.33284091487952727,0.6671590851204727,0.3761664782417077,10.862588700708992,CA_Yuba,CA_2022,57,1,0,1,0,1,0,0
Alameda,CA,2024,pres,499551.0,140789.0,669907.0,1134025,1,2022.0,0.7801339913171128,0.21986600868288722,0.5907338903463327,13.941283808882208,CA_Alameda,CA_2024,0,2,0,0,1,1,0,0
Alpine,CA,2024,pres,479.0,243.0,738.0,948,0,inf,0.6634349030470914,0.3365650969529086,0.7784810126582279,6.854354502255021,CA_Alpine,CA_2024,1,2,0,0,1,1,0,0
Amador,CA,2024,pres,7783.0,14018.0,22403.0,32981,1,2020.0,0.35700197238658776,0.6429980276134122,0.6792698826597132,10.403686917060819,CA_Amador,CA_2024,2,2,0,0,1,1,0,0
Butte,CA,2024,pres,44228.0,47179.0,94556.0,184270,1,2020.0,0.48385791022569385,0.5161420897743061,0.5131383296250068,12.124157352328906,CA_Butte,CA_2024,3,2,0,0,1,1,0,0
Calaveras,CA,2024,pres,9181.0,16625.0,26480.0,38334,1,2020.0,0.35576997597457954,0.6442300240254204,0.6907705952939949,10.554092509830399,CA_Calaveras,CA_2024,4,2,0,0,1,1,0,0
Colusa,CA,2024,pres,2431.0,4414.0,7021.0,13112,0,inf,0.35514974433893354,0.6448502556610665,0.535463697376449,9.481283120423665,CA_Colusa,CA_2024,5,2,0,0,1,1,0,0
Contra Costa,CA,2024,pres,356008.0,155308.0,528987.0,797883,0,inf,0.6962582825493433,0.30374171745065676,0.662988182477882,13.589717249141337,CA_Contra Costa,CA_2024,6,2,0,0,1,1,0,0
Del Norte,CA,2024,pres,4266.0,5999.0,10565.0,21846,0,inf,0.4155869459327813,0.5844130540672187,0.48361256065183555,9.991773117403488,CA_Del Norte,CA_2024,7,2,0,0,1,1,0,0
El Dorado,CA,2024,pres,47703.0,61109.0,111908.0,149544,1,2020.0,0.4383983384185568,0.5616016615814432,0.7483282512170332,11.915345942892168,CA_El Dorado,CA_2024,8,2,0,0,1,1,0,0
Fresno,CA,2024,pres,151628.0,165924.0,326049.0,615902,1,2020.0,0.47749030080112864,0.5225096991988714,0.5293845449438385,13.330843138950264,CA_Fresno,CA_2024,9,2,0,0,1,1,0,0
Glenn,CA,2024,pres,3260.0,6904.0,10442.0,17903,0,inf,0.32073986619441164,0.6792601338055884,0.5832542032061666,9.792723575551273,CA_Glenn,CA_2024,10,2,0,0,1,1,0,0
Humboldt,CA,2024,pres,39800.0,21559.0,64232.0,111724,1,2024.0,0.6486416010691178,0.35135839893088217,0.5749167591564928,11.623786823213376,CA_Humboldt,CA_2024,11,2,0,0,1,1,0,0
Imperial,CA,2024,pres,26083.0,26546.0,54038.0,108777,1,2024.0,0.49560128446293866,0.5043987155370613,0.49677781148588396,11.597055193997647,CA_Imperial,CA_2024,12,2,0,0,1,1,0,0
Inyo,CA,2024,pres,4201.0,4468.0,8953.0,14479,0,inf,0.4846002999192525,0.5153997000807475,0.6183438082740521,9.58045460278142,CA_Inyo,CA_2024,13,2,0,0,1,1,0,0
Kern,CA,2024,pres,108241.0,167879.0,283284.0,546578,0,inf,0.39200709836303055,0.6079929016369694,0.5182865025668798,13.211432302855268,CA_Kern,CA_2024,14,2,0,0,1,1,0,0
Kings,CA,2024,pres,15519.0,25074.0,41508.0,98622,1,2022.0,0.38230729436109673,0.6176927056389032,0.4208797225771126,11.499049639434581,CA_Kings,CA_2024,15,2,0,0,1,1,0,0
Lake,CA,2024,pres,12794.0,13161.0,26761.0,50668,0,inf,0.49293007127721056,0.5070699287227894,0.5281637325333544,10.833049826603522,CA_Lake,CA_2024,16,2,0,0,1,1,0,0
Lassen,CA,2024,pres,2478.0,8619.0,11371.0,26653,0,inf,0.22330359556636928,0.7766964044336307,0.4266311484635876,10.190656993614896,CA_Lassen,CA_2024,17,2,0,0,1,1,0,0
Los Angeles,CA,2024,pres,2417109.0,1189862.0,3729089.0,6648717,1,2020.0,0.6701215507416056,0.3298784492583944,0.560873473784491,15.709934461687373,CA_Los Angeles,CA_2024,18,2,0,0,1,1,0,0
Madera,CA,2024,pres,20981.0,32344.0,54632.0,96772,1,2018.0,0.393455227379278,0.606544772620722,0.564543462985161,11.480112975223678,CA_Madera,CA_2024,19,2,0,0,1,1,0,0
Marin,CA,2024,pres,116152.0,24054.0,144129.0,195617,1,2022.0,0.8284381552857938,0.17156184471420624,0.7367917921244064,12.183913944871659,CA_Marin,CA_2024,20,2,0,0,1,1,0,0
Mariposa,CA,2024,pres,3622.0,5625.0,9509.0,14840,1,2020.0,0.39169460365523956,0.6083053963447604,0.6407681940700809,9.605081516721372,CA_Mariposa,CA_2024,21,2,0,0,1,1,0,0
Mendocino,CA,2024,pres,24049.0,13528.0,39219.0,65449,0,inf,0.6399925486334727,0.3600074513665274,0.5992299347583615,11.089026492382516,CA_Mendocino,CA_2024,22,2,0,0,1,1,0,0
Merced,CA,2024,pres,40190.0,43955.0,86411.0,158061,1,2022.0,0.4776279042129657,0.5223720957870343,0.5466939978868918,11.970736313450328,CA_Merced,CA_2024,23,2,0,0,1,1,0,0
Modoc,CA,2024,pres,1008.0,2884.0,4016.0,7139,0,inf,0.2589928057553957,0.7410071942446043,0.5625437736377644,8.87332798950246,CA_Modoc,CA_2024,24,2,0,0,1,1,0,0
Mono,CA,2024,pres,3522.0,2294.0,6064.0,10282,0,inf,0.6055708390646493,0.39442916093535074,0.589768527523828,9.23815007261545,CA_Mono,CA_2024,25,2,0,0,1,1,0,0
Monterey,CA,2024,pres,93060.0,49226.0,146754.0,244557,0,inf,0.6540348312553589,0.34596516874464106,0.6000809627203474,12.407203689561115,CA_Monterey,CA_2024,26,2,0,0,1,1,0,0
Napa,CA,2024,pres,43212.0,20357.0,65561.0,100583,1,2018.0,0.6797652944045054,0.32023470559549466,0.6518099480031417,11.51873853628452,CA_Napa,CA_2024,27,2,0,0,1,1,0,0
Nevada,CA,2024,pres,33784.0,26177.0,62144.0,83665,1,2018.0,0.5634328980503994,0.4365671019496006,0.7427717683619196,11.334576008928673,CA_Nevada,CA_2024,28,2,0,0,1,1,0,0
Orange,CA,2024,pres,691731.0,654815.0,1391307.0,2164334,1,2020.0,0.5137076639045379,0.486292336095462,0.6428337770418059,14.587623250846493,CA_Orange,CA_2024,29,2,0,0,1,1,0,0
Placer,CA,2024,pres,103958.0,123941.0,234871.0,297632,1,2024.0,0.4561582104353244,0.5438417895646755,0.7891322169659176,12.603613103042193,CA_Placer,CA_2024,30,2,0,0,1,1,0,0
Plumas,CA,2024,pres,4020.0,5725.0,10070.0,16154,0,inf,0.4125192406362237,0.5874807593637763,0.6233750154760431,9.689922976002242,CA_Plumas,CA_2024,31,2,0,0,1,1,0,0
Riverside,CA,2024,pres,451782.0,463677.0,940510.0,1613468,1,2022.0,0.4935032590208846,0.5064967409791153,0.5829120875034398,14.293896457615569,CA_Riverside,CA_2024,32,2,0,0,1,1,0,0
Sacramento,CA,2024,pres,381564.0,252140.0,656747.0,1089203,1,2018.0,0.6021170767424538,0.3978829232575461,0.6029610641909726,13.900956794093043,CA_Sacramento,CA_2024,33,2,0,0,1,1,0,0
San Benito,CA,2024,pres,15179.0,11702.0,27652.0,39432,1,2022.0,0.5646739332614114,0.4353260667385886,0.7012578616352201,10.582332948385213,CA_San Benito,CA_2024,34,2,0,0,1,1,0,0
San Bernardino,CA,2024,pres,362114.0,378416.0,761846.0,1428689,0,inf,0.48899301851376714,0.5110069814862328,0.5332483136637854,14.172267798516547,CA_San Bernardino,CA_2024,35,2,0,0,1,1,0,0
San Diego,CA,2024,pres,841372.0,593270.0,1478028.0,2371548,1,2022.0,0.5864682617684411,0.4135317382315588,0.6232334323403954,14.679053464449147,CA_San Diego,CA_2024,36,2,0,0,1,1,0,0
San Francisco,CA,2024,pres,323719.0,62594.0,402997.0,685337,0,inf,0.8379707646390362,0.16202923536096378,0.5880274959618407,13.437665967069323,CA_San Francisco,CA_2024,37,2,0,0,1,1,0,0
San Joaquin,CA,2024,pres,126647.0,128996.0,263709.0,475913,0,inf,0.4954057024835415,0.5045942975164585,0.5541117809347507,13.072990343399272,CA_San Joaquin,CA_2024,38,2,0,0,1,1,0,0
San Luis Obispo,CA,2024,pres,81314.0,64932.0,150812.0,230035,0,inf,0.5560083694596776,0.4439916305403225,0.6556045819114482,12.345986750241101,CA_San Luis Obispo,CA_2024,39,2,0,0,1,1,0,0
San Mateo,CA,2024,pres,242957.0,76616.0,330565.0,528028,1,2018.0,0.7602550903862342,0.23974490961376588,0.6260368768322891,13.176904591585371,CA_San Mateo,CA_2024,40,2,0,0,1,1,0,0
Santa Barbara,CA,2024,pres,114149.0,64870.0,184781.0,298602,0,inf,0.6376362285567454,0.3623637714432546,0.6188203695889511,12.60686686198844,CA_Santa Barbara,CA_2024,41,2,0,0,1,1,0,0
Santa Clara,CA,2024,pres,510744.0,210924.0,750606.0,1240459,1,2020.0,0.7077270988875771,0.2922729011124229,0.6051034334871205,14.030992030378753,CA_Santa Clara,CA_2024,42,2,0,0,1,1,0,0
Santa Cruz,CA,2024,pres,100998.0,27978.0,134155.0,202285,1,2022.0,0.7830759211016003,0.2169240788983997,0.6631979632696443,12.217432873100808,CA_Santa Cruz,CA_2024,43,2,0,0,1,1,0,0
Shasta,CA,2024,pres,27130.0,59539.0,88919.0,144175,0,inf,0.3130300338067821,0.6869699661932179,0.6167435408357899,11.878783118483613,CA_Shasta,CA_2024,44,2,0,0,1,1,0,0
Sierra,CA,2024,pres,641.0,1066.0,1755.0,2597,0,inf,0.37551259519625074,0.6244874048037493,0.6757797458606084,7.862112211662748,CA_Sierra,CA_2024,45,2,0,0,1,1,0,0
Siskiyou,CA,2024,pres,8329.0,12461.0,21498.0,35812,0,inf,0.4006253006253006,0.5993746993746993,0.6003015748910979,10.486038311754047,CA_Siskiyou,CA_2024,46,2,0,0,1,1,0,0
Solano,CA,2024,pres,113997.0,70345.0,189883.0,324428,0,inf,0.6183994965878639,0.38160050341213614,0.5852854870726324,12.689818910692214,CA_Solano,CA_2024,47,2,0,0,1,1,0,0
Sonoma,CA,2024,pres,179600.0,63426.0,251465.0,377381,1,2022.0,0.7390155785800696,0.2609844214199304,0.6663425026697157,12.841010566187153,CA_Sonoma,CA_2024,48,2,0,0,1,1,0,0
Stanislaus,CA,2024,pres,85347.0,106986.0,197525.0,355115,1,2022.0,0.44374600302600176,0.5562539969739982,0.5562282640834659,12.780196959661104,CA_Stanislaus,CA_2024,49,2,0,0,1,1,0,0
Sutter,CA,2024,pres,13016.0,25372.0,39339.0,64527,0,inf,0.33906429092424717,0.6609357090757528,0.6096517736761355,11.074839019844543,CA_Sutter,CA_2024,50,2,0,0,1,1,0,0
Tehama,CA,2024,pres,7415.0,18503.0,26536.0,47933,0,inf,0.2860946060652828,0.7139053939347172,0.5536060751465587,10.777559481473872,CA_Tehama,CA_2024,51,2,0,0,1,1,0,0
Trinity,CA,2024,pres,2449.0,2979.0,5646.0,10976,0,inf,0.45117907148120856,0.5488209285187915,0.5143950437317785,9.303466349965667,CA_Trinity,CA_2024,52,2,0,0,1,1,0,0
Tulare,CA,2024,pres,53221.0,81854.0,138309.0,268047,0,inf,0.39401073477697574,0.6059892652230242,0.5159878677993038,12.498917617251251,CA_Tulare,CA_2024,53,2,0,0,1,1,0,0
Tuolumne,CA,2024,pres,10909.0,17210.0,28816.0,46788,1,2020.0,0.38795831999715497,0.6120416800028451,0.6158844148072156,10.753382038770598,CA_Tuolumne,CA_2024,54,2,0,0,1,1,0,0
Ventura,CA,2024,pres,217424.0,158901.0,387704.0,591347,1,2022.0,0.5777559290506876,0.42224407094931243,0.6556285903200659,13.290158264528658,CA_Ventura,CA_2024,55,2,0,0,1,1,0,0
Yolo,CA,2024,pres,61405.0,27844.0,92621.0,153196,1,2022.0,0.6880189133771807,0.3119810866228193,0.6045915036946135,11.93947342628719,CA_Yolo,CA_2024,56,2,0,0,1,1,0,0
Yuba,CA,2024,pres,10725.0,18491.0,30072.0,53190,0,inf,0.3670933734939759,0.6329066265060241,0.5653694303440496,10.881625687736364,CA_Yuba,CA_2024,57,2,0,0,1,1,0,0
Beaver,UT,2020,pres,357.0,2695.0,3100.0,4222,1,2019.0,0.11697247706422019,0.8830275229357798,0.7342491710090004,8.348064228408266,UT_Beaver,UT_2020,58,3,1,0,0,0,1,0
Box Elder,UT,2020,pres,4473.0,21548.0,27027.0,35740,1,2019.0,0.1718996195380654,0.8281003804619346,0.756211527700056,10.484025788713419,UT_Box Elder,UT_2020,59,3,1,0,0,0,1,0
Cache,UT,2020,pres,16650.0,38032.0,57571.0,81477,1,2019.0,0.3044877656267145,0.6955122343732856,0.7065920443806227,11.30807605081166,UT_Cache,UT_2020,60,3,1,0,0,0,1,0
Carbon,UT,2020,pres,2392.0,6693.0,9369.0,14866,1,2019.0,0.26329113924050634,0.7367088607594937,0.6302300551594242,9.60683200528524,UT_Carbon,UT_2020,61,3,1,0,0,0,1,0
Daggett,UT,2020,pres,111.0,496.0,619.0,484,1,2019.0,0.1828665568369028,0.8171334431630972,1.2789256198347108,6.182084906716632,UT_Daggett,UT_2020,62,3,1,0,0,0,1,0
Davis,UT,2020,pres,57411.0,104135.0,169895.0,226827,1,2019.0,0.3553848439453778,0.6446151560546222,0.7490069524351157,12.331942891369176,UT_Davis,UT_2020,63,3,1,0,0,0,1,0
Duchesne,UT,2020,pres,843.0,7513.0,8524.0,13214,1,2019.0,0.10088559119195788,0.8991144088080422,0.6450734069925836,9.48903215258983,UT_Duchesne,UT_2020,64,3,1,0,0,0,1,0
Emery,UT,2020,pres,572.0,4207.0,4865.0,7140,1,2019.0,0.11969031178070726,0.8803096882192928,0.6813725490196079,8.87346805533363,UT_Emery,UT_2020,65,3,1,0,0,0,1,0
Garfield,UT,2020,pres,514.0,2158.0,2732.0,3728,1,2019.0,0.19236526946107785,0.8076347305389222,0.7328326180257511,8.223627175805483,UT_Garfield,UT_2020,66,3,1,0,0,0,1,0
Grand,UT,2020,pres,2806.0,2248.0,5185.0,7104,1,2019.0,0.5552037989711119,0.444796201028888,0.7298704954954955,8.868413284672005,UT_Grand,UT_2020,67,3,1,0,0,0,1,0
Iron,UT,2020,pres,4892.0,18989.0,24890.0,34664,1,2019.0,0.20484904317239647,0.7951509568276035,0.7180360027694438,10.453456963419745,UT_Iron,UT_2020,68,3,1,0,0,0,1,0
Juab,UT,2020,pres,645.0,5087.0,5866.0,7119,1,2019.0,0.11252616887648291,0.8874738311235171,0.823992133726647,8.870522545103873,UT_Juab,UT_2020,69,3,1,0,0,0,1,0
Kane,UT,2020,pres,1083.0,2998.0,4180.0,5732,1,2019.0,0.2653761333006616,0.7346238666993384,0.7292393579902303,8.653819788948063,UT_Kane,UT_2020,70,3,1,0,0,0,1,0
Millard,UT,2020,pres,624.0,5404.0,6160.0,8221,1,2019.0,0.10351692103516921,0.8964830789648308,0.749300571706605,9.014447135152134,UT_Millard,UT_2020,71,3,1,0,0,0,1,0
Morgan,UT,2020,pres,1086.0,5181.0,6512.0,7374,1,2019.0,0.1732886548587841,0.8267113451412159,0.8831027935991321,8.90571557879409,UT_Morgan,UT_2020,72,3,1,0,0,0,1,0
Piute,UT,2020,pres,86.0,773.0,871.0,1489,1,2019.0,0.10011641443538999,0.89988358556461,0.5849563465413029,7.305860032684009,UT_Piute,UT_2020,73,3,1,0,0,0,1,0
Rich,UT,2020,pres,180.0,1157.0,1363.0,1514,1,2019.0,0.13462976813762154,0.8653702318623785,0.9002642007926024,7.322510433997394,UT_Rich,UT_2020,74,3,1,0,0,0,1,0
Salt Lake,UT,2020,pres,289906.0,230174.0,541175.0,743268,1,2019.0,0.557425780649131,0.4425742193508691,0.72810211121695,13.51881195852875,UT_Salt Lake,UT_2020,75,3,1,0,0,0,1,0
San Juan,UT,2020,pres,3113.0,3535.0,6878.0,10516,1,2019.0,0.46826113116726836,0.5317388688327317,0.6540509699505516,9.260653185849772,UT_San Juan,UT_2020,76,3,1,0,0,0,1,0
Sanpete,UT,2020,pres,1794.0,10459.0,12631.0,21226,1,2019.0,0.14641312331673875,0.8535868766832613,0.595072081409592,9.962982124321767,UT_Sanpete,UT_2020,77,3,1,0,0,0,1,0
Sevier,UT,2020,pres,1084.0,9052.0,10363.0,14805,1,2019.0,0.1069455406471981,0.8930544593528019,0.6999662276258021,9.602720240535692,UT_Sevier,UT_2020,78,3,1,0,0,0,1,0
Summit,UT,2020,pres,15244.0,10252.0,26088.0,28503,1,2019.0,0.5978977094446187,0.4021022905553812,0.9152720766235133,10.25776462387486,UT_Summit,UT_2020,79,3,1,0,0,0,1,0
Tooele,UT,2020,pres,8943.0,21014.0,31518.0,42590,1,2019.0,0.29852788997563173,0.7014721100243683,0.7400328715660953,10.65937476291726,UT_Tooele,UT_2020,80,3,1,0,0,0,1,0
Uintah,UT,2020,pres,1663.0,13261.0,15307.0,24102,1,2019.0,0.11143125167515411,0.8885687483248459,0.635092523442038,10.090050103587338,UT_Uintah,UT_2020,81,3,1,0,0,0,1,0
Utah,UT,2020,pres,76033.0,192812.0,284480.0,370790,1,2019.0,0.2828135170823337,0.7171864829176663,0.7672267321125166,12.823391143593886,UT_Utah,UT_2020,82,3,1,0,0,0,1,0
Wasatch,UT,2020,pres,6187.0,10795.0,17581.0,19798,1,2019.0,0.3643269344011306,0.6356730655988694,0.8880189918173553,9.893336201479753,UT_Wasatch,UT_2020,83,3,1,0,0,0,1,0
Washington,UT,2020,pres,20530.0,67294.0,90476.0,114688,1,2019.0,0.2337629805064675,0.7662370194935325,0.7888881138392857,11.649970676894547,UT_Washington,UT_2020,84,3,1,0,0,0,1,0
Wayne,UT,2020,pres,365.0,1229.0,1621.0,1963,1,2019.0,0.22898368883312423,0.7710163111668757,0.825776872134488,7.5822291942764615,UT_Wayne,UT_2020,85,3,1,0,0,0,1,0
Weber,UT,2020,pres,40695.0,65949.0,111442.0,169391,1,2019.0,0.38159671430178915,0.6184032856982109,0.6578979993033869,12.03996493109922,UT_Weber,UT_2020,86,3,1,0,0,0,1,0
Beaver,UT,2022,sen,419.0,1971.0,2447.0,4305,1,2019.0,0.17531380753138076,0.8246861924686193,0.5684088269454123,8.367532416861831,UT_Beaver,UT_2022,58,4,0,1,0,0,1,0
Box Elder,UT,2022,sen,4725.0,14434.0,19898.0,36441,1,2019.0,0.24662038728534894,0.753379612714651,0.5460333141242008,10.50344979336838,UT_Box Elder,UT_2022,59,4,0,1,0,0,1,0
Cache,UT,2022,sen,15580.0,24588.0,41982.0,83075,1,2019.0,0.38787094204341765,0.6121290579565823,0.5053505868191394,11.327499093222794,UT_Cache,UT_2022,60,4,0,1,0,0,1,0
Carbon,UT,2022,sen,2114.0,4265.0,6728.0,15158,1,2019.0,0.33139990594137014,0.6686000940586299,0.4438580287636891,9.626283724371975,UT_Carbon,UT_2022,61,4,0,1,0,0,1,0
Daggett,UT,2022,sen,109.0,377.0,498.0,494,1,2019.0,0.2242798353909465,0.7757201646090535,1.008097165991903,6.202535517187923,UT_Daggett,UT_2022,62,4,0,1,0,0,1,0
Davis,UT,2022,sen,52806.0,66385.0,123742.0,231275,1,2019.0,0.4430368064702872,0.5569631935297128,0.5350426980866934,12.351362757639519,UT_Davis,UT_2022,63,4,0,1,0,0,1,0
Duchesne,UT,2022,sen,912.0,5170.0,6281.0,13473,1,2019.0,0.14995067412035515,0.8500493258796449,0.466191642544348,9.508442961755847,UT_Duchesne,UT_2022,64,4,0,1,0,0,1,0
Emery,UT,2022,sen,712.0,3269.0,4107.0,7280,1,2019.0,0.17884953529264003,0.82115046470736,0.5641483516483516,8.892886141190731,UT_Emery,UT_2022,65,4,0,1,0,0,1,0
Garfield,UT,2022,sen,520.0,1795.0,2385.0,3801,1,2019.0,0.22462203023758098,0.775377969762419,0.6274664561957379,8.24301946898925,UT_Garfield,UT_2022,66,4,0,1,0,0,1,0
Grand,UT,2022,sen,2421.0,1901.0,4643.0,7243,1,2019.0,0.56015733456733,0.43984266543267003,0.6410327212481016,8.887790764195326,UT_Grand,UT_2022,67,4,0,1,0,0,1,0
Iron,UT,2022,sen,3755.0,12923.0,17309.0,35344,1,2019.0,0.22514690010792662,0.7748530998920734,0.48972951561792666,10.472883925659898,UT_Iron,UT_2022,68,4,0,1,0,0,1,0
Juab,UT,2022,sen,714.0,3886.0,4731.0,7259,1,2019.0,0.15521739130434783,0.8447826086956521,0.6517426642788263,8.889997357284841,UT_Juab,UT_2022,69,4,0,1,0,0,1,0
Kane,UT,2022,sen,946.0,2553.0,3659.0,5844,1,2019.0,0.270362960845956,0.729637039154044,0.6261122518822724,8.67317077287059,UT_Kane,UT_2022,70,4,0,1,0,0,1,0
Millard,UT,2022,sen,701.0,4279.0,5130.0,8382,1,2019.0,0.14076305220883534,0.8592369477911647,0.6120257695060844,9.033841828485016,UT_Millard,UT_2022,71,4,0,1,0,0,1,0
Morgan,UT,2022,sen,1358.0,3665.0,5157.0,7519,1,2019.0,0.27035636074059327,0.7296436392594068,0.6858624817129938,8.925188429378027,UT_Morgan,UT_2022,72,4,0,1,0,0,1,0
Piute,UT,2022,sen,82.0,692.0,783.0,1518,1,2019.0,0.10594315245478036,0.8940568475452196,0.5158102766798419,7.325148957955575,UT_Piute,UT_2022,73,4,0,1,0,0,1,0
Rich,UT,2022,sen,206.0,844.0,1073.0,1544,1,2019.0,0.1961904761904762,0.8038095238095239,0.6949481865284974,7.342131730584722,UT_Rich,UT_2022,74,4,0,1,0,0,1,0
Salt Lake,UT,2022,sen,218495.0,144931.0,381108.0,757842,1,2019.0,0.6012090494350982,0.39879095056490177,0.502885825805379,13.538230199625422,UT_Salt Lake,UT_2022,75,4,0,1,0,0,1,0
San Juan,UT,2022,sen,1815.0,3118.0,5560.0,10722,1,2019.0,0.3679302655584837,0.6320697344415164,0.5185599701548219,9.280052984387483,UT_San Juan,UT_2022,76,4,0,1,0,0,1,0
Sanpete,UT,2022,sen,1912.0,7829.0,10004.0,21642,1,2019.0,0.19628374910173493,0.803716250898265,0.4622493300064689,9.982391150131594,UT_Sanpete,UT_2022,77,4,0,1,0,0,1,0
Sevier,UT,2022,sen,1152.0,6411.0,7775.0,15095,1,2019.0,0.15232050773502578,0.8476794922649742,0.515071215634316,9.622118842140939,UT_Sevier,UT_2022,78,4,0,1,0,0,1,0
Summit,UT,2022,sen,12325.0,7305.0,20354.0,29062,1,2019.0,0.6278655119714722,0.3721344880285278,0.7003647374578488,10.27718675788064,UT_Summit,UT_2022,79,4,0,1,0,0,1,0
Tooele,UT,2022,sen,7487.0,13371.0,22069.0,43425,1,2019.0,0.3589510020136159,0.6410489979863842,0.508209556706966,10.678790591109305,UT_Tooele,UT_2022,80,4,0,1,0,0,1,0
Uintah,UT,2022,sen,1559.0,8905.0,10833.0,24575,1,2019.0,0.14898700305810397,0.851012996941896,0.4408138351983723,10.109484945015367,UT_Uintah,UT_2022,81,4,0,1,0,0,1,0
Utah,UT,2022,sen,72238.0,127096.0,206045.0,378060,1,2019.0,0.36239678128166797,0.637603218718332,0.5450060836904195,12.842808192164156,UT_Utah,UT_2022,82,4,0,1,0,0,1,0
Wasatch,UT,2022,sen,5429.0,7528.0,13464.0,20186,1,2019.0,0.4190013120321062,0.5809986879678938,0.6669969285643516,9.912744573798804,UT_Wasatch,UT_2022,83,4,0,1,0,0,1,0
Washington,UT,2022,sen,17786.0,49420.0,69501.0,116937,1,2019.0,0.26464898967354106,0.735351010326459,0.5943456733112702,11.669390607218956,UT_Washington,UT_2022,84,4,0,1,0,0,1,0
Wayne,UT,2022,sen,415.0,1056.0,1514.0,2002,1,2019.0,0.2821210061182869,0.7178789938817132,0.7562437562437563,7.601901959875166,UT_Wayne,UT_2022,85,4,0,1,0,0,1,0
Weber,UT,2022,sen,31265.0,42007.0,77039.0,172712,1,2019.0,0.42669778360082977,0.5733022163991702,0.4460547037843346,12.059380746376295,UT_Weber,UT_2022,86,4,0,1,0,0,1,0
Beaver,UT,2024,pres,394.0,2781.0,3270.0,4388,1,2019.0,0.12409448818897638,0.8759055118110236,0.7452142206016409,8.38662882139512,UT_Beaver,UT_2024,58,5,0,0,1,0,1,0
Box Elder,UT,2024,pres,5274.0,22853.0,28970.0,37142,1,2019.0,0.1875066661926263,0.8124933338073737,0.7799795379893382,10.522503683752998,UT_Box Elder,UT_2024,59,5,0,0,1,0,1,0
Cache,UT,2024,pres,18718.0,39457.0,59920.0,84672,1,2019.0,0.32175333046841426,0.6782466695315857,0.7076719576719577,11.346540247474628,UT_Cache,UT_2024,60,5,0,0,1,0,1,0
Carbon,UT,2024,pres,2525.0,6719.0,9521.0,15449,1,2019.0,0.27315015144958893,0.7268498485504111,0.6162858437439317,9.64529955531205,UT_Carbon,UT_2024,61,5,0,0,1,0,1,0
Daggett,UT,2024,pres,101.0,443.0,560.0,503,1,2019.0,0.18566176470588236,0.8143382352941176,1.1133200795228628,6.220590170099739,UT_Daggett,UT_2024,62,5,0,0,1,0,1,0
Davis,UT,2024,pres,59895.0,101293.0,166023.0,235722,1,2019.0,0.3715847333548403,0.6284152666451597,0.7043169496271031,12.370408423558652,UT_Davis,UT_2024,63,5,0,0,1,0,1,0
Duchesne,UT,2024,pres,1009.0,7815.0,9088.0,13732,1,2019.0,0.11434723481414324,0.8856527651858568,0.6618118263909117,9.527484154577582,UT_Duchesne,UT_2024,64,5,0,0,1,0,1,0
Emery,UT,2024,pres,603.0,4341.0,5092.0,7420,1,2019.0,0.12196601941747573,0.8780339805825242,0.6862533692722372,8.911934336161426,UT_Emery,UT_2024,65,5,0,0,1,0,1,0
Garfield,UT,2024,pres,541.0,2211.0,2834.0,3874,1,2019.0,0.19658430232558138,0.8034156976744186,0.7315436241610739,8.262042843966942,UT_Garfield,UT_2024,66,5,0,0,1,0,1,0
Grand,UT,2024,pres,2828.0,2327.0,5309.0,7382,1,2019.0,0.5485935984481086,0.4514064015518914,0.7191817935518829,8.906799883589944,UT_Grand,UT_2024,67,5,0,0,1,0,1,0
Iron,UT,2024,pres,5683.0,21571.0,28071.0,36024,1,2019.0,0.20851985029720407,0.7914801497027959,0.779230512991339,10.491940661981408,UT_Iron,UT_2024,68,5,0,0,1,0,1,0
Juab,UT,2024,pres,734.0,5671.0,6597.0,7398,1,2019.0,0.11459797033567526,0.8854020296643248,0.8917274939172749,8.908964972392399,UT_Juab,UT_2024,69,5,0,0,1,0,1,0
Kane,UT,2024,pres,1137.0,3277.0,4546.0,5957,1,2019.0,0.25758948799275033,0.7424105120072496,0.7631358066140674,8.692322277628687,UT_Kane,UT_2024,70,5,0,0,1,0,1,0
Millard,UT,2024,pres,713.0,5558.0,6459.0,8543,1,2019.0,0.11369797480465635,0.8863020251953436,0.7560575910101838,9.052867513151618,UT_Millard,UT_2024,71,5,0,0,1,0,1,0
Morgan,UT,2024,pres,1256.0,5300.0,6752.0,7663,1,2019.0,0.19158023184868822,0.8084197681513118,0.8811170559832964,8.944158830970403,UT_Morgan,UT_2024,72,5,0,0,1,0,1,0
Piute,UT,2024,pres,94.0,854.0,976.0,1547,1,2019.0,0.09915611814345991,0.9008438818565401,0.6308985132514544,7.344072850573066,UT_Piute,UT_2024,73,5,0,0,1,0,1,0
Rich,UT,2024,pres,214.0,1211.0,1467.0,1574,1,2019.0,0.15017543859649124,0.8498245614035088,0.932020330368488,7.3613754289773485,UT_Rich,UT_2024,74,5,0,0,1,0,1,0
Salt Lake,UT,2024,pres,273658.0,221555.0,510069.0,772416,1,2019.0,0.5526066561257479,0.4473933438742521,0.6603553007705693,13.557278543977569,UT_Salt Lake,UT_2024,75,5,0,0,1,0,1,0
San Juan,UT,2024,pres,2581.0,3613.0,6379.0,10928,1,2019.0,0.4166935744268647,0.5833064255731353,0.5837298682284041,9.29908358181057,UT_San Juan,UT_2024,76,5,0,0,1,0,1,0
Sanpete,UT,2024,pres,1906.0,10653.0,12935.0,22058,1,2019.0,0.1517636754518672,0.8482363245481328,0.5864085592528788,10.001430626866092,UT_Sanpete,UT_2024,77,5,0,0,1,0,1,0
Sevier,UT,2024,pres,1236.0,9526.0,11084.0,15385,1,2019.0,0.11484854116335254,0.8851514588366475,0.7204419889502762,9.641148287756142,UT_Sevier,UT_2024,78,5,0,0,1,0,1,0
Summit,UT,2024,pres,14612.0,10783.0,26156.0,29621,1,2019.0,0.5753888560740303,0.42461114392596966,0.8830221802099861,10.296238848224217,UT_Summit,UT_2024,79,5,0,0,1,0,1,0
Tooele,UT,2024,pres,9560.0,23484.0,34035.0,44260,1,2019.0,0.28931122140176735,0.7106887785982327,0.7689787618617262,10.697836613605041,UT_Tooele,UT_2024,80,5,0,0,1,0,1,0
Uintah,UT,2024,pres,1952.0,13599.0,16017.0,25047,1,2019.0,0.12552247443894282,0.8744775255610572,0.6394777817702719,10.128509338862111,UT_Uintah,UT_2024,81,5,0,0,1,0,1,0
Utah,UT,2024,pres,84937.0,203476.0,297065.0,385331,1,2019.0,0.2944978208333189,0.7055021791666811,0.7709345990849426,12.861857984164695,UT_Utah,UT_2024,82,5,0,0,1,0,1,0
Wasatch,UT,2024,pres,6459.0,11495.0,18492.0,20574,1,2019.0,0.35975270134788906,0.6402472986521109,0.8988043161271507,9.931783421690975,UT_Wasatch,UT_2024,83,5,0,0,1,0,1,0
Washington,UT,2024,pres,22327.0,73165.0,98356.0,119186,1,2019.0,0.23381016210782055,0.7661898378921794,0.8252311513097176,11.688440577051205,UT_Washington,UT_2024,84,5,0,0,1,0,1,0
Wayne,UT,2024,pres,381.0,1238.0,1667.0,2040,1,2019.0,0.23533045089561458,0.7646695491043854,0.817156862745098,7.620705086838262,UT_Wayne,UT_2024,85,5,0,0,1,0,1,0
Weber,UT,2024,pres,41238.0,67549.0,112050.0,176034,1,2019.0,0.3790710287074742,0.6209289712925258,0.6365247622618357,12.078432437181267,UT_Weber,UT_2024,86,5,0,0,1,0,1,0
Adams,WA,2020,pres,1814.0,3907.0,5862.0,9139,1,2011.0,0.31707743401503236,0.6829225659849677,0.6414268519531677,9.120306249272202,WA_Adams,WA_2020,87,6,1,0,0,0,0,1
Asotin,WA,2020,pres,4250.0,7319.0,11951.0,17748,1,2011.0,0.36736105108479555,0.6326389489152044,0.6733716475095786,9.7840281124988,WA_Asotin,WA_2020,88,6,1,0,0,0,0,1
Benton,WA,2020,pres,38706.0,60365.0,103033.0,133421,1,2011.0,0.39068950550615217,0.6093104944938479,0.7722397523628215,11.801264821363585,WA_Benton,WA_2020,89,6,1,0,0,0,0,1
Chelan,WA,2020,pres,19349.0,22746.0,43306.0,53590,1,2011.0,0.4596507898800333,0.5403492101199667,0.8080985258443739,10.889117762488896,WA_Chelan,WA_2020,90,6,1,0,0,0,0,1
Clallam,WA,2020,pres,24721.0,23062.0,49264.0,61087,1,2011.0,0.5173597304480673,0.4826402695519327,0.8064563655114836,11.020054356564353,WA_Clallam,WA_2020,91,6,1,0,0,0,0,1
Clark,WA,2020,pres,140324.0,126303.0,275403.0,337808,1,2011.0,0.5262932861263113,0.47370671387368873,0.8152648841945721,12.730232965727865,WA_Clark,WA_2020,92,6,1,0,0,0,0,1
Columbia,WA,2020,pres,668.0,1754.0,2495.0,3167,1,2011.0,0.27580511973575556,0.7241948802642444,0.7878118092832334,8.06054004653864,WA_Columbia,WA_2020,93,6,1,0,0,0,0,1
Cowlitz,WA,2020,pres,23938.0,34424.0,60280.0,80478,1,2011.0,0.4101641479044584,0.5898358520955416,0.7490245781455802,11.295739134130145,WA_Cowlitz,WA_2020,94,6,1,0,0,0,0,1
Douglas,WA,2020,pres,7811.0,12955.0,21308.0,27024,1,2011.0,0.3761436964268516,0.6238563035731484,0.7884843102427472,10.204480639047581,WA_Douglas,WA_2020,95,6,1,0,0,0,0,1
Ferry,WA,2020,pres,1486.0,2771.0,4367.0,6267,1,2011.0,0.34907211651397696,0.650927883486023,0.6968246369873943,8.743053050224676,WA_Ferry,WA_2020,96,6,1,0,0,0,0,1
Franklin,WA,2020,pres,13340.0,18039.0,32404.0,47679,1,2011.0,0.4251250836546735,0.5748749163453265,0.6796283479099813,10.772246328364929,WA_Franklin,WA_2020,97,6,1,0,0,0,0,1
Garfield,WA,2020,pres,366.0,1069.0,1489.0,1672,1,2011.0,0.25505226480836235,0.7449477351916376,0.8905502392344498,7.421775793644647,WA_Garfield,WA_2020,98,6,1,0,0,0,0,1
Grant,WA,2020,pres,11819.0,24764.0,37680.0,54901,1,2011.0,0.3230735587567996,0.6769264412432003,0.6863262964244732,10.91328684226798,WA_Grant,WA_2020,99,6,1,0,0,0,0,1
Grays Harbor,WA,2020,pres,17354.0,19877.0,38441.0,56380,1,2011.0,0.4661169455561226,0.5338830544438774,0.6818197942532813,10.939869764668103,WA_Grays Harbor,WA_2020,100,6,1,0,0,0,0,1
Island,WA,2020,pres,29213.0,22746.0,53925.0,65851,1,2011.0,0.5622317596566524,0.43776824034334766,0.8188941701720551,11.095149893084974,WA_Island,WA_2020,101,6,1,0,0,0,0,1
Jefferson,WA,2020,pres,17204.0,6931.0,24792.0,26836,1,2011.0,0.7128237000207168,0.2871762999792832,0.9238336562826055,10.197499548682778,WA_Jefferson,WA_2020,102,6,1,0,0,0,0,1
King,WA,2020,pres,907310.0,269167.0,1210507.0,1518570,1,2011.0,0.7712092969093318,0.22879070309066815,0.7971361214827107,14.233279660528602,WA_King,WA_2020,103,6,1,0,0,0,0,1
Kitsap,WA,2020,pres,90277.0,61563.0,158672.0,206555,1,2011.0,0.5945534773445732,0.40544652265542674,0.7681828084529544,12.23832199974567,WA_Kitsap,WA_2020,104,6,1,0,0,0,0,1
Kittitas,WA,2020,pres,11421.0,14105.0,26364.0,36398,1,2011.0,0.4474261537256131,0.5525738462743869,0.7243255123907907,10.502269107060352,WA_Kittitas,WA_2020,105,6,1,0,0,0,0,1
Klickitat,WA,2020,pres,5959.0,7237.0,13560.0,16457,1,2011.0,0.4515762352227948,0.5484237647772052,0.8239654858115087,9.708506197595383,WA_Klickitat,WA_2020,106,6,1,0,0,0,0,1
Lewis,WA,2020,pres,14520.0,29391.0,45309.0,59144,1,2011.0,0.3306688529070165,0.6693311470929836,0.7660793994318951,10.987730427236936,WA_Lewis,WA_2020,107,6,1,0,0,0,0,1
Lincoln,WA,2020,pres,1713.0,5150.0,7033.0,8267,1,2011.0,0.24959930059740637,0.7504006994025936,0.8507318253296238,9.020026965252676,WA_Lincoln,WA_2020,108,6,1,0,0,0,0,1
Mason,WA,2020,pres,17269.0,18710.0,37303.0,49143,1,2011.0,0.47997442952833597,0.520025570471664,0.7590704678184075,10.80248969427274,WA_Mason,WA_2020,109,6,1,0,0,0,0,1
Okanogan,WA,2020,pres,8900.0,11840.0,21282.0,29421,1,2011.0,0.42912246865959497,0.570877531340405,0.7233608646884878,10.28946398406043,WA_Okanogan,WA_2020,110,6,1,0,0,0,0,1
Pacific,WA,2020,pres,6794.0,6953.0,14064.0,17187,1,2011.0,0.4942169200552848,0.5057830799447152,0.8182928957933322,9.751908563076688,WA_Pacific,WA_2020,111,6,1,0,0,0,0,1
Pend Oreille,WA,2020,pres,2593.0,5728.0,8553.0,10633,1,2011.0,0.3116211993750751,0.6883788006249248,0.804382582526098,9.271717651651086,WA_Pend Oreille,WA_2020,112,6,1,0,0,0,0,1
Pierce,WA,2020,pres,249506.0,197730.0,464081.0,633996,1,2011.0,0.557884427908308,0.44211557209169206,0.7319935772465441,13.359797924251195,WA_Pierce,WA_2020,113,6,1,0,0,0,0,1
San Juan,WA,2020,pres,9725.0,3057.0,13197.0,13974,1,2011.0,0.7608355499921765,0.2391644500078235,0.9443967367969085,9.544953739112396,WA_San Juan,WA_2020,114,6,1,0,0,0,0,1
Skagit,WA,2020,pres,38252.0,32762.0,73423.0,91019,1,2011.0,0.5386543498465092,0.4613456501534909,0.8066777266285061,11.418823554913928,WA_Skagit,WA_2020,115,6,1,0,0,0,0,1
Skamania,WA,2020,pres,3192.0,3885.0,7312.0,9307,1,2011.0,0.45103857566765576,0.5489614243323442,0.7856452132803267,9.13852208418571,WA_Skamania,WA_2020,116,6,1,0,0,0,0,1
Snohomish,WA,2020,pres,256728.0,166428.0,438796.0,564473,1,2011.0,0.6066982389473385,0.3933017610526614,0.7773551613628995,13.243647831489968,WA_Snohomish,WA_2020,117,6,1,0,0,0,0,1
Spokane,WA,2020,pres,135765.0,148576.0,295430.0,383142,1,2011.0,0.4774724714339473,0.5225275285660528,0.7710718219354704,12.85616095662948,WA_Spokane,WA_2020,118,6,1,0,0,0,0,1
Stevens,WA,2020,pres,7839.0,19808.0,28430.0,34761,1,2011.0,0.2835389011465982,0.7164610988534018,0.8178706021115618,10.456251347665171,WA_Stevens,WA_2020,119,6,1,0,0,0,0,1
Thurston,WA,2020,pres,96608.0,65277.0,168134.0,211094,1,2011.0,0.5967693115483214,0.40323068845167864,0.7964887680369883,12.260058810883928,WA_Thurston,WA_2020,120,6,1,0,0,0,0,1
Wahkiakum,WA,2020,pres,1165.0,1741.0,2981.0,3493,1,2011.0,0.40089470061940813,0.5991052993805919,0.8534211279702262,8.158516244806831,WA_Wahkiakum,WA_2020,121,6,1,0,0,0,0,1
Walla Walla,WA,2020,pres,13690.0,16400.0,31261.0,44278,1,2011.0,0.4549684280491858,0.5450315719508142,0.7060165319120105,10.698243218684171,WA_Walla Walla,WA_2020,122,6,1,0,0,0,0,1
Whatcom,WA,2020,pres,83660.0,50489.0,138620.0,167025,1,2011.0,0.6236349134171705,0.3763650865828295,0.8299356383774884,12.025898780793678,WA_Whatcom,WA_2020,123,6,1,0,0,0,0,1
Whitman,WA,2020,pres,11184.0,9067.0,21126.0,38489,1,2011.0,0.5522690237519134,0.4477309762480865,0.548884096754917,10.55812776516606,WA_Whitman,WA_2020,124,6,1,0,0,0,0,1
Yakima,WA,2020,pres,43179.0,50555.0,96193.0,147553,1,2011.0,0.46065461838820493,0.5393453816117951,0.6519216823785352,11.901942712255208,WA_Yakima,WA_2020,125,6,1,0,0,0,0,1
Adams,WA,2022,sen,1333.0,3204.0,4537.0,9318,1,2011.0,0.2938064800528984,0.7061935199471016,0.48690706160120195,9.139703292376742,WA_Adams,WA_2022,87,7,0,1,0,0,0,1
Asotin,WA,2022,sen,3124.0,6001.0,9125.0,18096,1,2011.0,0.34235616438356165,0.6576438356164384,0.5042550839964633,9.803446198355902,WA_Asotin,WA_2022,88,7,0,1,0,0,0,1
Benton,WA,2022,sen,28452.0,49496.0,77948.0,136037,1,2011.0,0.36501257248422025,0.6349874275157797,0.5729911715195131,11.820682186540427,WA_Benton,WA_2022,89,7,0,1,0,0,0,1
Chelan,WA,2022,sen,14223.0,18650.0,32873.0,54641,1,2011.0,0.43266510510145106,0.5673348948985489,0.6016178327629436,10.90853979568774,WA_Chelan,WA_2022,90,7,0,1,0,0,0,1
Clallam,WA,2022,sen,18172.0,18910.0,37082.0,62285,1,2011.0,0.4900490804163745,0.5099509195836255,0.5953600385325519,11.039475905320193,WA_Clallam,WA_2022,91,7,0,1,0,0,0,1
Clark,WA,2022,sen,103148.0,103561.0,206709.0,344432,1,2011.0,0.4990010110832136,0.5009989889167864,0.6001445858689088,12.749651962434228,WA_Clark,WA_2022,92,7,0,1,0,0,0,1
Columbia,WA,2022,sen,491.0,1438.0,1929.0,3229,1,2011.0,0.2545360290305858,0.7454639709694142,0.5973985754103438,8.079927770758275,WA_Columbia,WA_2022,93,7,0,1,0,0,0,1
Cowlitz,WA,2022,sen,17596.0,28226.0,45822.0,82056,1,2011.0,0.3840076818995242,0.6159923181004757,0.5584235156478502,11.315157219987247,WA_Cowlitz,WA_2022,94,7,0,1,0,0,0,1
Douglas,WA,2022,sen,5742.0,10622.0,16364.0,27554,1,2011.0,0.35089220239550234,0.6491077976044977,0.5938883646657472,10.223902994604545,WA_Douglas,WA_2022,95,7,0,1,0,0,0,1
Ferry,WA,2022,sen,1092.0,2272.0,3364.0,6390,1,2011.0,0.32461355529131986,0.6753864447086801,0.5264475743348983,8.762489547371581,WA_Ferry,WA_2022,96,7,0,1,0,0,0,1
Franklin,WA,2022,sen,9806.0,14791.0,24597.0,48614,1,2011.0,0.39866650404520876,0.6013334959547912,0.5059653597729049,10.791666834249208,WA_Franklin,WA_2022,97,7,0,1,0,0,0,1
Garfield,WA,2022,sen,269.0,877.0,1146.0,1705,1,2011.0,0.23472949389179756,0.7652705061082025,0.6721407624633431,7.4413203897176174,WA_Garfield,WA_2022,98,7,0,1,0,0,0,1
Grant,WA,2022,sen,8688.0,20305.0,28993.0,55978,1,2011.0,0.29965853826785777,0.7003414617321423,0.517935617564043,10.932714035385844,WA_Grant,WA_2022,99,7,0,1,0,0,0,1
Grays Harbor,WA,2022,sen,12756.0,16298.0,29054.0,57486,1,2011.0,0.43904453775727953,0.5609554622427204,0.5054100128726995,10.959296718878928,WA_Grays Harbor,WA_2022,100,7,0,1,0,0,0,1
Island,WA,2022,sen,21474.0,18650.0,40124.0,67142,1,2011.0,0.5351909081846277,0.46480909181537233,0.5975991182866164,11.114565058591996,WA_Island,WA_2022,101,7,0,1,0,0,0,1
Jefferson,WA,2022,sen,12646.0,5683.0,18329.0,27362,1,2011.0,0.6899448960663429,0.31005510393365704,0.6698706234924348,10.216910468480059,WA_Jefferson,WA_2022,102,7,0,1,0,0,0,1
King,WA,2022,sen,666935.0,220701.0,887636.0,1548346,1,2011.0,0.7513609182142229,0.24863908178577707,0.5732801324768495,14.252697822368116,WA_King,WA_2022,103,7,0,1,0,0,0,1
Kitsap,WA,2022,sen,66360.0,50478.0,116838.0,210605,1,2011.0,0.5679659015046474,0.4320340984953525,0.5547731535338667,12.257739620090591,WA_Kitsap,WA_2022,104,7,0,1,0,0,0,1
Kittitas,WA,2022,sen,8395.0,11565.0,19960.0,37112,1,2011.0,0.4205911823647295,0.5794088176352705,0.5378314291873248,10.52169564643158,WA_Kittitas,WA_2022,105,7,0,1,0,0,0,1
Klickitat,WA,2022,sen,4380.0,5934.0,10314.0,16780,1,2011.0,0.4246655031995346,0.5753344968004653,0.6146603098927295,9.727942980021197,WA_Klickitat,WA_2022,106,7,0,1,0,0,0,1
Lewis,WA,2022,sen,10673.0,24099.0,34772.0,60304,1,2011.0,0.3069423674220637,0.6930576325779363,0.5766118333775537,11.007153715506917,WA_Lewis,WA_2022,107,7,0,1,0,0,0,1
Lincoln,WA,2022,sen,1259.0,4223.0,5482.0,8429,1,2011.0,0.22966070777088654,0.7703392922291135,0.6503737098113656,9.039433419997483,WA_Lincoln,WA_2022,108,7,0,1,0,0,0,1
Mason,WA,2022,sen,12694.0,15341.0,28035.0,50107,1,2011.0,0.45279115391474944,0.5472088460852506,0.5595026642984015,10.82191599787183,WA_Mason,WA_2022,109,7,0,1,0,0,0,1
Okanogan,WA,2022,sen,6542.0,9708.0,16250.0,29998,1,2011.0,0.4025846153846154,0.5974153846153846,0.5417027801853457,10.308885991755306,WA_Okanogan,WA_2022,110,7,0,1,0,0,0,1
Pacific,WA,2022,sen,4994.0,5701.0,10695.0,17524,1,2011.0,0.4669471715755026,0.5330528284244974,0.6103058662405844,9.771326648933789,WA_Pacific,WA_2022,111,7,0,1,0,0,0,1
Pend Oreille,WA,2022,sen,1906.0,4697.0,6603.0,10842,1,2011.0,0.28865667121005606,0.711343328789944,0.6090204759269507,9.291182759820284,WA_Pend Oreille,WA_2022,112,7,0,1,0,0,0,1
Pierce,WA,2022,sen,183404.0,162127.0,345531.0,646427,1,2011.0,0.530788843837456,0.46921115616254405,0.5345243933189672,13.37921555511867,WA_Pierce,WA_2022,113,7,0,1,0,0,0,1
San Juan,WA,2022,sen,7149.0,2507.0,9656.0,14248,1,2011.0,0.7403686826843413,0.25963131731565864,0.6777091521617069,9.564371824969498,WA_San Juan,WA_2022,114,7,0,1,0,0,0,1
Skagit,WA,2022,sen,28118.0,26863.0,54981.0,92804,1,2011.0,0.5114130335934232,0.48858696640657684,0.5924421361148227,11.43824502129364,WA_Skagit,WA_2022,115,7,0,1,0,0,0,1
Skamania,WA,2022,sen,2346.0,3185.0,5531.0,9490,1,2011.0,0.42415476405713254,0.5758452359428675,0.5828240252897787,9.157993891603974,WA_Skamania,WA_2022,116,7,0,1,0,0,0,1
Snohomish,WA,2022,sen,188713.0,136461.0,325174.0,575541,1,2011.0,0.5803446770036965,0.41965532299630354,0.5649884195913063,13.26306574700437,WA_Snohomish,WA_2022,117,7,0,1,0,0,0,1
Spokane,WA,2022,sen,99797.0,121824.0,221621.0,390655,1,2011.0,0.4503047996354136,0.5496952003645864,0.56730619088454,12.875580096523834,WA_Spokane,WA_2022,118,7,0,1,0,0,0,1
Stevens,WA,2022,sen,5762.0,16241.0,22003.0,35443,1,2011.0,0.2618733809026042,0.7381266190973959,0.6207995937138504,10.475681051249266,WA_Stevens,WA_2022,119,7,0,1,0,0,0,1
Thurston,WA,2022,sen,71013.0,53523.0,124536.0,215233,1,2011.0,0.5702206590865292,0.4297793409134708,0.5786101573643447,12.279476441238419,WA_Thurston,WA_2022,120,7,0,1,0,0,0,1
Wahkiakum,WA,2022,sen,856.0,1428.0,2284.0,3562,1,2011.0,0.37478108581436076,0.6252189141856392,0.6412128017967434,8.178077463849608,WA_Wahkiakum,WA_2022,121,7,0,1,0,0,0,1
Walla Walla,WA,2022,sen,10063.0,13447.0,23510.0,45146,1,2011.0,0.42803062526584434,0.5719693747341557,0.5207548841536349,10.717656961343524,WA_Walla Walla,WA_2022,122,7,0,1,0,0,0,1
Whatcom,WA,2022,sen,61496.0,41398.0,102894.0,170300,1,2011.0,0.597663614982409,0.4023363850175909,0.6041926012918379,12.04531686665078,WA_Whatcom,WA_2022,123,7,0,1,0,0,0,1
Whitman,WA,2022,sen,8221.0,7434.0,15655.0,39244,1,2011.0,0.5251357393803896,0.47486426061961035,0.39891448374273775,10.577553845283282,WA_Whitman,WA_2022,124,7,0,1,0,0,0,1
Yakima,WA,2022,sen,31740.0,41452.0,73192.0,150446,1,2011.0,0.4336539512515029,0.5663460487484971,0.48650013958496735,11.921359494798804,WA_Yakima,WA_2022,125,7,0,1,0,0,0,1
Adams,WA,2024,pres,1455.0,3767.0,5345.0,9497,1,2011.0,0.2786288778245883,0.7213711221754118,0.5628093082025903,9.158731238242952,WA_Adams,WA_2024,87,8,0,0,1,0,0,1
Asotin,WA,2024,pres,4082.0,7004.0,11396.0,18444,1,2011.0,0.36821215948042574,0.6317878405195743,0.6178703101279549,9.822494393326597,WA_Asotin,WA_2024,88,8,0,0,1,0,0,1
Benton,WA,2024,pres,37662.0,59555.0,99947.0,138653,1,2011.0,0.3874013804170053,0.6125986195829948,0.7208426792063641,11.839729688025855,WA_Benton,WA_2024,89,8,0,0,1,0,0,1
Chelan,WA,2024,pres,18397.0,22363.0,41893.0,55692,1,2011.0,0.4513493621197252,0.5486506378802748,0.7522265316382963,10.927591789029176,WA_Chelan,WA_2024,90,8,0,0,1,0,0,1
Clallam,WA,2024,pres,25440.0,21632.0,48390.0,63483,1,2011.0,0.540448674371176,0.45955132562882395,0.7622513113746987,11.058527432502881,WA_Clallam,WA_2024,91,8,0,0,1,0,0,1
Clark,WA,2024,pres,143206.0,123998.0,274795.0,351056,1,2011.0,0.5359425757099444,0.46405742429005553,0.7827668520122145,12.768701033881731,WA_Clark,WA_2024,92,8,0,0,1,0,0,1
Columbia,WA,2024,pres,661.0,1737.0,2476.0,3291,1,2011.0,0.2756463719766472,0.7243536280233528,0.7523549073230021,8.098946748943339,WA_Columbia,WA_2024,93,8,0,0,1,0,0,1
Cowlitz,WA,2024,pres,22825.0,34580.0,59020.0,83634,1,2011.0,0.3976134483058967,0.6023865516941033,0.7056938565655116,11.33420541495794,WA_Cowlitz,WA_2024,94,8,0,0,1,0,0,1
Douglas,WA,2024,pres,7410.0,13095.0,21069.0,28084,1,2011.0,0.36137527432333577,0.6386247256766642,0.7502136447799459,10.24295529813714,WA_Douglas,WA_2024,95,8,0,0,1,0,0,1
Ferry,WA,2024,pres,1315.0,2667.0,4096.0,6513,1,2011.0,0.3302360622802612,0.6697639377197389,0.6288960540457547,8.781555458546402,WA_Ferry,WA_2024,96,8,0,0,1,0,0,1
Franklin,WA,2024,pres,11884.0,19086.0,31739.0,49549,1,2011.0,0.38372618663222474,0.6162738133677753,0.6405578316414055,10.810717357919769,WA_Franklin,WA_2024,97,8,0,0,1,0,0,1
Garfield,WA,2024,pres,330.0,973.0,1343.0,1738,1,2011.0,0.25326170376055257,0.7467382962394474,0.7727272727272727,7.460490305825338,WA_Garfield,WA_2024,98,8,0,0,1,0,0,1
Grant,WA,2024,pres,10806.0,24326.0,36069.0,57054,1,2011.0,0.30758283046794943,0.6924171695320506,0.6321905563150699,10.9517534667675,WA_Grant,WA_2024,99,8,0,0,1,0,0,1
Grays Harbor,WA,2024,pres,17161.0,19432.0,37638.0,58591,1,2011.0,0.4689694750362091,0.5310305249637909,0.6423853492857264,10.978336380152186,WA_Grays Harbor,WA_2024,100,8,0,0,1,0,0,1
Island,WA,2024,pres,29595.0,20967.0,52075.0,68433,1,2011.0,0.5853209920493652,0.41467900795063484,0.7609632779506963,11.133610443406448,WA_Island,WA_2024,101,8,0,0,1,0,0,1
Jefferson,WA,2024,pres,17459.0,6324.0,24572.0,27888,1,2011.0,0.73409578270193,0.26590421729807007,0.8810958118187033,10.235951767759802,WA_Jefferson,WA_2024,102,8,0,0,1,0,0,1
King,WA,2024,pres,832606.0,252193.0,1122881.0,1578122,1,2011.0,0.7675209877590227,0.23247901224097736,0.711529907066754,14.271746090453956,WA_King,WA_2024,103,8,0,0,1,0,0,1
Kitsap,WA,2024,pres,91731.0,59080.0,155893.0,214655,1,2011.0,0.6082513874982595,0.3917486125017406,0.7262490973888333,12.276787367115398,WA_Kitsap,WA_2024,104,8,0,0,1,0,0,1
Kittitas,WA,2024,pres,10810.0,14645.0,26309.0,37826,1,2011.0,0.4246709880180711,0.5753290119819289,0.6955268862687041,10.5407519758484,WA_Kittitas,WA_2024,105,8,0,0,1,0,0,1
Klickitat,WA,2024,pres,5917.0,7178.0,13527.0,17103,1,2011.0,0.45185185185185184,0.5481481481481482,0.7909138747588143,9.74700916569969,WA_Klickitat,WA_2024,106,8,0,0,1,0,0,1
Lewis,WA,2024,pres,14433.0,29322.0,45112.0,61464,1,2011.0,0.32985944463489886,0.6701405553651011,0.7339580892880385,11.026206916547471,WA_Lewis,WA_2024,107,8,0,0,1,0,0,1
Lincoln,WA,2024,pres,1678.0,5272.0,7107.0,8591,1,2011.0,0.2414388489208633,0.7585611510791367,0.8272610871842626,9.058470422638056,WA_Lincoln,WA_2024,108,8,0,0,1,0,0,1
Mason,WA,2024,pres,17215.0,18127.0,36502.0,51070,1,2011.0,0.4870975043857167,0.5129024956142832,0.7147444683767378,10.84095251964169,WA_Mason,WA_2024,109,8,0,0,1,0,0,1
Okanogan,WA,2024,pres,8466.0,11555.0,20617.0,30575,1,2011.0,0.42285600119874134,0.5771439988012587,0.6743090760425184,10.327937960555372,WA_Okanogan,WA_2024,110,8,0,0,1,0,0,1
Pacific,WA,2024,pres,6825.0,7010.0,14178.0,17861,1,2011.0,0.493314058547163,0.506685941452837,0.7937965399473713,9.790374843904484,WA_Pacific,WA_2024,111,8,0,0,1,0,0,1
Pend Oreille,WA,2024,pres,2461.0,5826.0,8497.0,11050,1,2011.0,0.29697115964764087,0.7030288403523591,0.7689592760180995,9.3101857069459,WA_Pend Oreille,WA_2024,112,8,0,0,1,0,0,1
Pierce,WA,2024,pres,235169.0,188194.0,436685.0,658858,1,2011.0,0.5554783956084968,0.4445216043915033,0.6627907682687316,13.398263312268961,WA_Pierce,WA_2024,113,8,0,0,1,0,0,1
San Juan,WA,2024,pres,9539.0,2890.0,12939.0,14522,1,2011.0,0.7674792823235981,0.23252071767640195,0.8909929761740807,9.583420019940192,WA_San Juan,WA_2024,114,8,0,0,1,0,0,1
Skagit,WA,2024,pres,36956.0,30765.0,69837.0,94589,1,2011.0,0.545709602634338,0.45429039736566207,0.7383205235281058,11.457296469209266,WA_Skagit,WA_2024,115,8,0,0,1,0,0,1
Skamania,WA,2024,pres,3147.0,3961.0,7314.0,9672,1,2011.0,0.4427405740011255,0.5572594259988745,0.7562034739454094,9.176990392294629,WA_Skamania,WA_2024,116,8,0,0,1,0,0,1
Snohomish,WA,2024,pres,240099.0,161371.0,415327.0,586609,1,2011.0,0.5980496674720402,0.40195033252795975,0.7080133444935213,13.282113778060365,WA_Snohomish,WA_2024,117,8,0,0,1,0,0,1
Spokane,WA,2024,pres,131163.0,145338.0,284958.0,398167,1,2011.0,0.4743671813121833,0.5256328186878166,0.7156745787571547,12.894626794249906,WA_Spokane,WA_2024,118,8,0,0,1,0,0,1
Stevens,WA,2024,pres,7492.0,19895.0,28095.0,36124,1,2011.0,0.27356044838792126,0.7264395516120787,0.7777377920496069,10.49471274337069,WA_Stevens,WA_2024,119,8,0,0,1,0,0,1
Thurston,WA,2024,pres,95663.0,62282.0,163637.0,219372,1,2011.0,0.6056728608059767,0.39432713919402324,0.7459338475283992,12.298524197895086,WA_Thurston,WA_2024,120,8,0,0,1,0,0,1
Wahkiakum,WA,2024,pres,1204.0,1757.0,3053.0,3630,1,2011.0,0.4066193853427896,0.5933806146572104,0.8410468319559229,8.196987927258897,WA_Wahkiakum,WA_2024,121,8,0,0,1,0,0,1
Walla Walla,WA,2024,pres,13106.0,15476.0,29373.0,46014,1,2011.0,0.45854034007417255,0.5414596599258275,0.6383491980701526,10.736700976992914,WA_Walla Walla,WA_2024,122,8,0,0,1,0,0,1
Whatcom,WA,2024,pres,83295.0,49213.0,137006.0,173575,1,2011.0,0.6286035560117125,0.3713964439882875,0.7893187382975659,12.064365061621475,WA_Whatcom,WA_2024,123,8,0,0,1,0,0,1
Whitman,WA,2024,pres,10480.0,8699.0,19845.0,39999,1,2011.0,0.546430992231086,0.4535690077689139,0.4961374034350859,10.596609732783568,WA_Whitman,WA_2024,124,8,0,0,1,0,0,1
Yakima,WA,2024,pres,36706.0,49368.0,88280.0,153339,1,2011.0,0.4264470107117132,0.5735529892882868,0.5757178539053992,11.940406435636032,WA_Yakima,WA_2024,125,8,0,0,1,0,0,1
